"STATE","ST_CASE","VE_TOTAL","VE_FORMS","PVH_INVL","PEDS","PERNOTMVIT","PERMVIT","PERSONS","COUNTY","CITY","DAY","MONTH","YEAR","DAY_WEEK","HOUR","MINUTE","NHS","ROAD_FNC","ROUTE","TWAY_ID","TWAY_ID2","MILEPT","LATITUDE","LONGITUD","SP_JUR","HARM_EV","MAN_COLL","RELJCT1","RELJCT2","TYP_INT","REL_ROAD","WRK_ZONE","LGT_COND","WEATHER1","WEATHER2","WEATHER","SCH_BUS","RAIL","NOT_HOUR","NOT_MIN","ARR_HOUR","ARR_MIN","HOSP_HR","HOSP_MN","CF1","CF2","CF3","FATALS","DRUNK_DR"
48,482663,1,1,0,0,0,1,1,53,0,21,12,2011,4,16,26,0,4,8,"RM 963                        ","                              ",93,30.85210833,-98.13266111,0,1,0,0,1,1,4,0,1,10,0,10,0,"0000000",88,88,88,88,88,88,0,0,0,1,0
48,482664,2,2,0,0,0,2,2,313,0,22,12,2011,5,14,45,0,4,8,"FM 39                         ","                              ",17,31.00298333,-96.11033889,0,12,6,0,1,1,1,0,1,1,0,1,0,"0000000",88,88,88,88,88,88,0,0,0,1,0
48,482665,1,1,0,0,0,1,1,357,0,22,12,2011,5,18,34,0,3,2,"US-83                         ","                              ",254,36.16773333,-100.68400833,0,1,0,0,1,1,4,0,2,3,0,3,0,"0000000",88,88,88,88,88,88,0,0,0,1,0
48,482666,1,1,0,1,1,1,1,453,330,23,12,2011,6,18,46,1,11,1,"I-35                          ","                              ",45,30.16025278,-97.78953889,0,8,0,0,1,1,1,0,3,1,0,1,0,"0000000",88,88,88,88,88,88,0,0,0,1,0
48,482667,2,1,1,0,0,2,2,201,0,26,12,2011,2,0,2,0,14,8,"FM 2920                       ","                              ",99,30.09893333,-95.58360833,0,59,0,0,1,1,4,0,2,2,0,2,0,"0000000",0,8,0,16,1,10,0,0,0,1,1
48,482668,1,1,0,1,1,1,1,61,3030,25,12,2011,1,0,6,1,13,2,"US-77                         ","                              ",151,26.157475,-97.67783889,0,8,0,0,1,1,1,0,3,2,0,2,0,"0000000",88,88,88,88,88,88,0,0,0,1,0
48,482669,1,1,0,0,0,2,2,65,0,25,12,2011,1,5,47,1,1,1,"I-40                          ","                              ",70,35.20835,-101.13992778,0,1,0,1,19,1,10,0,2,4,0,4,0,"0000000",88,88,88,88,88,88,0,0,0,1,0
48,482670,1,1,0,0,0,2,2,375,0,25,12,2011,1,7,45,1,11,1,"I-40                          ","                              ",293,35.20674167,-101.65243611,0,1,0,1,19,1,10,0,2,4,0,4,0,"0000000",7,48,8,7,8,44,0,0,0,1,0
48,482671,1,1,0,1,1,1,1,439,3840,25,12,2011,1,6,29,1,12,3,"SR-199                        ","ROBERTS CUT-OFF RD            ",105,32.80412222,-97.41199167,0,8,0,0,2,2,1,0,6,2,0,2,0,"0000000",6,32,6,38,7,10,0,0,0,1,0
48,482672,2,2,0,0,0,6,6,163,0,26,12,2011,2,18,28,0,3,2,"US-57                         ","                              ",140,29.00615556,-99.21215556,0,12,6,0,1,1,1,0,2,1,0,1,0,"0000000",18,58,19,24,19,59,0,0,0,1,0
48,482673,1,1,0,1,1,1,1,273,3700,27,12,2011,3,15,22,0,16,5,"6TH                           ","KLEBERG AVE                   ",0,27.51662778,-97.86764444,0,15,0,0,2,2,1,0,1,1,0,1,0,"0000000",99,99,99,99,99,99,0,0,0,1,0
48,482674,1,1,0,1,1,1,1,439,2450,28,12,2011,4,5,0,1,11,1,"I-35 RAMP                     ","                              ",51,32.72322778,-97.32078056,0,8,0,1,5,1,1,0,2,1,0,1,0,"0000000",88,88,88,88,88,88,0,0,0,1,0
48,482675,1,1,0,0,0,2,2,339,0,30,12,2011,6,2,20,0,3,8,"FM 1488                       ","                              ",66,30.22855833,-95.70737222,0,52,0,0,1,1,4,0,2,1,0,1,0,"0000000",2,23,2,32,3,26,0,0,0,1,1
48,482676,1,1,0,1,1,1,1,361,7200,30,12,2011,6,3,0,0,14,8,"FM 1132                       ","                              ",32,30.14326111,-93.97241944,0,8,0,0,1,1,1,0,3,1,0,1,0,"0000000",88,88,88,88,88,88,0,0,0,1,1
48,482677,2,2,0,0,0,4,4,185,0,31,12,2011,7,16,0,0,3,3,"SR-90                         ","                              ",136,30.65780556,-95.96415833,0,12,2,0,1,1,1,0,1,1,0,1,0,"0000000",16,3,16,10,17,6,20,0,0,1,0
48,482678,2,2,0,0,0,2,2,201,0,31,12,2011,7,4,20,0,14,8,"FM 525                        ","CHRISMAN RD                   ",29,29.9323,-95.36383333,0,12,6,0,2,3,1,0,3,5,0,5,0,"0000000",4,27,4,32,5,3,0,0,0,1,1
48,482679,2,2,0,0,0,3,3,245,0,31,12,2011,7,13,0,0,4,8,"FM 365                        ","                              ",90,29.91305833,-94.10941111,0,12,1,0,1,1,1,0,1,1,0,1,0,"0000000",99,99,99,99,99,99,0,0,0,1,0
48,482680,1,1,0,0,0,3,3,251,1030,31,12,2011,7,3,20,1,11,7,"I-35                          ","                              ",207,32.51859167,-97.30507222,0,30,0,0,1,1,4,0,2,1,0,1,0,"0000000",3,23,3,28,3,58,0,0,0,2,0
48,482681,2,2,0,0,0,2,2,457,0,31,12,2011,7,19,28,1,2,2,"US-69                         ","                              ",49,30.71398611,-94.4149,0,12,2,0,1,1,1,0,2,1,0,1,0,"0000000",19,32,19,36,20,5,0,0,0,1,0
48,482682,1,1,0,1,1,1,1,343,0,15,12,2011,5,5,40,0,3,3,"SR-49                         ","                              ",9,33.08281667,-94.80488333,0,8,0,0,1,1,1,0,2,2,0,2,0,"0000000",88,88,88,88,88,88,19,0,0,1,0
48,482683,2,2,0,0,0,2,2,133,1330,17,12,2011,7,10,33,1,1,7,"I-20                          ","SR-206                        ",65,32.37448611,-99.00556111,0,12,6,0,2,2,1,0,1,1,0,1,0,"0000000",88,88,88,88,88,88,0,0,0,1,0
48,482684,1,1,0,1,1,1,1,29,6090,19,12,2011,2,22,40,0,16,5,"BABCOCK RD                    ","                              ",0,29.52529167,-98.60053611,0,8,0,0,1,1,1,0,2,1,0,1,0,"0000000",99,99,99,99,99,99,0,0,0,1,0
48,482685,2,2,0,0,0,2,2,85,92,19,12,2011,2,1,48,0,16,5,"SAM RAYBURN TOLLWAY           ","                              ",0,33.12831667,-96.72306944,0,12,6,0,1,1,1,0,2,10,0,10,0,"0000000",88,88,88,88,88,88,19,0,0,1,1
48,482686,2,2,0,0,0,4,4,453,0,19,12,2011,2,16,12,0,6,4,"BARTON CREEK BLVD             ","                              ",0,30.29744722,-97.85654167,0,12,6,0,1,1,1,0,1,2,0,2,0,"0000000",16,15,16,21,17,10,0,0,0,1,0
48,482687,1,1,0,0,0,1,1,201,3280,28,12,2011,4,9,5,1,11,1,"I-610                         ","                              ",51,29.71458889,-95.26641944,0,26,0,0,5,1,4,0,1,1,0,1,0,"0000000",88,88,88,88,88,88,0,0,0,1,0
48,482688,1,1,0,0,0,15,15,381,0,30,12,2011,6,13,47,1,1,1,"I-27                          ","                              ",154,34.96693056,-101.86979722,0,1,0,0,1,1,2,0,1,1,0,1,0,"0000000",13,52,14,12,15,0,0,0,0,3,0
48,482689,2,2,0,0,0,3,3,469,0,30,12,2011,6,14,40,1,13,2,"US-77                         ","                              ",101,28.76793611,-97.09424167,0,12,6,0,1,1,1,0,1,1,0,1,0,"0000000",14,50,14,58,15,56,0,0,0,1,0
48,482690,1,1,0,0,0,1,1,113,1730,31,12,2011,7,20,51,1,11,7,"I-20                          ","KIRNWOOD DR                   ",111,32.65143056,-96.86986667,0,1,0,0,2,3,1,0,3,1,0,1,0,"0000000",20,55,20,58,99,99,0,0,0,1,1
48,482691,1,1,0,0,0,1,1,29,1209,11,4,2011,2,2,37,1,11,7,"I-410                         ","FM 1535                       ",194,29.52099444,-98.51077222,0,21,0,1,3,3,10,0,3,2,0,2,0,"0000000",2,44,2,48,3,31,0,0,0,1,0
48,482692,1,1,0,1,1,1,1,141,9997,10,5,2011,3,21,17,1,13,8,"FM-76                         ","RIO VISTA RD                  ",108,31.65907778,-106.27364722,0,8,0,0,3,2,1,0,2,1,0,1,0,"0000000",88,88,88,88,88,88,0,0,0,1,1
48,482693,1,1,0,0,0,5,5,197,0,18,9,2011,1,18,57,0,6,4,"MAYFIELD ROAD                 ","                              ",0,34.31516111,-99.75542222,0,1,0,0,1,1,1,0,1,1,0,1,0,"0000000",18,58,19,6,19,21,0,0,0,1,0
48,482694,3,2,1,0,0,3,3,479,3899,18,9,2011,1,6,45,0,16,5,"CORPUS CHRISTI ST             ","LOGAN AVE                     ",0,27.50838056,-99.488625,0,12,6,0,2,2,1,0,1,1,0,1,0,"0000000",99,99,99,99,99,99,0,0,0,1,1
48,482695,1,1,0,0,0,2,2,27,3027,1,10,2011,7,0,41,0,16,5,"MOUNTAIN LION RD              ","                              ",0,31.06027778,-97.67730833,0,1,0,0,1,1,4,0,2,1,0,1,0,"0000000",0,50,0,59,1,34,0,0,0,1,1
48,482160,2,2,0,0,0,4,4,453,0,29,10,2011,7,16,37,0,6,4,"SPICEWOOD SPRINGS RD          ","YAUPON DR                     ",0,30.39094444,-97.77679722,0,12,6,0,2,3,1,0,1,1,0,1,0,"0000000",88,88,88,88,88,88,0,0,0,1,1
48,482161,2,2,0,0,0,3,3,257,6830,18,8,2011,5,17,14,1,13,2,"US-80                         ","                              ",161,32.73474167,-96.263725,0,12,1,0,8,1,1,0,1,1,0,1,0,"0000000",17,22,17,30,17,48,0,0,0,2,0
48,482162,1,1,0,0,0,1,1,439,2450,28,8,2011,1,18,20,0,16,5,"RIVERSIDE DR                  ","                              ",0,32.87011667,-97.30318611,0,42,0,0,1,1,5,0,1,1,0,1,0,"0000000",88,88,88,88,88,88,0,0,0,1,0
48,482163,1,1,0,0,0,1,1,303,4140,5,9,2011,2,21,28,0,16,5,"39TH ST                       ","                              ",0,33.55835278,-101.90760278,0,42,0,0,1,1,5,0,2,1,0,1,0,"0000000",88,88,88,88,88,88,0,0,0,1,0
48,482164,1,1,0,1,1,1,1,439,2450,15,9,2011,5,8,35,0,16,5,"CROMART CT                    ","                              ",0,32.67403333,-97.36781944,0,8,0,0,1,1,1,0,1,10,0,10,0,"0000000",8,40,8,42,8,58,0,0,0,1,0
48,482165,1,1,0,1,1,1,1,439,2450,17,9,2011,7,2,15,1,13,8,"BU 287P                       ","                              ",74,32.68134444,-97.27575,0,8,0,0,1,1,1,0,3,1,0,1,0,"0000000",88,88,88,88,88,88,0,0,0,1,0
48,482166,2,2,0,0,0,2,2,339,0,4,10,2011,3,1,5,0,3,8,"FM 1314                       ","                              ",135,30.17138333,-95.32005,0,12,2,0,1,1,1,0,2,1,0,1,0,"0000000",88,88,88,88,88,88,0,0,0,1,0
48,482167,2,2,0,0,0,2,2,479,0,6,10,2011,5,7,15,0,5,8,"FM 1472                       ","                              ",105,27.75634167,-99.75906944,0,12,2,0,1,1,1,0,1,1,0,1,0,"0000000",99,99,99,99,99,99,0,0,0,1,0
48,482168,2,2,0,0,0,3,3,15,0,7,10,2011,6,6,3,1,2,3,"SR-36                         ","                              ",23,29.84599444,-96.17560833,0,12,2,0,1,1,1,1,2,10,0,10,0,"0000000",6,27,6,49,7,25,0,0,0,1,0
48,482169,1,1,0,0,0,2,2,39,0,9,10,2011,1,6,18,0,6,4,"208                           ","                              ",0,29.18951944,-95.29318056,0,53,0,0,1,1,4,0,2,2,0,2,0,"0000000",6,25,6,58,8,2,0,0,0,1,1
48,482170,1,1,0,0,0,2,2,453,0,9,10,2011,1,0,29,0,6,4,"LITTIG                        ","                              ",0,30.32370556,-97.4642,0,42,0,0,1,1,5,0,2,10,0,10,0,"0000000",0,14,0,30,99,99,0,0,0,1,1
48,482171,2,2,0,0,0,2,2,201,0,12,10,2011,4,6,15,0,6,4,"ADDICKS SATSUMA               ","                              ",0,29.86264444,-95.63287778,0,12,2,0,1,1,1,0,2,1,0,1,0,"0000000",6,31,6,36,7,13,0,0,0,1,1
48,482172,1,1,0,0,0,2,2,223,0,12,10,2011,4,1,50,0,3,3,"SR-11                         ","                              ",204,33.16618056,-95.69738333,0,11,0,0,1,1,1,0,2,1,0,1,0,"0000000",1,53,2,4,2,38,0,0,0,1,0
48,482173,2,2,0,0,0,2,2,309,7210,13,10,2011,5,19,5,0,16,5,"IMPERIAL DR                   ","OLD HEWITT RD                 ",0,31.49190278,-97.20813333,0,12,6,0,2,2,1,0,3,1,0,1,0,"0000000",99,99,99,99,99,99,0,0,0,1,0
48,482174,2,2,0,0,0,2,2,201,0,14,10,2011,6,2,20,0,6,4,"N SAM HOUSTON TOLLWAY         ","                              ",0,29.93751389,-95.47805,0,25,0,0,1,1,1,0,3,1,0,1,0,"0000000",88,88,88,88,88,88,0,0,0,2,0
48,482175,1,1,0,0,0,1,1,371,0,15,10,2011,7,4,25,0,4,8,"FM 1053                       ","                              ",230,31.02641111,-102.81593056,0,38,0,0,1,1,4,0,2,1,0,1,0,"0000000",99,99,99,99,99,99,0,0,0,1,1
48,482176,1,1,0,1,1,1,1,201,3280,16,10,2011,1,2,50,0,16,5,"S POST OAK RD                 ","                              ",0,29.64572222,-95.46346667,0,8,0,0,1,1,1,0,3,1,0,1,0,"0000000",88,88,88,88,88,88,23,0,0,1,0
48,482177,1,1,0,1,1,2,2,201,3280,16,10,2011,1,3,13,1,11,1,"I-45                          ","NEYLAND                       ",286,29.82623333,-95.38019167,0,18,0,0,1,1,4,1,3,1,0,1,0,"0000000",88,88,88,88,88,88,0,0,0,1,1
48,482178,3,3,0,0,0,4,4,221,2780,16,10,2011,1,11,9,1,13,2,"US-377                        ","N TEMPLE HALL HWY             ",86,32.46372222,-97.71446944,0,12,6,0,2,3,1,0,1,1,0,1,0,"0000000",11,13,11,26,12,5,0,0,0,1,0
48,482179,1,1,0,1,1,1,1,437,0,16,10,2011,1,15,47,0,4,2,"US-87                         ","                              ",292,34.40726944,-101.75882778,0,9,0,0,1,1,1,0,1,1,0,1,0,"0000000",99,99,99,99,99,99,0,0,0,1,0
48,482180,2,2,0,0,0,2,2,113,4530,19,10,2011,4,11,34,1,11,7,"I-30                          ","MOTLEY DR                     ",227,32.81012222,-96.65513889,0,12,2,1,2,2,1,0,1,1,0,1,0,"0000000",11,36,11,42,11,59,0,0,0,1,1
48,482181,1,1,0,1,1,2,2,201,0,19,10,2011,4,7,15,0,6,4,"SKINNER RD                    ","CYPRESS ORCHARD LN            ",0,29.98376944,-95.68732778,0,8,0,0,3,3,1,0,1,1,0,1,0,"0000000",99,99,99,99,99,99,0,0,0,1,0
48,482182,1,1,0,0,0,1,1,283,0,19,10,2011,4,16,56,0,5,8,"FM 469                        ","                              ",181,28.53534444,-99.08126667,0,1,0,0,1,1,1,0,1,1,0,1,0,"0000000",88,88,88,88,88,88,0,0,0,1,0
48,482183,2,2,0,0,0,2,2,297,0,19,10,2011,4,19,12,0,3,3,"SR-72                         ","                              ",88,28.464725,-98.20871944,0,12,2,0,1,1,1,0,1,2,0,2,0,"0000000",99,99,99,99,99,99,0,0,0,1,0
48,482184,2,2,0,0,0,6,6,25,0,20,10,2011,5,6,50,0,3,3,"SR-72                         ","                              ",67,28.67325556,-98.00208056,0,12,2,0,1,1,1,0,4,1,0,1,0,"0000000",7,14,7,37,8,10,0,0,0,1,0
48,482185,1,1,0,0,0,1,1,281,0,20,10,2011,5,18,15,0,5,8,"FM 3415                       ","                              ",47,31.15915,-98.40193333,0,59,0,0,1,1,4,0,1,1,0,1,0,"0000000",18,31,19,9,19,45,0,0,0,1,0
48,482186,1,1,0,1,1,1,1,113,1730,22,10,2011,7,2,6,0,16,5,"SKILLMAN ST                   ","                              ",0,32.88722778,-96.73291944,0,8,0,0,1,1,1,1,3,1,0,1,0,"0000000",99,99,99,99,88,88,0,0,0,1,0
48,482187,1,1,0,0,0,1,1,183,4080,22,10,2011,7,16,54,0,14,8,"FM 2206                       ","                              ",25,32.494225,-94.81078333,0,32,0,0,1,1,4,0,1,1,0,1,0,"0000000",16,54,16,57,17,16,0,0,0,1,1
48,482188,2,2,0,0,0,3,3,201,0,22,10,2011,7,2,44,0,6,4,"VETERANS MEMORIAL DR          ","FRICK RD                      ",0,29.92335,-95.442,0,12,6,0,2,4,1,0,2,1,0,1,0,"0000000",2,43,2,53,3,33,0,0,0,1,1
48,482189,1,1,0,0,0,2,2,355,0,22,10,2011,7,1,15,0,6,4,"RIVER LN                      ","                              ",0,27.87409444,-97.61810833,0,42,0,0,1,1,4,0,2,1,0,1,0,"0000000",99,99,99,99,99,99,0,0,0,1,1
48,482190,1,1,0,0,0,4,4,439,2800,22,10,2011,7,23,30,1,12,3,"SR-360                        ","                              ",211,32.620975,-97.07340833,0,33,0,0,1,1,3,0,2,1,0,1,0,"0000000",23,37,23,49,0,20,0,0,0,2,0
48,482191,1,1,0,0,0,1,1,247,0,23,10,2011,1,9,57,0,4,8,"FM649                         ","                              ",64,27.18342222,-98.93405833,0,1,0,0,1,1,4,0,1,1,0,1,0,"0000000",88,88,88,88,88,88,0,0,0,1,0
48,482192,3,2,1,0,0,6,6,303,0,23,10,2011,1,12,30,1,2,2,"US-62                         ","                              ",394,33.66661389,-101.61083611,0,12,1,0,8,1,1,0,1,1,0,1,0,"0000000",12,38,12,53,13,24,0,0,0,1,0
48,482696,1,1,0,0,0,1,1,85,92,1,11,2011,3,16,35,0,14,8,"FM 2170                       ","                              ",1,33.10013889,-96.61880833,0,1,0,0,1,1,1,0,1,1,0,1,0,"0000000",16,45,16,56,17,30,0,0,0,1,0
48,482697,1,1,0,0,0,1,1,185,0,6,11,2011,1,0,56,1,2,3,"SR-105                        ","                              ",46,30.36125278,-96.00936111,0,1,0,0,1,1,4,0,2,1,0,1,0,"0000000",88,88,88,88,88,88,0,0,0,1,1
48,482698,1,1,0,1,1,2,2,491,2620,7,11,2011,2,21,51,9,99,8,"RM 2338                       ","                              ",99999,30.65726667,-97.68643611,0,8,0,0,1,1,1,0,3,1,0,1,0,"0000000",21,52,21,59,22,20,0,0,0,1,0
48,482699,1,1,0,1,1,3,3,141,2270,8,11,2011,3,17,51,0,16,5,"G AVE                         ","2ND ST                        ",0,31.5047,-106.15145278,0,8,0,0,2,2,1,0,3,1,0,1,0,"0000000",17,54,18,6,18,50,0,0,0,1,0
48,482700,1,1,0,2,2,2,2,361,5100,23,11,2011,4,18,35,1,13,3,"SR-87                         ","                              ",106,30.09422778,-93.755825,0,8,0,0,1,1,1,0,3,1,0,1,0,"0000000",18,28,18,33,18,40,0,0,0,1,0
48,482701,1,1,0,0,0,1,1,463,0,6,12,2011,3,9,7,1,2,2,"US-90                         ","                              ",40,29.2405,-100.06213056,0,35,0,0,1,1,4,0,1,10,0,10,0,"0000000",9,27,10,1,11,2,0,0,0,1,0
48,482702,2,2,0,0,0,2,2,387,0,7,12,2011,4,14,30,1,2,2,"US-82                         ","                              ",97,33.62828056,-95.15893889,0,12,2,0,1,1,1,0,1,1,0,1,0,"0000000",14,39,15,5,16,16,0,0,0,1,0
48,482703,1,1,0,0,0,2,2,449,0,10,12,2011,7,20,5,0,3,2,"US-67                         ","                              ",49,33.18849167,-94.89656944,0,32,0,0,1,1,4,0,2,1,0,1,0,"0000000",88,88,88,88,88,88,0,0,0,2,1
48,482704,1,1,0,0,0,3,3,469,702,10,12,2011,7,2,55,0,4,8,"FM616                         ","                              ",83,28.65003889,-96.886675,0,34,0,0,1,1,4,0,2,1,0,1,0,"0000000",99,99,99,99,99,99,0,0,0,1,1
48,482705,1,1,0,0,0,2,2,139,0,11,12,2011,1,5,55,0,5,8,"FM1181                        ","KUBIN LN                      ",37,32.34669444,-96.56312778,0,59,0,0,1,1,4,0,2,1,0,1,0,"0000000",6,18,99,99,7,33,0,0,0,1,1
48,482706,1,1,0,1,1,1,1,21,0,12,12,2011,2,19,42,0,6,4,"LOOP RD                       ","                              ",0,30.01253056,-97.13738889,0,9,0,0,1,1,1,0,2,10,0,10,0,"0000000",99,99,99,99,99,99,0,0,0,1,0
48,482707,1,1,0,0,0,2,2,67,0,15,12,2011,5,10,54,0,6,4,"3669                          ","                              ",0,33.22136667,-94.15636944,0,11,0,0,1,1,1,0,1,2,0,2,0,"0000000",11,13,11,33,12,18,0,0,0,1,0
48,482708,1,1,0,0,0,1,1,67,0,20,12,2011,3,5,55,0,4,3,"SR-77                         ","                              ",199,33.18471389,-94.33841667,0,1,0,0,1,1,1,0,2,10,0,10,0,"0000000",88,88,88,88,88,88,0,0,0,1,0
48,482709,1,1,0,0,0,2,2,157,0,20,12,2011,3,22,12,0,6,4,"S MASON RD                    ","                              ",0,29.72306389,-95.75456111,0,33,0,0,1,1,3,0,3,1,0,1,0,"0000000",22,20,22,27,23,18,0,0,0,1,0
48,482710,2,2,0,0,0,2,2,317,0,21,12,2011,4,0,10,1,2,3,"SR-349                        ","                              ",12,32.51343611,-102.04301389,0,12,2,0,1,1,1,0,2,1,0,1,0,"0000000",88,88,88,88,88,88,0,0,0,1,0
48,482711,1,1,0,0,0,1,1,245,490,2,3,2011,4,23,13,1,11,1,"I-10                          ","                              ",33,30.09587778,-94.10333333,0,25,0,0,1,1,3,0,3,10,0,10,0,"0000000",88,88,88,88,88,88,0,0,0,1,1
48,482712,1,1,0,1,1,2,2,245,490,3,8,2011,4,17,1,1,13,8,"SS380                         ","                              ",95,30.07927222,-94.10649167,0,9,0,0,1,1,1,0,1,1,0,1,0,"0000000",17,2,17,7,17,22,0,0,0,1,1
48,482713,1,1,0,0,0,1,1,49,950,11,11,2011,6,21,42,1,13,8,"FM2524                        ","                              ",111,31.71899167,-98.98670556,0,1,0,0,1,1,1,0,3,1,0,1,0,"0000000",99,99,99,99,99,99,0,0,0,1,0
48,482714,3,3,0,0,0,7,7,303,4140,15,11,2011,3,7,36,1,11,7,"I-27                          ","US-84                         ",230,33.53671111,-101.8437,0,12,6,1,2,2,1,0,1,1,0,1,0,"0000000",7,41,7,47,8,13,0,0,0,1,0
48,482715,1,1,0,0,0,1,1,157,3280,25,11,2011,6,1,44,0,16,5,"BISSONNET ST                  ","                              ",0,29.67996667,-95.63742222,0,42,0,0,1,1,3,0,3,1,0,1,0,"0000000",88,88,88,88,88,88,20,0,0,1,1
48,482716,1,1,0,0,0,2,2,187,6290,24,11,2011,5,0,47,1,13,2,"US-90                         ","                              ",34,29.58132222,-97.94875556,0,59,0,0,1,1,4,0,2,10,0,10,0,"0000000",1,2,1,21,1,48,0,0,0,1,1
48,482717,1,1,0,1,1,4,4,201,3280,22,11,2011,3,18,0,0,16,5,"CROCKETT ST                   ","SAWYER ST                     ",0,29.77362222,-95.38275278,0,9,0,0,2,2,1,0,3,1,0,1,0,"0000000",18,12,18,21,19,14,0,0,0,1,0
48,482718,2,2,0,0,0,5,5,113,1730,1,12,2011,5,7,52,1,11,1,"I-45                          ","                              ",182,32.75189444,-96.770725,0,12,1,0,1,1,1,0,1,1,0,1,0,"0000000",7,57,8,0,8,33,0,0,0,1,0
48,482719,1,1,0,0,0,1,1,189,0,2,12,2011,6,4,50,1,1,1,"I-27                          ","                              ",154,34.04788611,-101.85263611,0,1,0,0,1,1,4,0,3,10,0,10,0,"0000000",99,99,99,99,99,99,19,0,0,1,0
48,482721,1,1,0,0,0,2,2,61,3792,10,12,2011,7,0,14,1,2,3,"SR-100                        ","                              ",197,26.09013056,-97.27900556,0,38,0,0,1,1,4,0,2,1,0,1,0,"0000000",0,16,0,24,1,16,0,0,0,1,0
48,482722,3,3,0,0,0,3,3,201,3280,14,12,2011,4,2,25,1,12,2,"US-90                         ","                              ",348,29.83925278,-95.48991111,0,12,1,0,1,1,1,0,3,2,0,2,0,"0000000",88,88,88,88,88,88,0,0,0,1,1
48,482724,1,1,0,0,0,2,2,113,1730,23,12,2011,6,9,50,0,16,5,"FORNEY RD                     ","                              ",0,32.77974167,-96.71278056,0,1,0,0,1,1,1,0,1,10,0,10,0,"0000000",9,54,9,58,10,26,0,0,0,1,0
48,482725,1,1,0,0,0,1,1,149,0,24,12,2011,7,5,30,0,3,2,"US-77                         ","                              ",195,29.82582222,-96.91054722,0,42,0,0,1,1,4,0,2,2,0,2,0,"0000000",88,88,88,88,88,88,0,0,0,1,0
48,482726,2,2,0,1,1,1,1,15,0,25,12,2011,1,23,55,0,5,8,"FM-1456                       ","                              ",37,30.00305556,-96.23602222,0,12,6,0,1,1,1,0,2,10,0,10,0,"0000000",23,50,0,0,1,32,19,23,0,1,0
48,482727,1,1,0,1,1,1,1,99,0,25,12,2011,1,0,3,0,3,3,"SR-36                         ","                              ",265,31.31330556,-97.63683611,0,8,0,0,1,1,1,0,2,2,0,2,0,"0000000",88,88,88,88,88,88,0,0,0,1,0
48,482728,2,2,0,2,2,2,2,135,0,25,12,2011,1,8,23,1,11,1,"I-20                          ","                              ",309,31.81690833,-102.42037778,0,12,6,1,18,1,1,0,1,4,0,4,0,"0000000",8,17,8,44,9,10,0,0,0,1,0
48,482729,2,2,0,0,0,3,3,271,0,26,12,2011,2,18,21,1,2,2,"US-90                         ","                              ",17,29.38435833,-100.67979722,0,12,6,0,1,1,1,0,5,1,0,1,0,"0000000",18,45,19,44,20,54,0,0,0,1,0
48,482730,1,1,0,0,0,1,1,127,0,27,12,2011,3,8,38,1,2,2,"US-277                        ","                              ",134,28.58662222,-99.91858333,0,1,0,0,1,1,1,0,1,1,0,1,0,"0000000",99,99,99,99,99,99,0,0,0,1,0
48,482731,1,1,0,2,2,2,2,453,330,27,12,2011,3,16,21,0,16,5,"S 1ST ST                      ","THELMA DR                     ",0,30.194475,-97.78947778,0,8,0,0,2,3,1,0,1,1,0,1,0,"0000000",16,21,16,26,16,45,0,0,0,2,0
48,482193,1,1,0,0,0,1,1,187,6237,24,10,2011,2,22,57,0,16,5,"1ST ST                        ","                              ",0,29.55242778,-98.26991111,0,10,0,0,6,1,1,0,3,1,0,1,0,"742632G",88,88,88,88,88,88,0,0,0,1,0
48,482194,1,1,0,0,0,1,1,201,3280,24,10,2011,2,13,49,1,11,1,"I-10                          ","                              ",4,29.77006667,-95.34863611,0,25,0,0,1,1,3,0,1,1,0,1,0,"0000000",88,88,88,88,88,88,0,0,0,1,0
48,482195,1,1,0,0,0,1,1,267,0,25,10,2011,3,11,44,1,1,1,"I-10                          ","                              ",53,30.47928611,-99.73561944,0,1,0,0,1,1,1,0,1,6,0,6,0,"0000000",14,45,14,53,15,18,0,0,0,1,0
48,482196,1,1,0,0,0,2,2,215,5181,26,10,2011,4,22,46,0,16,5,"N BRYAN RD                    ","                              ",0,26.26751111,-98.30027778,0,38,0,0,1,1,4,0,2,1,0,1,0,"0000000",99,99,99,99,23,3,0,0,0,1,1
48,482197,2,2,0,0,0,2,2,347,0,26,10,2011,4,6,45,0,3,3,"SR-21                         ","                              ",12,31.67141389,-94.93500833,0,1,0,0,1,1,1,0,2,10,0,10,0,"0000000",7,7,7,23,8,11,0,0,0,1,0
48,482198,1,1,0,0,0,1,1,497,0,26,10,2011,4,6,45,0,4,8,"FM1655                        ","FM1810                        ",64,33.29245278,-97.73294722,0,38,0,0,3,3,4,0,2,1,0,1,0,"0000000",88,88,88,88,88,88,0,0,0,1,0
48,482199,3,3,0,0,0,4,4,201,0,27,10,2011,5,20,16,1,13,8,"FM1960                        ","                              ",274,29.99950278,-95.22410278,0,12,7,0,1,1,1,0,2,10,0,10,0,"0000000",20,28,20,33,21,15,19,0,0,1,1