"STATE","ST_CASE","VE_TOTAL","VE_FORMS","PVH_INVL","PEDS","PERNOTMVIT","PERMVIT","PERSONS","COUNTY","CITY","DAY","MONTH","YEAR","DAY_WEEK","HOUR","MINUTE","NHS","ROAD_FNC","ROUTE","TWAY_ID","TWAY_ID2","MILEPT","LATITUDE","LONGITUD","SP_JUR","HARM_EV","MAN_COLL","RELJCT1","RELJCT2","TYP_INT","REL_ROAD","WRK_ZONE","LGT_COND","WEATHER1","WEATHER2","WEATHER","SCH_BUS","RAIL","NOT_HOUR","NOT_MIN","ARR_HOUR","ARR_MIN","HOSP_HR","HOSP_MN","CF1","CF2","CF3","FATALS","DRUNK_DR"
48,482781,2,2,0,1,1,2,2,245,490,26,9,2011,2,21,3,1,12,2,"US-69                         ","                              ",69,30.03350278,-94.06205833,0,8,0,0,1,1,1,0,3,10,0,10,0,"0000000",21,5,21,16,21,40,19,0,0,1,0
48,482782,1,1,0,1,1,1,1,113,1240,28,9,2011,4,23,15,1,12,2,"US-67                         ","                              ",153,32.5962,-96.93935278,0,9,0,0,1,1,1,0,2,1,0,1,0,"0000000",23,32,23,40,0,6,0,0,0,1,0
48,482783,2,2,0,0,0,4,4,141,2190,28,9,2011,4,0,52,1,13,2,"US-62                         ","                              ",171,31.79649722,-106.34399444,0,12,1,0,1,1,1,0,3,1,0,1,0,"0000000",0,54,1,0,1,26,0,0,0,1,1
48,482784,1,1,0,0,0,4,4,303,4140,29,9,2011,5,13,59,1,11,1,"I-27                          ","                              ",223,33.524225,-101.84359167,0,30,0,0,1,1,4,0,1,1,0,1,0,"0000000",13,59,14,3,14,29,20,0,0,2,0
48,482785,1,1,0,0,0,1,1,113,31,15,10,2011,7,16,40,0,16,5,"MIDWAY RD                     ","DOOLEY RD                     ",0,32.96516667,-96.83896944,0,30,0,0,3,2,3,0,1,1,0,1,0,"0000000",16,47,17,0,17,13,0,0,0,1,0
48,482786,1,1,0,0,0,1,1,147,0,29,10,2011,7,6,30,0,5,8,"RE3                           ","                              ",20,33.63898889,-96.151825,0,42,0,0,1,1,4,0,2,1,0,1,0,"0000000",6,33,7,3,7,43,0,0,0,1,0
48,482787,2,2,0,0,0,4,4,167,2570,6,11,2011,1,19,25,1,13,8,"FM3005                        ","                              ",100,29.19452778,-94.95832778,0,12,1,0,1,1,1,0,2,10,0,10,0,"0000000",99,99,99,99,20,20,0,0,0,1,0
48,482788,1,1,0,1,1,1,1,491,5990,17,11,2011,5,10,55,1,11,7,"I-35                          ","                              ",45,30.54328889,-97.69200556,0,8,0,0,1,1,10,0,1,1,0,1,0,"0000000",88,88,88,88,88,88,0,0,0,1,0
48,482789,2,2,0,0,0,3,3,3,0,3,12,2011,7,1,42,0,3,8,"FM1788                        ","                              ",121,32.15663611,-102.3395,0,12,2,0,1,1,1,0,2,5,0,5,0,"0000000",1,49,2,18,3,3,0,0,0,1,1
48,482790,2,2,0,0,0,2,2,3,0,15,12,2011,5,3,8,1,2,2,"US-385                        ","                              ",237,32.19410556,-102.49630833,0,12,2,0,1,1,1,0,2,1,0,1,0,"0000000",88,88,88,88,88,88,0,0,0,1,1
48,482791,1,1,0,0,0,3,3,3,0,15,12,2011,5,20,36,1,2,2,"US-385                        ","                              ",201,32.24057778,-102.52025,0,1,0,0,1,1,3,0,2,3,0,3,0,"0000000",99,99,99,99,99,99,0,0,0,1,0
48,482792,1,1,0,1,1,1,1,37,4410,11,1,2011,3,18,40,0,3,2,"US-67                         ","                              ",81,33.32963611,-94.35696944,0,8,0,0,1,1,2,0,3,1,0,1,0,"0000000",99,99,99,99,99,99,0,0,0,1,0
48,482793,1,1,0,0,0,2,2,29,6090,4,10,2011,3,14,10,1,11,1,"I-37                          ","                              ",116,29.42961944,-98.48126944,0,25,0,1,19,1,4,0,1,1,0,1,0,"0000000",14,13,14,21,15,7,0,0,0,1,0
48,482795,1,1,0,0,0,1,1,387,0,6,10,2011,5,16,35,0,3,3,"SR-37                         ","                              ",206,33.38050556,-95.235,0,30,0,0,1,1,4,0,1,1,0,1,0,"0000000",88,88,88,88,88,88,0,0,0,1,0
48,482796,2,2,0,0,0,2,2,439,0,23,11,2011,4,22,10,1,12,3,"SR-199                        ","                              ",69,32.82233333,-97.46988889,0,12,2,0,1,1,1,0,2,1,0,1,0,"0000000",22,24,22,39,23,12,0,0,0,2,1
48,482797,1,1,0,0,0,1,1,439,0,8,10,2011,7,19,44,9,9,8,"FM 2331                       ","                              ",99999,32.57269444,-97.49003056,0,38,0,0,1,1,4,0,2,2,0,2,0,"0000000",88,88,88,88,88,88,0,0,0,1,0
48,482798,1,1,0,0,0,1,1,439,0,6,11,2011,1,16,50,0,15,8,"FM 1886                       ","                              ",2,32.82530278,-97.53915,0,42,0,0,1,1,4,0,1,1,0,1,0,"0000000",88,88,88,88,88,88,0,0,0,1,1
48,482799,1,1,0,0,0,1,1,29,0,12,8,2011,6,10,49,0,3,8,"FM 1560                       ","                              ",51,29.53969722,-98.71185556,0,38,0,0,1,1,4,0,1,1,0,1,0,"0000000",10,50,11,1,11,38,0,0,0,1,0
48,482259,2,2,0,0,0,2,2,167,2570,3,11,2011,5,18,15,1,13,3,"SR-275                        ","OLD PORT INDUSTRIAL RD        ",43,29.30640833,-94.80068611,0,12,2,0,2,4,1,0,1,1,0,1,0,"0000000",99,99,99,99,99,99,0,0,0,1,0
48,482260,1,1,0,0,0,1,1,267,3550,3,11,2011,5,10,48,1,1,1,"I-10 RAMP                     ","                              ",227,30.50793611,-99.77338611,0,59,0,1,5,1,4,0,1,1,0,1,0,"0000000",88,88,88,88,88,88,0,0,0,1,0
48,482261,1,1,0,0,0,1,1,381,0,3,11,2011,5,0,17,1,13,8,"SL335                         ","                              ",13,35.12921111,-101.93839722,0,1,0,0,1,1,4,0,2,1,0,1,0,"0000000",88,88,88,88,88,88,0,0,0,1,1
48,482262,1,1,0,0,0,1,1,49,950,4,11,2011,6,20,24,0,16,5,"MAGNOLIA ST                   ","                              ",0,31.68641667,-98.97679167,0,18,0,0,1,1,4,0,3,1,0,1,0,"0000000",20,33,20,51,21,43,0,0,0,1,1
48,482263,1,1,0,0,0,2,2,167,2570,4,11,2011,6,22,7,1,11,7,"I-45                          ","                              ",114,29.28687222,-94.85537778,0,43,0,0,1,1,10,0,3,1,0,1,0,"0000000",88,88,88,88,88,88,0,0,0,2,1
48,482264,1,1,0,0,0,1,1,251,2690,4,11,2011,6,7,2,0,16,5,"E RAILROAD ST                 ","                              ",0,32.44347222,-97.525925,0,10,0,0,6,1,1,0,4,1,0,1,0,"021573R",7,5,7,19,7,51,0,0,0,1,0
48,482265,2,2,0,0,0,2,2,167,2570,5,11,2011,7,20,15,1,13,3,"SR-275                        ","51 ST                         ",26,29.29814444,-94.82633333,0,12,2,0,2,2,1,0,3,1,0,1,0,"0000000",99,99,99,99,99,99,0,0,0,1,1
48,482266,2,2,0,0,0,2,2,113,1730,6,11,2011,1,17,45,0,16,5,"MILITARY PKWY                 ","SCOTTSDALE DR                 ",0,32.77063889,-96.68940833,0,12,6,0,2,2,1,0,5,10,0,10,0,"0000000",17,48,17,52,18,9,0,0,0,1,0
48,482267,1,1,0,0,0,1,1,135,5030,6,11,2011,1,1,28,0,16,5,"S WASHINGTON AVE              ","                              ",0,31.84221111,-102.37096667,0,42,0,0,1,1,4,0,2,1,0,1,0,"0000000",88,88,88,88,88,88,0,0,0,1,1
48,482268,1,1,0,0,0,1,1,381,0,6,11,2011,1,10,35,0,4,8,"FM168                         ","                              ",66,34.81956667,-102.11570833,0,1,0,0,1,1,4,0,1,1,0,1,0,"0000000",88,88,88,88,88,88,0,0,0,1,0
48,482269,1,1,0,0,0,1,1,5,0,7,11,2011,2,7,50,0,6,4,"GOLF COURSE RD                ","                              ",0,31.35137222,-94.64581944,0,38,0,0,1,1,4,0,1,1,0,1,0,"0000000",88,88,88,88,88,88,0,0,0,1,0
48,482270,2,2,0,0,0,4,4,65,0,7,11,2011,2,17,21,1,1,1,"I-40                          ","                              ",0,35.20711389,-101.62173333,0,12,6,0,1,1,4,0,5,2,0,2,0,"0000000",17,21,17,48,18,13,0,0,0,1,0
48,482271,1,1,0,0,0,1,1,373,0,7,11,2011,2,23,17,0,4,8,"FM1276                        ","                              ",134,30.58638333,-94.62376667,0,59,0,0,1,1,4,0,2,10,0,10,0,"0000000",88,88,88,88,88,88,0,0,0,1,0
48,482272,1,1,0,1,1,1,1,439,2450,7,11,2011,2,18,13,0,16,5,"GARDEN ACRES DR               ","                              ",0,32.59917778,-97.31175278,0,8,0,0,1,1,1,0,2,1,0,1,0,"0000000",88,88,88,88,88,88,0,0,0,1,0
48,482273,2,2,0,0,0,4,4,85,200,8,11,2011,3,11,55,1,2,3,"SR-121                        ","                              ",102,33.31604167,-96.50677222,0,12,2,0,1,1,1,0,1,2,0,2,0,"0000000",99,99,99,99,99,99,0,0,0,1,0
48,482274,4,4,0,0,0,4,4,373,0,8,11,2011,3,6,15,9,99,2,"US-190                        ","                              ",96,30.76174167,-95.02784722,0,12,7,0,1,1,1,0,4,10,0,10,0,"0000000",99,99,99,99,6,43,0,0,0,1,0
48,482275,2,2,0,1,1,2,2,439,2450,8,11,2011,3,22,46,1,11,1,"I-35W                         ","                              ",58,32.72704722,-97.32035278,0,8,0,0,1,1,1,0,3,1,0,1,0,"0000000",88,88,88,88,88,88,0,0,0,1,0
48,482276,2,2,0,0,0,3,3,85,2520,9,11,2011,4,13,33,1,13,2,"US-380                        ","BS289D                        ",22,33.21901111,-96.80115556,0,12,6,0,2,2,1,1,1,1,0,1,0,"0000000",13,34,13,41,14,3,0,0,0,1,0
48,482277,2,2,0,0,0,3,3,375,0,9,11,2011,4,3,15,1,1,1,"I-40                          ","                              ",110,35.18955,-101.99106389,0,12,2,0,1,1,1,0,2,1,0,1,0,"0000000",88,88,88,88,88,88,0,0,0,1,1
48,482278,2,2,0,0,0,2,2,27,6810,10,11,2011,5,0,5,0,14,3,"SR-317                        ","                              ",89,31.15356944,-97.42878333,0,12,6,0,1,1,1,0,2,1,0,1,0,"0000000",88,88,88,88,88,88,0,0,0,1,0
48,482279,1,1,0,0,0,1,1,29,6090,10,11,2011,5,20,35,0,16,5,"OCONNOR RD                    ","                              ",0,29.59309444,-98.39976111,0,38,0,0,1,1,4,0,3,1,0,1,0,"0000000",88,88,88,88,88,88,0,0,0,1,1
48,482280,1,1,0,0,0,1,1,491,3925,10,11,2011,5,21,32,0,16,5,"183A TOLLWAY                  ","                              ",0,30.58472222,-97.83777222,0,1,0,0,1,1,1,1,2,1,0,1,0,"0000000",88,88,88,88,88,88,0,0,0,1,1
48,482281,1,1,0,0,0,1,1,309,7210,11,11,2011,6,15,15,0,16,5,"MARTIN AVE                    ","9TH ST                        ",0,31.53076944,-97.10751111,0,32,0,0,3,3,4,0,1,1,0,1,0,"0000000",15,19,15,24,15,39,0,0,0,1,0
48,482282,1,1,0,0,0,4,4,351,0,12,11,2011,7,22,55,0,6,4,"OLD HIGHWAY 87                ","                              ",0,30.31030278,-93.79131111,0,1,0,0,1,1,4,0,2,1,0,1,0,"0000000",99,99,99,99,99,99,0,0,0,2,0
48,482283,1,1,0,1,1,1,1,113,1730,13,11,2011,1,17,54,1,13,8,"SL 12                         ","                              ",207,32.85565833,-96.86508611,0,8,0,0,1,1,1,0,3,1,0,1,0,"0000000",88,88,88,88,88,88,0,0,0,1,0
48,482284,1,1,0,0,0,1,1,237,3460,13,11,2011,1,4,24,0,3,2,"US-380                        ","                              ",154,33.21656667,-98.17913333,0,42,0,0,1,1,4,0,3,1,0,1,0,"0000000",4,34,5,15,6,17,0,0,0,1,1
48,482285,2,2,0,0,0,5,5,309,7210,13,11,2011,1,12,57,1,11,7,"I-35                          ","US-77                         ",143,31.57675556,-97.11305833,0,12,6,1,2,2,1,0,1,1,0,1,0,"0000000",13,15,13,19,13,38,0,0,0,1,0
48,482286,2,2,0,0,0,6,6,29,6090,20,11,2011,1,12,20,1,11,1,"I-410                         ","                              ",407,29.32050278,-98.4997,0,12,6,0,1,1,1,0,1,10,0,10,0,"0000000",12,23,12,26,13,7,0,0,0,2,1
48,482287,1,1,0,1,1,1,1,29,6090,20,11,2011,1,19,10,1,13,8,"SS 421                        ","BENRUS                        ",112,29.475325,-98.58227778,0,8,0,0,3,2,1,0,3,1,0,1,0,"0000000",88,88,88,88,88,88,0,0,0,1,0
48,482288,1,1,0,0,0,1,1,121,3960,26,11,2011,7,1,7,1,11,7,"I-35E                         ","                              ",73,33.05129167,-97.00933333,0,1,0,0,1,1,4,0,3,2,0,2,0,"0000000",88,88,88,88,88,88,0,0,0,1,1
48,482289,2,2,0,0,0,2,2,441,30,28,11,2011,2,17,7,0,14,8,"BI 20R/US-80                  ","WASHINGTON BLVD               ",83,32.44875278,-99.71143611,0,12,6,0,2,3,1,0,1,1,0,1,0,"0000000",88,88,88,88,88,88,0,0,0,1,0
48,482290,2,2,0,0,0,3,3,201,3580,29,11,2011,3,15,2,1,11,7,"I-10                          ","KATY MILLS BLVD               ",4,29.78437778,-95.80740556,0,12,6,1,2,2,1,0,1,1,0,1,0,"0000000",99,99,99,99,99,99,0,0,0,1,0
48,482291,4,2,2,0,1,2,3,201,3280,22,7,2011,6,12,25,1,12,2,"US-290                        ","                              ",347,29.84030556,-95.49102778,0,14,0,0,1,1,2,0,1,10,0,10,0,"0000000",88,88,88,88,88,88,0,0,0,1,0
48,482800,1,1,0,0,0,1,1,29,6090,20,10,2011,5,1,34,0,16,5,"LAGUNA RD                     ","                              ",0,29.29360833,-98.36645833,0,30,0,0,1,1,4,0,2,1,0,1,0,"0000000",1,35,1,44,2,17,0,0,0,1,0
48,482801,1,1,0,0,0,1,1,141,2190,9,11,2011,4,21,30,0,16,5,"ZARAGOZA RD                   ","                              ",0,31.69888056,-106.32481389,0,10,0,0,6,1,1,0,3,1,0,1,0,"741231D",88,88,88,88,88,88,0,0,0,1,0
48,482802,3,3,0,0,0,3,3,41,1440,29,3,2011,3,9,58,1,12,3,"SR-6                          ","                              ",96,30.63518333,-96.3056,0,12,1,0,1,1,1,0,1,10,0,10,0,"0000000",9,59,10,0,10,21,0,0,0,1,0
48,482803,1,1,0,0,0,1,1,439,1442,30,10,2011,1,2,30,0,16,5,"DARTMOORE LN                  ","                              ",0,32.87531944,-97.14954444,0,1,0,0,1,1,1,0,2,1,0,1,0,"0000000",2,44,2,56,3,26,0,0,0,1,1
48,482804,1,1,0,2,2,2,2,61,940,4,6,2011,7,18,48,0,16,5,"2ND ST                        ","MADISON ST                    ",0,25.91305,-97.50548333,0,8,0,0,2,2,1,0,1,1,0,1,0,"0000000",99,99,99,99,99,99,0,0,0,1,0
48,482805,2,2,0,0,0,3,3,439,364,14,11,2011,2,13,35,0,14,8,"FM 730 BOYD RD                ","MORAN RD                      ",38,32.93913611,-97.54348056,0,12,6,0,2,3,1,0,1,1,0,1,0,"0000000",13,38,13,43,14,9,0,0,0,1,0
48,482806,2,2,0,0,0,2,2,479,3899,29,10,2011,7,0,18,1,13,8,"FM 1472 MINES RD              ","                              ",174,27.57641667,-99.50717222,0,12,2,0,1,1,1,0,2,1,0,1,0,"0000000",99,99,99,99,99,99,0,0,0,1,1
48,482807,2,2,0,0,0,3,3,215,114,23,1,2011,1,7,8,1,13,8,"FM-676                        ","LOS EBANOS BLVD               ",29,26.28924167,-98.32964444,0,12,6,0,2,2,1,0,4,1,0,1,0,"0000000",99,99,99,99,99,99,0,0,0,1,1
48,482808,1,1,0,0,0,1,1,29,0,30,1,2011,1,8,29,1,1,1,"I-10                          ","                              ",24,29.71333611,-98.66113056,0,1,0,0,1,1,4,0,1,10,0,10,0,"0000000",88,88,88,88,88,88,0,0,0,1,1
48,482809,1,1,0,0,0,3,3,489,0,3,2,2011,5,18,30,0,4,3,"SR-186                        ","                              ",115,26.50398611,-97.48786389,0,1,0,0,1,1,4,0,2,3,0,3,0,"0000000",18,50,19,7,20,30,0,0,0,1,0
48,482810,1,1,0,0,0,1,1,29,0,4,2,2011,6,15,56,0,5,8,"FM 1937                       ","                              ",155,29.23416667,-98.45634444,0,42,0,0,1,1,4,0,1,98,0,98,0,"0000000",88,88,88,88,88,88,0,0,0,1,0
48,482811,4,4,0,0,0,5,5,439,2450,12,3,2011,7,15,42,1,11,1,"I-35                          ","                              ",67,32.746975,-97.31935556,0,12,1,1,18,1,1,0,1,1,0,1,0,"0000000",15,44,15,46,16,20,0,0,0,1,0
48,482812,1,1,0,1,1,2,2,215,4197,17,5,2011,3,21,14,1,13,3,"SR-336                        ","                              ",54,26.23125,-98.22528056,0,8,0,0,1,1,1,0,2,1,0,1,0,"0000000",21,16,21,24,21,38,0,0,0,1,0
48,482813,2,2,0,0,0,6,6,439,2450,13,6,2011,2,16,20,1,12,3,"SR-199 JACKSBORO HWY          ","21ST ST                       ",136,32.78002778,-97.37054444,0,12,6,0,2,3,1,0,1,1,0,1,0,"0000000",16,28,16,35,16,59,0,0,0,1,0
48,482814,1,1,0,1,1,1,1,55,4040,21,6,2011,3,14,3,1,13,2,"US-183                        ","                              ",123,29.86335,-97.66846944,0,8,0,0,8,1,1,0,1,1,0,1,0,"0000000",14,11,14,32,14,55,0,0,0,1,0
48,482815,2,2,0,0,0,2,2,97,2550,17,7,2011,1,13,55,1,13,2,"US-82                         ","MAGNOLIA ST                   ",211,33.64246944,-97.12469444,0,12,6,0,2,3,1,0,1,1,0,1,0,"0000000",13,58,14,21,15,8,0,0,0,1,0
48,482816,1,1,0,0,0,1,1,141,9997,29,7,2011,6,2,51,1,13,8,"FM 76 NORTH LOOP DR           ","                              ",139,31.62175556,-106.24290278,0,30,0,0,1,1,4,0,3,2,0,2,0,"0000000",2,51,3,1,3,35,0,0,0,1,1
48,482817,2,2,0,0,0,3,3,215,6160,20,8,2011,7,1,33,1,13,8,"FM-1426                       ","NOLANA                        ",48,26.22927222,-98.14867778,0,12,6,0,2,2,1,0,3,1,0,1,0,"0000000",1,21,1,26,1,49,0,0,0,1,1
48,482818,3,3,0,0,0,5,5,479,3899,23,11,2011,4,22,43,1,11,1,"I-35                          ","BOB BULLOCK LOOP              ",80,27.60725833,-99.49498333,0,12,6,1,2,2,1,0,3,1,0,1,0,"0000000",99,99,99,99,99,99,0,0,0,1,1
48,482820,1,1,0,0,0,5,5,141,2190,28,12,2011,4,2,23,1,13,3,"SR-20                         ","                              ",172,31.79408611,-106.51058333,0,33,0,0,1,1,4,0,3,1,0,1,0,"0000000",2,28,2,40,3,14,0,0,0,2,1
48,482821,1,1,0,0,0,3,3,439,2450,29,12,2011,5,9,20,1,11,1,"I-35                          ","                              ",100,32.79553056,-97.32168611,0,25,0,0,1,1,3,0,1,1,0,1,0,"0000000",9,31,9,31,9,56,0,0,0,1,0
48,482822,1,1,0,1,1,6,6,39,130,30,10,2011,1,19,13,1,13,3,"SR-35                         ","                              ",196,29.46825833,-95.24566389,0,8,0,0,1,1,1,0,2,1,0,1,0,"0000000",88,88,88,88,88,88,0,0,0,1,0
48,482823,2,2,0,0,0,4,4,201,3280,2,1,2011,1,13,10,0,16,5,"KINGWOOD PLACE DR             ","KELLINGTON DR                 ",0,30.05905556,-95.25512222,0,12,6,0,2,2,1,0,1,1,0,1,0,"0000000",13,12,13,18,14,9,0,0,0,1,0
48,482824,1,1,0,0,0,2,2,141,2190,10,7,2011,1,17,16,1,2,8,"SL 375                        ","                              ",239,31.82200278,-106.28011667,0,38,0,0,1,1,4,0,1,1,0,1,0,"0000000",88,88,88,88,88,88,0,0,0,2,0
48,482825,1,1,0,1,1,1,1,141,2190,26,12,2011,2,19,43,1,13,8,"SL 478                        ","                              ",72,31.81558889,-106.444675,0,8,0,0,1,1,1,0,1,1,0,1,0,"0000000",88,88,88,88,88,88,0,0,0,1,0
48,482826,1,1,0,0,0,1,1,113,1730,17,1,2011,2,9,36,0,16,5,"MALCOLM X BLVD                ","ST LOUIS ST                   ",0,32.78071389,-96.78118056,0,19,0,0,3,3,4,0,1,10,0,10,0,"0000000",9,37,9,40,10,10,0,0,0,1,0
48,482827,1,1,0,0,0,1,1,121,1190,23,2,2011,4,15,46,0,16,5,"JOSEY RD                      ","                              ",0,33.00159722,-96.88606111,0,1,0,0,1,1,4,0,1,10,0,10,0,"0000000",15,46,15,52,16,29,0,0,0,1,0
48,482828,1,1,0,0,0,2,2,141,2190,17,11,2011,5,1,49,1,2,8,"SL 375                        ","                              ",247,31.81835556,-106.27011389,0,57,0,0,1,1,3,0,2,1,0,1,0,"0000000",88,88,88,88,88,88,0,0,0,1,1
48,482829,1,1,0,0,0,1,1,249,90,3,1,2011,2,10,32,0,16,5,"ANSELMO ST                    ","                              ",0,27.73035,-98.07269722,0,38,0,0,1,1,4,0,1,1,0,1,0,"0000000",99,99,99,99,99,99,0,0,0,1,0
48,482830,2,2,0,0,0,4,4,439,4965,20,3,2011,1,22,32,1,11,1,"I-820                         ","                              ",94,32.83812778,-97.22721944,0,12,7,0,1,1,1,0,2,1,0,1,0,"0000000",22,32,22,34,23,9,0,0,0,1,0
48,482831,1,1,0,0,0,2,2,141,9997,26,9,2011,2,21,20,1,11,1,"I-10                          ","                              ",407,31.63648333,-106.22149444,0,1,0,1,5,1,8,0,3,1,0,1,0,"0000000",21,30,21,36,22,10,0,0,0,1,0
48,482832,4,4,0,0,0,5,5,439,2450,14,2,2011,2,9,45,0,16,5,"WEATHERFORD ST                ","ENERGY WAY                    ",0,32.75345,-97.34208056,0,12,6,0,2,2,1,0,1,1,0,1,0,"0000000",9,50,9,54,10,8,0,0,0,1,0
48,482833,1,1,0,2,2,2,2,141,3276,23,3,2011,4,19,48,0,16,5,"DARRINGTON RD                 ","NUNDA DR                      ",0,31.67897222,-106.19731389,0,8,0,0,2,3,1,0,2,1,0,1,0,"0000000",19,47,19,47,20,23,0,0,0,1,0
48,482292,2,2,0,0,0,2,2,439,2450,11,8,2011,5,11,30,0,16,5,"BRYANT IRVIN RD               ","OVERTON RIDGE BLVD            ",0,32.67691111,-97.41658889,0,12,1,0,3,2,1,0,1,1,0,1,0,"0000000",88,88,88,88,88,88,0,0,0,1,0
48,482293,2,2,0,0,0,2,2,201,3280,26,8,2011,6,15,57,1,12,2,"US-59                         ","                              ",61,29.72951944,-95.45797778,0,23,0,1,19,1,4,0,1,1,0,1,0,"0000000",15,59,16,5,88,88,0,0,0,1,1
48,482294,1,1,0,1,1,1,1,39,0,4,9,2011,1,20,45,0,15,8,"FM523                         ","                              ",24,29.172575,-95.39350833,0,8,0,0,1,1,1,0,2,1,0,1,0,"0000000",88,88,88,88,88,88,19,0,0,1,1
48,482295,1,1,0,0,0,1,1,201,3280,13,9,2011,3,19,35,0,16,5,"MARTIN LUTHER KING BLVD       ","                              ",0,29.63280278,-95.33898611,0,1,0,0,1,1,4,0,1,1,0,1,0,"0000000",19,37,19,47,20,9,0,0,0,1,1
48,482296,2,2,0,0,0,3,3,439,2450,14,9,2011,4,22,4,0,16,5,"MILLER AVE                    ","                              ",0,32.69542222,-97.26291667,0,12,6,0,8,1,1,0,3,1,0,1,0,"0000000",22,5,22,11,22,30,0,0,0,1,0
48,482297,2,2,0,0,0,2,2,29,0,15,9,2011,5,18,11,0,4,8,"SL1604                        ","                              ",417,29.23301389,-98.56479444,0,12,7,0,1,1,2,0,2,1,0,1,0,"0000000",88,88,88,88,88,88,0,0,0,1,0
48,482298,1,1,0,0,0,1,1,29,0,15,9,2011,5,17,40,0,6,4,"CANYON GOLF RD                ","                              ",0,29.672425,-98.47561667,0,33,0,0,1,1,4,0,1,1,0,1,0,"0000000",88,88,88,88,88,88,0,0,0,1,1
48,482299,1,1,0,1,1,2,2,201,3280,16,9,2011,6,22,19,0,16,5,"MCAVOY DR                     ","                              ",0,29.68894167,-95.50371111,0,8,0,0,1,1,1,0,2,99,0,99,0,"0000000",99,99,99,99,99,99,0,0,0,1,0
48,482300,1,1,0,1,1,2,2,29,295,30,9,2011,6,22,11,1,1,1,"I-35                          ","S LUCKEY RD                   ",26,29.24928056,-98.74885833,0,8,0,0,1,1,1,0,2,10,0,10,0,"0000000",99,99,99,99,99,99,0,0,0,1,0
48,482301,2,2,0,0,0,4,4,83,0,1,10,2011,7,18,54,1,2,2,"US-67                         ","                              ",34,31.76878333,-99.65268333,0,12,2,0,1,1,1,0,1,1,0,1,0,"0000000",19,5,19,44,20,16,0,0,0,3,0
48,482302,1,1,0,0,0,1,1,37,0,3,10,2011,2,13,40,1,1,1,"I-30                          ","                              ",43,33.34453333,-94.65755278,0,42,0,0,1,1,4,0,1,1,0,1,0,"0000000",88,88,88,88,88,88,0,0,0,1,0
48,482303,1,1,0,1,1,1,1,201,3280,5,10,2011,4,6,30,0,16,5,"11TH ST                       ","HEIGHTS BLVD                  ",0,29.79068889,-95.39761111,0,8,0,0,3,2,1,0,2,1,0,1,0,"0000000",99,99,99,99,99,99,0,0,0,1,0
48,482304,1,1,0,0,0,1,1,119,0,7,10,2011,6,23,0,0,5,8,"FM-1529                       ","                              ",50,33.34473056,-95.65246944,0,31,0,0,1,1,4,0,2,10,0,10,0,"0000000",88,88,88,88,88,88,0,0,0,1,1
48,482305,1,1,0,1,1,1,1,201,7286,10,10,2011,2,22,34,0,16,5,"BAY AREA BLVD                 ","                              ",0,29.54691667,-95.13129444,0,8,0,0,1,1,1,0,2,1,0,1,0,"0000000",22,41,23,1,23,23,0,0,0,1,0
48,482306,1,1,0,0,0,1,1,79,0,13,10,2011,5,7,50,0,4,3,"SR-125                        ","SR-214                        ",179,33.62234167,-102.79863889,0,59,0,0,3,3,4,0,9,1,0,1,0,"0000000",99,99,99,99,99,99,0,0,0,1,1
48,482307,3,3,0,0,0,10,10,133,0,14,10,2011,6,21,23,1,1,1,"I-20                          ","                              ",97,32.37516389,-98.95492778,0,12,6,0,1,1,1,0,2,1,0,1,0,"0000000",21,27,21,40,22,56,0,0,0,3,1
48,482308,2,1,1,1,2,1,2,201,3280,14,10,2011,6,20,25,1,13,1,"I-45                          ","MT HOUSTON RD                 ",340,29.89834167,-95.41245278,0,14,0,1,18,1,2,0,3,1,0,1,0,"0000000",20,39,20,40,21,9,0,0,0,1,1
48,482309,1,1,0,0,0,1,1,113,1730,15,10,2011,7,1,50,0,16,5,"COOPER DR                     ","                              ",0,32.76107778,-96.76766667,0,30,0,0,1,1,4,0,3,1,0,1,0,"0000000",1,56,2,1,2,22,0,0,0,1,0
48,482310,1,1,0,0,0,1,1,209,0,15,10,2011,7,10,45,0,4,8,"RM-150                        ","                              ",96,30.08460833,-98.01223611,0,59,0,0,1,1,2,0,1,1,0,1,0,"0000000",88,88,88,88,88,88,0,0,0,1,0
48,482311,1,1,0,0,0,1,1,351,0,15,10,2011,7,21,24,0,3,3,"SR-63                         ","                              ",100,31.06475833,-93.52990833,0,11,0,0,1,1,1,0,2,1,0,1,0,"0000000",88,88,88,88,88,88,0,0,0,1,0
48,482312,1,1,0,0,0,1,1,185,0,16,10,2011,1,12,30,0,5,8,"FM3090                        ","                              ",123,30.49096111,-96.06563056,0,1,0,0,1,1,4,0,1,1,0,1,0,"0000000",12,33,12,54,14,25,0,0,0,1,0
48,482313,4,4,0,0,0,8,8,215,4197,16,10,2011,1,2,41,1,13,3,"SR-336                        ","W NOLANA AVE                  ",48,26.23929722,-98.22372778,0,12,7,0,3,2,1,0,3,1,0,1,0,"0000000",2,43,2,47,3,10,0,0,0,1,1
48,482314,1,1,0,0,0,2,2,231,0,17,10,2011,2,8,35,1,1,1,"I-30                          ","                              ",292,33.12975556,-95.87247222,0,25,0,0,1,1,3,0,1,1,0,1,0,"0000000",99,99,99,99,99,99,0,0,0,1,0