"STATE","ST_CASE","VE_TOTAL","VE_FORMS","PVH_INVL","PEDS","PERNOTMVIT","PERMVIT","PERSONS","COUNTY","CITY","DAY","MONTH","YEAR","DAY_WEEK","HOUR","MINUTE","NHS","ROAD_FNC","ROUTE","TWAY_ID","TWAY_ID2","MILEPT","LATITUDE","LONGITUD","SP_JUR","HARM_EV","MAN_COLL","RELJCT1","RELJCT2","TYP_INT","REL_ROAD","WRK_ZONE","LGT_COND","WEATHER1","WEATHER2","WEATHER","SCH_BUS","RAIL","NOT_HOUR","NOT_MIN","ARR_HOUR","ARR_MIN","HOSP_HR","HOSP_MN","CF1","CF2","CF3","FATALS","DRUNK_DR"
48,482315,3,2,1,0,0,4,4,201,3280,18,10,2011,3,23,19,0,16,5,"CLEBURNE ST                   ","DOWLING ST                    ",0,29.72881111,-95.36948611,0,12,6,0,2,2,1,0,3,1,0,1,0,"0000000",23,20,23,24,23,51,0,0,0,1,0
48,482316,1,1,0,0,0,1,1,189,0,19,10,2011,4,13,13,0,6,4,"Q                             ","                              ",0,34.08444167,-101.81840833,0,10,0,0,6,1,1,0,1,1,0,1,0,"017309B",88,88,88,88,88,88,0,0,0,1,0
48,482317,2,2,0,0,0,3,3,395,0,19,10,2011,4,16,5,0,3,3,"SR-7                          ","WILLOW CREEK RD               ",30,31.27243333,-96.42762778,0,12,6,0,2,2,1,0,1,1,0,1,0,"0000000",88,88,88,88,88,88,0,0,0,2,0
48,482318,2,2,0,0,0,2,2,497,0,19,10,2011,4,17,10,0,3,3,"SR-114                        ","                              ",211,33.17097222,-97.71006667,0,12,8,0,1,1,1,0,1,1,0,1,0,"0000000",88,88,88,88,88,88,0,0,0,1,0
48,482319,1,1,0,0,0,1,1,215,4197,24,10,2011,2,2,50,1,13,8,"FM2220                        ","                              ",141,26.25641667,-98.25334722,0,1,0,0,1,1,4,0,3,1,0,1,0,"0000000",88,88,88,88,88,88,0,0,0,1,0
48,482320,2,1,1,0,0,1,1,223,0,21,10,2011,6,1,0,0,4,8,"FM3236                        ","                              ",33,33.25131667,-95.53453333,0,58,0,0,1,1,4,0,2,1,0,1,0,"0000000",1,2,1,15,1,47,0,0,0,1,1
48,482321,1,1,0,0,0,3,3,31,0,22,10,2011,7,4,35,0,6,4,"205                           ","                              ",0,30.192075,-98.51129444,0,42,0,0,1,1,4,0,2,1,0,1,0,"0000000",4,54,5,9,6,47,0,0,0,1,1
48,482322,2,2,0,0,0,2,2,227,0,22,10,2011,7,9,0,1,2,2,"US-87                         ","                              ",85,32.41992222,-101.58854444,0,12,1,0,1,1,1,0,1,1,0,1,0,"0000000",99,99,99,99,99,99,0,0,0,1,1
48,482323,2,2,0,0,0,2,2,61,0,23,10,2011,1,4,0,0,4,8,"FM-2520                       ","                              ",40,26.08215833,-97.67649167,0,12,1,0,8,1,2,0,2,1,0,1,0,"0000000",88,88,88,88,88,88,0,0,0,1,1
48,482324,1,1,0,1,1,1,1,201,3280,23,10,2011,1,19,44,1,12,7,"SL 8                          ","SOUTHWEST FWY                 ",82,29.661025,-95.55853056,0,8,0,1,3,2,1,0,3,10,0,10,0,"0000000",19,45,19,48,20,9,0,0,0,1,0
48,482834,2,2,0,0,0,2,2,15,6280,20,5,2011,6,11,41,1,2,3,"SR-36                         ","                              ",88,29.75475556,-96.14836389,0,12,11,0,1,1,1,0,1,1,0,1,0,"0000000",88,88,88,88,88,88,0,0,0,1,0
48,482835,1,1,0,2,2,1,1,245,490,24,5,2011,3,5,23,0,16,5,"FOLSOM                        ","CROW RD                       ",0,30.11489722,-94.15584722,0,8,0,0,2,2,1,0,3,1,0,1,0,"0000000",88,88,88,88,88,88,19,0,0,1,0
48,482836,2,2,0,0,0,2,2,113,1730,5,8,2011,6,3,12,1,11,1,"I-30                          ","                              ",55,32.78329444,-96.76906389,0,12,2,0,1,1,1,0,3,1,0,1,0,"0000000",3,12,3,17,3,32,0,0,0,1,1
48,482837,2,2,0,0,0,2,2,339,1510,6,9,2011,3,21,25,1,13,8,"SL 336                        ","RIVER POINTE DR               ",47,30.27891667,-95.46255,0,12,6,0,2,3,1,0,2,1,0,1,0,"0000000",88,88,88,88,88,88,0,0,0,1,1
48,482838,1,1,0,1,1,1,1,245,490,4,10,2011,3,16,52,1,13,8,"SS 380 MLK PKWY               ","                              ",109,30.06221667,-94.09018889,0,9,0,0,1,1,1,0,1,1,0,1,0,"0000000",88,88,88,88,88,88,0,0,0,1,0
48,482839,1,1,0,1,1,1,1,39,5249,19,12,2011,2,22,15,1,13,8,"FM 518                        ","                              ",52,29.56103611,-95.29616944,0,9,0,0,8,1,1,0,3,2,0,2,0,"0000000",22,17,22,24,22,50,0,0,0,1,0
48,482840,3,3,0,0,0,4,4,355,1550,1,1,2011,7,23,2,1,12,7,"SR-358                        ","                              ",90,27.71379167,-97.38181111,0,12,6,0,8,1,1,0,3,1,0,1,0,"0000000",23,2,23,6,23,21,0,0,0,1,2
48,482841,1,1,0,2,2,1,1,355,1550,4,2,2011,6,17,9,0,16,5,"RODD FIELD RD                 ","MCARDLE RD                    ",0,27.69681389,-97.33933611,0,19,0,0,3,3,5,0,1,1,0,1,0,"0000000",17,11,17,22,17,50,0,0,0,1,0
48,482842,2,2,0,0,0,4,4,61,6502,5,2,2011,7,18,22,1,2,8,"PR 100 PADRE BLVD             ","KINGFISH ST                   ",246,26.10661944,-97.168475,0,12,6,0,2,2,1,0,5,1,0,1,0,"0000000",18,29,18,42,19,49,0,0,0,1,1
48,482843,1,1,0,0,0,1,1,113,1730,17,12,2011,7,4,20,0,14,3,"SR-78                         ","                              ",167,32.79941667,-96.74035,0,19,0,0,1,1,3,0,3,1,0,1,0,"0000000",88,88,88,88,88,88,0,0,0,1,1
48,482844,1,1,0,0,0,3,3,201,1790,14,8,2011,1,2,41,0,16,5,"PASADENA BLVD                 ","                              ",0,29.68173889,-95.14231111,0,33,0,0,1,1,4,0,3,1,0,1,0,"0000000",2,38,2,46,3,19,0,0,0,1,0
48,482845,2,2,0,0,0,2,2,97,2550,13,9,2011,3,8,8,1,11,7,"I-35                          ","                              ",178,33.67505,-97.15220833,0,12,2,0,5,1,1,0,1,1,0,1,0,"0000000",8,17,8,37,9,6,0,0,0,1,0
48,482846,1,1,0,0,0,1,1,13,5400,5,11,2011,7,2,35,0,4,2,"US-281                        ","                              ",109,28.94558611,-98.48306111,0,1,0,0,1,1,4,0,2,1,0,1,0,"0000000",99,99,99,99,99,99,0,0,0,1,0
48,482847,1,1,0,0,0,3,3,13,5400,8,12,2011,5,20,49,0,14,8,"FM-476                        ","                              ",81,28.95563889,-98.491775,0,42,0,0,1,1,4,0,2,1,0,1,0,"0000000",21,1,21,20,22,11,0,0,0,1,0
48,482848,1,1,0,1,1,1,1,209,6170,25,10,2011,3,23,6,1,11,7,"I-35                          ","                              ",81,29.88379167,-97.92185278,0,8,0,0,1,1,1,0,2,1,0,1,0,"0000000",99,99,99,99,99,99,0,0,0,1,0
48,482849,2,2,0,0,0,2,2,113,31,18,1,2011,3,0,33,0,16,5,"BELT LINE RD                  ","MIDWAY DR                     ",0,32.95440278,-96.838775,0,12,6,0,2,2,1,0,3,10,0,10,0,"0000000",0,33,0,37,1,5,0,0,0,1,0
48,482850,1,1,0,0,0,5,5,215,4197,22,1,2011,7,2,17,0,14,8,"FM 1926                       ","                              ",15,26.28871389,-98.23039167,0,1,0,0,1,1,4,0,2,1,0,1,0,"0000000",99,99,99,99,99,99,0,0,0,1,0
48,482851,1,1,0,0,0,1,1,215,6160,28,2,2011,2,4,26,0,16,5,"I RD                          ","                              ",0,26.22295833,-98.16239167,0,38,0,0,1,1,4,0,2,1,0,1,0,"0000000",88,88,88,88,88,88,0,0,0,1,0
48,482852,1,1,0,1,1,1,1,167,6860,9,3,2011,4,5,31,1,13,8,"FM-1764                       ","21ST ST                       ",121,29.39324444,-94.92510278,0,8,0,0,2,2,1,0,3,5,0,5,0,"0000000",99,99,99,99,99,99,0,0,0,1,0
48,482853,2,1,1,0,1,1,2,439,2255,25,3,2011,6,2,54,1,12,3,"SR-183 AIRPORT FWY            ","                              ",17,32.83754167,-97.09639444,0,45,0,0,1,1,1,2,2,1,0,1,0,"0000000",88,88,88,88,88,88,0,0,0,1,1
48,482854,1,1,0,0,0,4,4,201,3280,25,6,2011,7,13,22,0,16,5,"VASSER                        ","                              ",0,29.66152778,-95.31769167,0,5,0,0,1,1,1,0,1,99,0,99,0,"0000000",13,24,13,28,13,46,0,0,0,1,0
48,482855,1,1,0,1,1,1,1,201,3280,31,7,2011,1,2,0,0,16,5,"LYONS                         ","PANNELL                       ",0,29.77598889,-95.33184722,0,8,0,0,3,3,1,0,3,10,0,10,0,"0000000",99,99,99,99,99,99,0,0,0,1,0
48,482856,2,2,0,0,0,2,2,181,6501,9,8,2011,3,17,27,0,19,3,"SR-289                        ","                              ",26,33.59871111,-96.70144722,0,12,2,0,1,1,1,0,1,1,0,1,0,"0000000",99,99,99,99,99,99,0,0,0,1,1
48,482857,2,2,0,0,0,3,3,201,3280,22,8,2011,2,21,46,1,12,2,"US-59                         ","                              ",72,29.76684167,-95.34621667,0,25,0,0,1,1,4,0,3,1,0,1,0,"0000000",21,37,21,47,22,45,0,0,0,1,0
48,482858,1,1,0,0,0,1,1,201,3280,8,9,2011,5,12,30,0,16,5,"KIRKWOOD DR                   ","                              ",0,29.74427222,-95.58829444,0,44,0,0,1,1,1,0,1,1,0,1,0,"0000000",12,33,12,40,13,22,0,0,0,1,0
48,482859,1,1,0,0,0,1,1,201,3280,16,10,2011,1,1,40,1,12,8,"SL 8 SAM HOUSTON PKWY         ","                              ",120,29.79165278,-95.56339722,0,25,0,0,1,1,3,0,3,1,0,1,0,"0000000",88,88,88,88,88,88,0,0,0,1,0
48,482860,2,2,0,0,0,4,4,201,3280,26,10,2011,4,9,21,1,12,8,"SL 8 SAM HOUSTY PKWY          ","                              ",58,29.70108611,-95.55689444,0,25,0,1,5,1,4,0,1,1,0,1,0,"0000000",9,23,9,28,10,32,0,0,0,1,0
48,482861,2,2,0,0,0,3,3,201,3280,29,11,2011,3,3,29,1,12,8,"SL 8 SAM HOUSTON PKWY         ","                              ",49,29.68785,-95.55761111,0,12,2,0,1,1,1,0,3,1,0,1,0,"0000000",3,43,3,58,4,24,0,0,0,1,0
48,482862,3,3,0,0,0,4,4,121,0,30,3,2011,4,3,56,1,2,2,"US-380                        ","                              ",71,33.23596944,-97.26768333,0,12,2,0,1,1,1,0,2,10,0,10,0,"0000000",88,88,88,88,88,88,0,0,0,1,1
48,482863,1,1,0,0,0,3,3,141,9997,19,11,2011,7,6,40,0,16,5,"PAMELA RAYE RD                ","                              ",0,31.62348611,-106.23948333,0,5,0,0,1,1,1,0,4,1,0,1,0,"0000000",88,88,88,88,88,88,0,0,0,1,0
48,482864,1,1,0,0,0,1,1,141,9997,26,2,2011,7,0,19,1,13,8,"FM 76                         ","                              ",135,31.626,-106.24629722,0,43,0,0,1,1,4,0,2,1,0,1,0,"0000000",0,22,0,27,0,56,0,0,0,1,0
48,482865,1,1,0,0,0,1,1,141,2190,18,2,2011,6,15,47,1,12,8,"SL 375                        ","                              ",80,31.75384167,-106.42084722,0,24,0,1,19,1,10,0,1,1,0,1,0,"0000000",99,99,99,99,99,99,0,0,0,1,0
48,482866,2,2,0,0,0,2,2,167,6860,1,1,2011,7,20,31,1,13,3,"SR-3                          ","FM 1764                       ",122,29.39555,-94.98547222,0,12,6,1,2,3,1,0,3,1,0,1,0,"0000000",20,33,20,46,21,7,0,0,0,1,0
48,482325,5,5,0,1,1,8,8,439,2450,23,10,2011,1,18,30,1,11,1,"I-30                          ","                              ",152,32.74823056,-97.30346667,0,9,0,0,1,1,1,0,1,1,0,1,0,"0000000",88,88,88,88,88,88,0,0,0,1,0
48,482326,1,1,0,1,1,1,1,201,3280,24,10,2011,2,2,0,0,16,5,"AVE U                         ","                              ",0,29.75093333,-95.30235556,0,8,0,0,1,1,1,0,2,1,0,1,0,"0000000",88,88,88,88,88,88,0,0,0,1,0
48,482327,2,2,0,0,0,3,3,201,3280,24,10,2011,2,10,15,1,11,1,"I-10                          ","ELDRIDGE PKWY                 ",118,29.78426944,-95.61764722,0,12,6,1,2,2,1,0,1,10,0,10,0,"0000000",10,24,10,31,11,6,0,0,0,1,0
48,482328,1,1,0,0,0,1,1,217,0,25,10,2011,3,23,55,0,3,3,"SR-174                        ","                              ",49,32.15901389,-97.416275,0,1,0,0,1,1,4,0,2,1,0,1,0,"0000000",88,88,88,88,88,88,0,0,0,1,0
48,482329,1,1,0,1,1,1,1,113,1240,26,10,2011,4,13,35,0,16,5,"OLD CLARK RD                  ","                              ",0,32.60903611,-96.942625,0,9,0,0,1,1,1,0,1,1,0,1,0,"0000000",99,99,99,99,99,99,0,0,0,1,0
48,482330,2,2,0,0,0,2,2,303,4140,26,10,2011,4,17,30,0,16,5,"INDIANA AVE                   ","INDIANA DR                    ",0,33.52285278,-101.88775,0,12,6,0,2,2,1,0,1,1,0,1,0,"0000000",17,32,17,34,17,58,0,0,0,1,0
48,482331,2,2,0,0,0,2,2,439,260,26,10,2011,4,22,56,1,12,3,"SR-360                        ","                              ",116,32.75733889,-97.06344444,0,12,6,0,1,1,1,0,3,1,0,1,0,"0000000",22,56,22,59,23,26,19,0,0,1,0
48,482332,2,2,0,0,0,2,2,181,0,27,10,2011,5,16,29,0,4,8,"FM120                         ","                              ",15,33.84095,-96.67802222,0,12,8,0,1,1,1,0,1,2,0,2,0,"0000000",99,99,99,99,99,99,0,0,0,2,1
48,482333,1,1,0,0,0,1,1,201,3280,29,10,2011,7,20,0,0,16,5,"MARKET ST                     ","                              ",0,29.76952222,-95.26489167,0,1,0,0,1,1,1,0,1,1,0,1,0,"0000000",88,88,88,88,88,88,0,0,0,1,1
48,482334,1,1,0,0,0,1,1,209,0,29,10,2011,7,17,24,0,6,4,"MT SHART RD                   ","                              ",0,30.09690833,-98.17193611,0,1,0,0,1,1,4,0,1,1,0,1,0,"0000000",17,41,18,3,18,44,0,0,0,1,0
48,482335,3,3,0,0,0,4,4,423,7070,29,10,2011,7,12,58,1,13,8,"SL323                         ","NEW COPELAND RD               ",196,32.30295556,-95.29011111,0,12,2,0,2,2,1,0,1,1,0,1,0,"0000000",13,3,13,10,13,37,0,0,0,1,0
48,482336,1,1,0,0,0,1,1,485,0,29,10,2011,7,2,43,0,4,3,"SR-258                        ","                              ",74,33.85576667,-98.72930833,0,32,0,0,1,1,4,0,2,1,0,1,0,"0000000",88,88,88,88,88,88,20,0,0,1,1
48,482337,2,2,0,0,0,2,2,181,0,30,10,2011,1,22,15,1,2,2,"US-82                         ","GIBBONS RD                    ",120,33.67081111,-96.74018611,0,1,0,0,2,3,1,0,2,1,0,1,0,"0000000",88,88,88,88,88,88,0,0,0,1,0
48,482338,4,4,0,0,0,6,6,185,0,30,10,2011,1,17,0,1,2,3,"SR-105                        ","                              ",73,30.35572222,-95.96782222,0,12,8,0,1,1,1,0,1,1,0,1,0,"0000000",17,9,17,35,18,15,0,0,0,1,0
48,482339,1,1,0,0,0,3,3,201,3280,30,10,2011,1,2,55,0,16,5,"W DALLAS ST                   ","                              ",0,29.75740278,-95.39066111,0,30,0,0,1,1,4,0,3,1,0,1,0,"0000000",2,58,3,2,3,24,0,0,0,1,1
48,482340,1,1,0,1,1,1,1,201,3280,30,10,2011,1,3,0,0,16,5,"SHAVER ST                     ","                              ",0,29.63333333,-95.21604722,0,8,0,0,1,1,1,0,3,1,0,1,0,"0000000",3,31,4,6,4,21,0,0,0,1,0
48,482341,3,3,0,0,0,5,5,285,0,30,10,2011,1,12,56,0,4,3,"SR-111                        ","                              ",67,29.23603889,-97.04939722,0,12,1,0,8,1,1,0,1,1,0,1,0,"0000000",12,56,13,3,13,28,0,0,0,1,0
48,482342,1,1,0,0,0,1,1,491,0,30,10,2011,1,1,19,0,4,8,"FM 1063                       ","                              ",65,30.59765556,-97.2848,0,30,0,0,1,1,5,0,2,1,0,1,0,"0000000",99,99,99,99,99,99,0,0,0,1,1
48,482343,2,2,0,0,0,2,2,201,0,31,10,2011,2,20,0,0,6,4,"HUFFMAN CLEVELAND RD          ","                              ",0,30.05728056,-95.09551944,0,12,1,0,1,1,1,0,2,1,0,1,0,"0000000",88,88,88,88,88,88,0,0,0,1,0
48,482344,2,2,0,0,0,5,5,201,3280,31,10,2011,2,0,45,1,11,7,"I-45                          ","BROADWAY ST                   ",157,29.68466667,-95.27736111,0,12,9,1,3,2,1,0,6,1,0,1,0,"0000000",0,47,0,52,1,36,0,0,0,1,1
48,482345,2,2,0,0,0,3,3,183,4080,1,11,2011,3,13,6,0,16,5,"4TH ST                        ","                              ",0,32.53321389,-94.72871111,0,12,6,0,8,1,1,0,1,1,0,1,0,"0000000",13,6,13,13,13,29,0,0,0,1,0
48,482346,2,2,0,0,0,2,2,367,0,1,11,2011,3,0,19,0,4,5,"FM 3325                       ","                              ",51,32.82931389,-97.59738056,0,12,2,0,1,1,1,0,2,1,0,1,0,"0000000",99,99,99,99,99,99,20,0,0,1,1
48,482347,1,1,0,0,0,3,3,21,0,2,11,2011,4,15,59,0,14,3,"SR-95                         ","                              ",29,30.36853333,-97.37260833,0,32,0,0,1,1,4,0,1,1,0,1,0,"0000000",99,99,99,99,99,99,0,0,0,2,0
48,482349,1,1,0,1,1,1,1,201,3280,2,11,2011,4,9,59,0,16,5,"GREENS RD                     ","                              ",0,29.95070556,-95.38885278,0,9,0,1,18,1,1,0,1,1,0,1,0,"0000000",10,0,10,5,10,18,0,0,0,1,0
48,482350,3,2,1,2,2,2,2,85,0,3,11,2011,5,16,40,1,2,2,"US-75                         ","                              ",61,33.31147778,-96.590975,0,12,1,1,18,1,1,0,1,1,0,1,0,"0000000",99,99,99,99,99,99,0,0,0,1,0
48,482351,2,2,0,1,1,3,3,113,1730,3,11,2011,5,21,6,0,16,5,"CEDAR SPRINGS RD              ","                              ",0,32.81011111,-96.810075,0,8,0,0,1,1,1,0,3,1,0,1,0,"0000000",21,9,21,9,21,25,0,0,0,1,0
48,482352,1,1,0,0,0,1,1,201,0,4,11,2011,6,21,46,0,6,4,"MORTON RANCH RD               ","                              ",0,29.81699722,-95.75588056,0,42,0,0,1,1,4,0,2,1,0,1,0,"0000000",88,88,88,88,88,88,0,0,0,1,0
48,482353,1,1,0,0,0,16,16,399,0,4,11,2011,6,15,15,0,3,2,"US-83                         ","                              ",103,31.60828056,-99.92617778,0,32,0,0,1,1,4,0,1,1,0,1,0,"0000000",15,19,15,38,15,54,0,0,0,1,0
48,482354,2,2,0,0,0,2,2,113,1730,5,11,2011,7,12,40,1,13,3,"SR-12                         ","N MURDEAUX LN                 ",205,32.71308333,-96.69303333,0,12,6,0,2,2,1,0,1,1,0,1,0,"0000000",12,44,12,51,13,9,0,0,0,1,0
48,482355,2,2,0,0,0,2,2,285,0,5,11,2011,7,10,2,0,4,8,"FM532                         ","                              ",47,29.56978333,-97.06512778,0,12,1,0,8,1,1,0,1,1,0,1,0,"0000000",10,41,11,8,12,31,0,0,0,1,0
48,482356,1,1,0,0,0,4,4,141,2190,5,11,2011,7,18,16,0,16,5,"CHICKASAW DR                  ","                              ",0,31.79391111,-106.29726667,0,5,0,0,1,1,1,0,3,1,0,1,0,"0000000",18,16,18,21,18,47,0,0,0,1,0
48,482357,1,1,0,0,0,1,1,141,2190,5,11,2011,7,0,39,1,2,8,"SL375                         ","                              ",206,31.88044722,-106.34770833,0,24,0,0,1,1,3,0,2,1,0,1,0,"0000000",0,40,0,48,1,17,0,0,0,1,0
48,482358,1,1,0,0,0,1,1,291,0,5,11,2011,7,12,19,1,2,2,"US-59                         ","                              ",95,30.27746389,-95.13196111,0,59,0,0,1,1,4,0,1,1,0,1,0,"0000000",88,88,88,88,88,88,0,0,0,1,0
48,482867,1,1,0,0,0,1,1,113,5730,7,10,2011,6,5,2,0,16,5,"SPRING VALLEY RD              ","                              ",0,32.94,-96.73820278,0,21,0,0,1,1,3,0,3,10,0,10,0,"0000000",99,99,99,99,99,99,0,0,0,1,1
48,482868,3,3,0,0,0,3,3,245,490,22,12,2011,5,9,27,1,12,2,"US-69                         ","                              ",40,30.09565,-94.13297778,0,12,7,0,1,1,1,0,1,2,0,2,0,"0000000",99,99,99,99,99,99,0,0,0,1,0
48,482869,1,1,0,0,0,2,2,245,5430,29,10,2011,7,18,37,1,13,3,"SR-73                         ","                              ",227,29.88793333,-94.02640556,0,1,0,0,1,1,4,0,1,1,0,1,0,"0000000",99,99,99,99,99,99,0,0,0,1,0
48,482870,1,1,0,0,0,1,1,113,1730,12,12,2011,2,4,25,0,16,5,"CESAR CHAVEZ BLVD             ","                              ",0,32.76687222,-96.77687778,0,21,0,0,1,1,4,0,3,1,0,1,0,"0000000",88,88,88,88,88,88,0,0,0,1,1
48,482871,1,1,0,0,0,2,2,113,1730,26,12,2011,2,23,24,1,11,1,"I-35                          ","                              ",260,32.87412778,-96.89790556,0,26,0,0,1,1,4,0,2,1,0,1,0,"0000000",99,99,99,99,99,99,0,0,0,1,1
48,482359,2,2,0,0,0,3,3,329,4560,5,11,2011,7,17,45,1,11,1,"I-20                          ","SR-349                        ",143,31.99390556,-102.07809722,0,24,0,1,18,1,3,0,1,1,0,1,0,"0000000",17,45,17,58,18,16,0,0,0,1,0
48,482360,2,2,0,0,0,2,2,355,0,5,11,2011,7,19,21,0,4,8,"FM1355                        ","MEDIATA RD                    ",1,27.61990556,-97.88044167,0,12,6,0,2,3,1,0,2,1,0,1,0,"0000000",99,99,99,99,99,99,0,0,0,1,0
48,482361,1,1,0,1,1,2,2,453,330,6,11,2011,1,3,16,1,11,1,"I-35                          ","                              ",164,30.24664722,-97.73488333,0,8,0,0,1,1,2,0,3,1,0,1,0,"0000000",88,88,88,88,88,88,0,0,0,1,0
48,482362,1,1,0,1,1,1,1,141,2190,7,11,2011,2,1,20,0,16,5,"PEBBLE HILLS BLVD             ","                              ",0,31.78365278,-106.32063056,0,8,0,0,1,1,1,0,3,1,0,1,0,"0000000",88,88,88,88,88,88,0,0,0,1,0
48,482363,2,2,0,0,0,4,4,141,2190,7,11,2011,2,1,46,1,13,2,"US-62                         ","                              ",191,31.80144444,-106.30514167,0,12,1,0,1,1,1,0,3,1,0,1,0,"0000000",88,88,88,88,88,88,0,0,0,1,1
48,482364,1,1,0,0,0,3,3,201,3280,7,11,2011,2,2,10,0,16,5,"ALABAMA ST                    ","                              ",0,29.73861667,-95.40560833,0,38,0,0,1,1,4,0,3,1,0,1,0,"0000000",2,10,2,14,2,35,0,0,0,1,1
48,482365,2,2,0,0,0,2,2,355,5420,8,11,2011,3,0,48,0,3,3,"SR-361                        ","                              ",117,27.80755556,-97.08134167,0,12,1,0,1,1,1,0,2,1,0,1,0,"0000000",88,88,88,88,88,88,0,0,0,1,2
48,482366,2,2,0,0,0,2,2,479,0,8,11,2011,3,12,16,1,2,2,"US-83                         ","                              ",101,28.065725,-99.55976389,0,12,1,0,8,1,1,0,1,1,0,1,0,"0000000",99,99,99,99,99,99,0,0,0,1,0
48,482367,1,1,0,0,0,2,2,245,2905,9,11,2011,4,22,16,1,12,3,"SR-73                         ","                              ",310,29.94083611,-93.91395833,0,59,0,0,1,1,10,0,2,2,0,2,0,"0000000",22,19,22,25,23,19,0,0,0,1,1
48,482368,1,1,0,1,1,1,1,215,4650,10,11,2011,5,18,15,0,16,5,"2 MILE LINE RD                ","TULIPAN ST                    ",0,26.24750833,-98.34658333,0,8,0,0,3,1,1,0,2,1,0,1,0,"0000000",18,16,18,25,18,44,0,0,0,1,0
48,482369,1,1,0,0,0,1,1,7,240,12,11,2011,7,20,12,1,13,8,"BS 35L                        ","                              ",92,27.91871944,-97.13466111,0,1,0,0,1,1,4,0,2,1,0,1,0,"0000000",20,15,20,17,20,24,0,0,0,1,1
48,482370,1,1,0,0,0,3,3,141,2190,12,11,2011,7,2,45,0,19,8,"SP 601 RAMP                   ","SL 375                        ",99999,31.84105278,-106.32508056,0,46,0,0,5,1,8,0,3,10,0,10,0,"0000000",2,48,2,58,3,33,0,0,0,2,0
48,482371,1,1,0,0,0,1,1,201,0,12,11,2011,7,12,32,0,6,5,"BREEN                         ","                              ",0,29.89899444,-95.46846944,0,59,0,0,1,1,4,0,1,1,0,1,0,"0000000",88,88,88,88,88,88,0,0,0,1,0
48,482372,1,1,0,0,0,1,1,121,0,13,11,2011,1,11,14,0,4,8,"FM 2450                       ","                              ",64,33.34152778,-97.23831111,0,1,0,0,1,1,4,0,1,1,0,1,0,"0000000",99,99,99,99,99,99,0,0,0,1,0
48,482373,2,2,0,0,0,4,4,141,2190,13,11,2011,1,22,57,1,11,7,"I-10                          ","                              ",325,31.72628056,-106.31117222,0,12,7,0,1,1,1,0,3,2,0,2,0,"0000000",88,88,88,88,88,88,0,0,0,1,0
48,482374,1,1,0,0,0,1,1,201,0,13,11,2011,1,3,35,0,6,4,"ADLONG SCHOOL RD              ","                              ",0,29.92929722,-95.02006667,0,38,0,0,1,1,4,0,2,1,0,1,0,"0000000",88,88,88,88,88,88,0,0,0,1,1
48,482375,1,1,0,0,0,1,1,27,0,14,11,2011,2,15,5,0,4,8,"FM-2484                       ","                              ",18,30.98629722,-97.73306667,0,1,0,0,1,1,4,0,1,1,0,1,0,"0000000",99,99,99,99,99,99,0,0,0,1,0
48,482376,3,2,1,0,0,2,2,135,5030,15,11,2011,3,17,46,0,16,5,"CANDY LN                      ","KENWOOD DR                    ",0,31.88693889,-102.34692778,0,12,2,0,2,2,1,0,1,1,0,1,0,"0000000",88,88,88,88,88,88,0,0,0,1,0
48,482377,4,4,0,0,0,5,5,201,3280,17,11,2011,5,13,37,1,13,8,"FM 521                        ","OREM                          ",82,29.62765,-95.41395833,0,12,2,0,2,2,1,0,1,1,0,1,0,"0000000",13,41,13,56,14,25,0,0,0,1,0
48,482378,2,2,0,0,0,3,3,225,0,17,11,2011,5,13,0,0,3,2,"US-287                        ","                              ",205,31.29706389,-95.42251944,0,12,2,0,1,1,1,0,1,1,0,1,0,"0000000",13,11,13,13,14,6,0,0,0,1,0
48,482379,1,1,0,0,0,2,2,439,2450,17,11,2011,5,15,45,1,13,2,"US-377                        ","KERMIT AVE                    ",21,32.71427222,-97.44506389,0,33,0,1,2,2,4,0,1,1,0,1,0,"0000000",88,88,88,88,88,88,0,0,0,2,0
48,482380,1,1,0,1,1,1,1,361,5100,18,11,2011,6,23,2,1,13,8,"BU 90 Y                       ","                              ",157,30.113575,-93.72978889,0,8,0,0,1,1,1,0,3,1,0,1,0,"0000000",88,88,88,88,88,88,0,0,0,1,0
48,482381,2,2,0,0,0,3,3,41,970,19,11,2011,7,0,54,1,13,8,"FM2818                        ","                              ",79,30.64183611,-96.38566389,0,12,6,0,1,1,1,1,2,1,0,1,0,"0000000",88,88,88,88,88,88,0,0,0,1,1
48,482382,1,1,0,0,0,1,1,113,1730,19,11,2011,7,3,33,1,11,1,"I-45                          ","                              ",201,32.79389722,-96.79265278,0,21,0,1,5,1,3,0,3,1,0,1,0,"0000000",3,37,3,44,4,8,0,0,0,1,1
48,482383,2,2,0,0,0,3,3,141,2190,19,11,2011,7,18,35,0,16,5,"HERCULES AVE                  ","COMET ST                      ",0,31.85493611,-106.44696944,0,12,6,0,2,2,1,0,2,1,0,1,0,"0000000",18,36,18,37,18,59,0,0,0,1,0
48,482384,1,1,0,1,1,1,1,351,0,19,11,2011,7,14,35,0,3,3,"SR-63                         ","                              ",66,30.98936389,-93.76315556,0,9,0,0,1,1,1,0,1,1,0,1,0,"0000000",88,88,88,88,88,88,0,0,0,1,0