"STATE","ST_CASE","VE_TOTAL","VE_FORMS","PVH_INVL","PEDS","PERNOTMVIT","PERMVIT","PERSONS","COUNTY","CITY","DAY","MONTH","YEAR","DAY_WEEK","HOUR","MINUTE","NHS","ROAD_FNC","ROUTE","TWAY_ID","TWAY_ID2","MILEPT","LATITUDE","LONGITUD","SP_JUR","HARM_EV","MAN_COLL","RELJCT1","RELJCT2","TYP_INT","REL_ROAD","WRK_ZONE","LGT_COND","WEATHER1","WEATHER2","WEATHER","SCH_BUS","RAIL","NOT_HOUR","NOT_MIN","ARR_HOUR","ARR_MIN","HOSP_HR","HOSP_MN","CF1","CF2","CF3","FATALS","DRUNK_DR"
48,482385,2,2,0,0,0,3,3,29,6090,20,11,2011,1,0,40,0,16,5,"THOUSAND OAKS                 ","                              ",0,29.55421389,-98.41246111,0,12,2,0,8,1,1,0,3,1,0,1,0,"0000000",0,42,0,48,1,12,0,0,0,1,0
48,482386,2,2,0,0,0,3,3,227,640,20,11,2011,1,0,3,1,13,8,"FM700                         ","                              ",20,32.23448611,-101.49091944,0,12,2,0,1,1,1,0,2,1,0,1,0,"0000000",0,5,0,13,1,39,0,0,0,1,1
48,482387,2,2,0,1,1,1,1,27,3027,21,11,2011,2,19,8,0,14,8,"FM2410                        ","                              ",60,31.07624722,-97.68261667,0,12,1,0,1,1,1,0,2,10,0,10,0,"0000000",19,10,19,22,19,55,23,0,0,1,0
48,482388,1,1,0,1,1,1,1,201,0,21,11,2011,2,5,35,0,6,4,"ALMEDA RD                     ","                              ",0,29.59323611,-95.42766944,0,8,0,0,1,1,1,0,2,10,0,10,0,"0000000",88,88,88,88,88,88,0,0,0,1,0
48,482389,1,1,0,1,1,2,2,201,0,21,11,2011,2,12,30,1,11,1,"I-45                          ","                              ",401,29.98632778,-95.42366667,0,8,0,0,5,1,8,1,1,10,0,10,0,"0000000",12,38,12,45,13,27,0,0,0,1,0
48,482390,2,2,0,0,0,4,4,113,1730,22,11,2011,3,1,13,1,11,1,"I-35E                         ","                              ",113,32.71288333,-96.82956667,0,12,6,0,1,1,1,0,3,2,0,2,0,"0000000",1,21,1,23,1,43,19,23,0,1,0
48,482392,1,1,0,0,0,1,1,355,1550,23,11,2011,4,19,11,0,16,5,"LOU ST                        ","                              ",0,27.78448333,-97.43546389,0,42,0,0,1,1,4,0,2,10,0,10,0,"0000000",19,13,19,17,19,30,0,0,0,1,0
48,482393,1,1,0,1,1,1,1,201,3280,24,11,2011,5,0,5,0,16,5,"WESTHEIMER PKWY               ","                              ",0,29.72490556,-95.66348333,0,8,0,0,1,1,1,0,2,1,0,1,0,"0000000",88,88,88,88,88,88,0,0,0,1,0
48,482394,1,1,0,1,1,1,1,113,1730,25,11,2011,6,22,30,0,16,5,"CEDAR SPRINGS                 ","KNIGHT ST                     ",0,32.81173056,-96.81215,0,8,0,0,3,3,1,0,3,1,0,1,0,"0000000",99,99,99,99,99,99,0,0,0,1,0
48,482395,2,1,1,1,1,1,1,439,2450,25,11,2011,6,23,55,1,11,1,"I-35                          ","                              ",59,32.73550278,-97.320475,0,14,0,1,18,1,3,0,3,10,0,10,0,"0000000",88,88,88,88,88,88,19,0,0,1,0
48,482396,1,1,0,0,0,1,1,439,2255,27,11,2011,1,7,7,0,16,5,"ASH                           ","                              ",0,32.85856389,-97.06711667,0,42,0,0,1,1,3,0,1,1,0,1,0,"0000000",7,4,7,8,7,48,0,0,0,1,0
48,482397,2,2,0,0,0,4,4,41,970,28,11,2011,2,17,40,1,12,7,"SR-6 FRONTAGE                 ","MLK ST                        ",50,30.68849167,-96.34903333,0,12,6,1,2,2,1,0,5,1,0,1,0,"0000000",17,40,17,45,18,0,0,0,0,1,0
48,482398,2,2,0,0,0,4,4,201,0,29,11,2011,3,10,44,0,6,4,"FALLBROOK                     ","HARVEST SUN                   ",0,29.92585,-95.55923333,0,12,6,0,2,2,1,0,1,1,0,1,0,"0000000",10,45,10,57,11,45,0,0,0,1,0
48,482399,1,1,0,0,0,3,3,331,0,29,11,2011,3,23,22,0,6,4,"252                           ","                              ",0,30.88694722,-96.875625,0,1,0,0,1,1,4,0,2,1,0,1,0,"0000000",99,99,99,99,99,99,0,0,0,1,1
48,482400,2,2,0,0,0,2,2,121,1840,30,11,2011,4,16,12,0,16,5,"POCKRUS PAGE RD               ","FOX SEDGE LN                  ",0,33.17077222,-97.07311667,0,12,6,0,2,3,1,0,1,1,0,1,0,"0000000",88,88,88,88,88,88,0,0,0,1,0
48,482401,2,2,0,0,0,2,2,201,0,13,7,2011,4,17,50,0,4,8,"FM 1942                       ","                              ",24,29.87791944,-95.04006111,0,12,2,0,1,1,1,0,1,1,0,1,0,"0000000",17,52,17,55,18,50,0,0,0,1,0
48,482402,2,1,1,0,0,1,1,245,5430,24,8,2011,4,6,57,0,16,5,"9TH AVE                       ","                              ",0,29.902025,-93.91218611,0,14,0,0,1,1,5,0,1,1,0,1,0,"0000000",6,58,7,3,7,15,0,0,0,1,0
48,482403,2,2,0,0,0,3,3,475,0,24,9,2011,7,23,0,1,1,1,"I-20                          ","                              ",234,31.55134444,-103.02880833,0,12,1,0,1,1,1,0,2,1,0,1,0,"0000000",23,13,23,24,23,50,0,0,0,1,0
48,482404,1,1,0,0,0,1,1,39,0,6,10,2011,5,15,30,0,6,4,"257                           ","                              ",0,29.05847778,-95.14208333,0,1,0,0,1,1,1,0,1,6,0,6,0,"0000000",88,88,88,88,88,88,0,0,0,1,0
48,482405,2,2,0,2,2,1,1,201,3280,13,10,2011,5,0,24,1,11,1,"I-45                          ","                              ",173,29.702,-95.295125,0,12,6,0,1,1,1,0,2,1,0,1,0,"0000000",0,24,0,33,1,7,15,19,23,1,0
48,482406,1,1,0,0,0,2,2,365,0,14,10,2011,6,8,17,1,2,2,"US-79                         ","                              ",91,32.30953056,-94.15601389,0,11,0,0,1,1,1,0,1,1,0,1,0,"0000000",99,99,99,99,99,99,0,0,0,1,0
48,482407,1,1,0,0,0,1,1,201,3280,15,10,2011,7,18,39,0,16,5,"CORONADO ST                   ","                              ",0,29.79994444,-95.37351944,0,3,0,0,8,1,5,0,1,1,0,1,0,"0000000",88,88,88,88,88,88,0,0,0,1,1
48,482408,2,2,0,0,0,2,2,473,5234,15,10,2011,7,5,25,0,4,8,"FM 359                        ","                              ",292,29.82061111,-95.98574167,0,12,2,0,1,1,1,0,2,1,0,1,0,"0000000",5,30,5,42,6,43,0,0,0,1,1
48,482409,2,2,0,0,0,2,2,135,0,20,10,2011,5,17,50,1,2,3,"SR-158                        ","                              ",285,32.03386389,-102.38686111,0,12,2,0,1,1,1,0,1,1,0,1,0,"0000000",88,88,88,88,88,88,0,0,0,1,0
48,482410,3,1,2,1,1,1,1,157,0,21,10,2011,6,23,35,0,4,8,"FM 2759                       ","                              ",49,29.51846944,-95.62603056,0,8,0,0,1,1,4,0,2,1,0,1,0,"0000000",23,35,23,49,0,16,0,0,0,1,0
48,482411,2,2,0,0,0,5,5,291,0,22,10,2011,7,10,23,0,3,8,"FM 1960                       ","623                           ",17,30.04943611,-95.03081944,0,12,6,0,2,2,1,0,1,1,0,1,0,"0000000",10,28,10,50,12,1,0,0,0,1,1
48,482412,2,2,0,0,0,2,2,291,0,25,10,2011,3,5,15,0,4,8,"FM 1409                       ","460                           ",136,29.99745,-94.86538889,0,12,2,0,2,3,1,0,2,5,0,5,0,"0000000",88,88,88,88,88,88,0,0,0,1,0
48,482413,2,2,0,0,0,2,2,157,0,26,10,2011,4,21,10,0,3,8,"FM 521                        ","                              ",38,29.47538333,-95.47325278,0,12,6,0,8,1,1,0,2,1,0,1,0,"0000000",20,48,20,58,21,45,0,0,0,1,0
48,482414,2,2,0,0,0,2,2,303,4140,26,10,2011,4,17,8,1,13,2,"US-84                         ","MARTIN LUTHER KING BLVD       ",63,33.53018611,-101.82058056,0,12,6,1,2,2,1,0,2,1,0,1,0,"0000000",17,9,17,16,17,33,0,0,0,1,0
48,482415,1,1,0,0,0,5,5,183,0,28,10,2011,6,17,47,0,6,4,"GOFORTH RD                    ","                              ",0,32.40824167,-94.96026389,0,1,0,0,1,1,1,0,1,1,0,1,0,"0000000",17,49,17,59,18,50,0,0,0,2,0
48,482416,2,2,0,0,0,2,2,339,0,30,10,2011,1,21,20,0,6,4,"BAY BRANCH DR                 ","                              ",0,30.20445,-95.52756389,0,12,1,0,1,1,1,0,3,1,0,1,0,"0000000",21,22,21,37,22,8,0,0,0,1,2
48,482417,2,2,0,0,0,3,3,361,7200,7,11,2011,2,5,26,0,14,3,"SR-12                         ","                              ",20,30.14861944,-93.97978889,0,12,2,0,8,1,1,0,3,10,0,10,0,"0000000",5,28,5,33,6,22,0,0,0,1,0
48,482418,2,2,0,0,0,4,4,329,0,8,11,2011,3,18,35,0,4,8,"FM 1787                       ","FM 1788                       ",116,31.68268611,-102.14205556,0,12,6,0,2,2,1,0,2,1,0,1,0,"0000000",18,35,18,56,19,37,0,0,0,2,0
48,482419,3,3,0,0,0,5,5,285,0,11,11,2011,6,13,48,0,4,3,"SR-95                         ","                              ",5,29.62391944,-97.13035278,0,12,6,0,1,1,1,0,1,10,0,10,0,"0000000",13,52,14,35,15,14,0,0,0,2,0
48,482420,1,1,0,0,0,1,1,21,0,14,11,2011,2,15,27,0,4,8,"FM 812                        ","                              ",49,30.05738611,-97.55555278,0,42,0,0,1,1,4,0,1,1,0,1,0,"0000000",88,88,88,88,88,88,0,0,0,1,1
48,482421,2,2,0,0,0,3,3,21,0,20,11,2011,1,9,14,0,5,8,"FM 2336                       ","                              ",53,30.2158,-97.29173611,0,12,2,0,1,1,1,0,1,10,0,10,0,"0000000",9,17,9,39,10,3,0,0,0,2,0
48,482422,1,1,0,1,1,1,1,167,6860,20,11,2011,1,14,1,1,12,3,"SR-146                        ","                              ",54,29.48198333,-94.98527778,0,9,0,0,1,1,1,0,1,1,0,1,0,"0000000",14,0,14,8,14,34,0,0,0,1,0
48,482423,3,3,0,0,0,4,4,255,0,23,11,2011,4,13,2,1,2,2,"US-181                        ","                              ",105,28.90046389,-97.92636111,0,12,1,0,8,1,1,0,1,1,0,1,0,"0000000",13,9,13,36,14,23,0,0,0,1,0
48,482424,1,1,0,0,0,1,1,339,0,2,11,2011,4,16,5,0,4,8,"FM 2090                       ","                              ",243,30.25926944,-95.24348611,0,42,0,0,1,1,4,0,1,10,0,10,0,"0000000",88,88,88,88,88,88,0,0,0,1,0
48,482425,2,2,0,0,0,2,2,467,0,2,11,2011,4,14,7,0,4,8,"FM 279                        ","                              ",179,32.36211667,-95.46501111,0,12,2,0,1,1,1,0,1,1,0,1,0,"0000000",99,99,99,99,99,99,0,0,0,1,1
48,482426,1,1,0,0,0,2,2,141,6135,3,11,2011,5,3,26,0,16,5,"THOMPSON                      ","                              ",0,31.60371389,-106.26961944,0,35,0,0,1,1,4,0,2,1,0,1,0,"0000000",8,2,8,7,9,28,0,0,0,1,0
48,482427,1,1,0,0,0,1,1,201,3280,5,11,2011,7,8,35,0,16,5,"GESSNER DR                    ","                              ",0,29.64094444,-95.52808333,0,33,0,0,1,1,4,0,3,1,0,1,0,"0000000",88,88,88,88,88,88,0,0,0,1,1
48,482428,2,2,0,0,0,3,3,51,0,7,11,2011,2,17,57,0,4,8,"FM-60                         ","                              ",147,30.36291111,-96.62111111,0,12,1,0,1,1,1,0,5,10,0,10,0,"0000000",17,59,18,8,18,37,0,0,0,1,0
48,482429,2,2,0,0,0,2,2,183,0,8,11,2011,3,17,35,0,4,8,"FM 2276                       ","                              ",22,32.38786389,-94.81016667,0,12,2,0,1,1,1,0,1,10,0,10,0,"0000000",99,99,99,99,99,99,0,0,0,1,1
48,482430,2,2,0,0,0,5,5,1,2170,13,11,2011,1,1,25,0,3,2,"US-287                        ","                              ",101,31.62541389,-95.57114167,0,12,2,0,1,1,1,0,2,1,0,1,0,"0000000",1,34,1,48,2,45,0,0,0,1,1
48,482431,1,1,0,1,1,1,1,183,0,14,11,2011,2,20,15,0,3,3,"SR-149                        ","                              ",294,32.38826944,-94.66278889,0,8,0,0,1,1,1,0,2,1,0,1,0,"0000000",88,88,88,88,88,88,0,0,0,1,0
48,482432,2,2,0,0,0,2,2,291,1380,14,11,2011,2,18,47,0,3,8,"FM2025                        ","                              ",15,30.35756944,-95.09118056,0,12,2,0,1,1,1,0,6,1,0,1,0,"0000000",99,99,99,99,99,99,0,0,0,1,1
48,482433,3,3,0,0,0,3,3,201,3280,16,11,2011,4,20,25,1,11,1,"I-610                         ","                              ",3,29.799375,-95.44922778,0,1,0,0,1,1,1,0,3,1,0,1,0,"0000000",20,27,20,40,20,48,14,0,0,1,0
48,482434,2,2,0,0,0,3,3,203,0,17,11,2011,5,4,25,1,1,1,"I-20                          ","FM31                          ",239,32.4936,-94.29726389,0,12,1,1,18,1,1,0,2,1,0,1,0,"0000000",88,88,88,88,88,88,0,0,0,1,0
48,482435,3,3,0,0,0,5,5,57,0,19,11,2011,7,0,48,1,2,3,"SR-35                         ","                              ",126,28.51511667,-96.81148333,0,12,1,0,8,1,1,0,2,1,0,1,0,"0000000",88,88,88,88,88,88,0,0,0,1,1
48,482436,1,1,0,0,0,1,1,401,0,19,11,2011,7,22,42,0,4,8,"FM2012                        ","                              ",236,32.30517222,-94.89661389,0,1,0,0,1,1,4,0,2,10,0,10,0,"0000000",88,88,88,88,88,88,0,0,0,1,1
48,482437,1,1,0,0,0,2,2,205,0,20,11,2011,1,23,36,0,3,2,"US-385                        ","                              ",244,35.75501111,-102.32127222,0,1,0,0,1,1,1,0,2,1,0,1,0,"0000000",99,99,99,99,99,99,0,0,0,2,0
48,482438,1,1,0,0,0,1,1,127,0,21,11,2011,2,19,20,0,4,3,"SR-85                         ","                              ",103,28.56038611,-99.69772778,0,1,0,0,1,1,4,0,2,1,0,1,0,"0000000",88,88,88,88,88,88,0,0,0,1,0
48,482439,2,1,1,0,0,3,3,201,3280,21,11,2011,2,4,50,0,16,5,"RICHMOND AVE                  ","                              ",0,29.72891111,-95.53489167,0,30,0,0,1,1,4,0,3,10,0,10,0,"0000000",5,8,5,11,5,49,0,0,0,1,1
48,482440,2,2,0,0,0,3,3,127,0,22,11,2011,3,15,10,0,3,2,"US-83                         ","FM1407                        ",66,28.62846667,-99.84317778,0,12,6,0,2,2,1,0,1,1,0,1,0,"0000000",99,99,15,10,15,43,0,0,0,2,0
48,482441,2,2,0,0,0,2,2,239,0,22,11,2011,3,7,48,0,4,8,"FM 3131                       ","                              ",85,28.888425,-96.55229167,0,24,0,0,1,1,4,0,1,10,0,10,0,"0000000",7,51,8,6,8,45,0,0,0,1,0
48,482442,2,2,0,0,0,5,5,113,1730,23,11,2011,4,22,35,1,11,1,"I-635 RAMP                    ","                              ",64,32.92364167,-96.76663889,0,12,1,1,5,1,1,0,3,1,0,1,0,"0000000",88,88,88,88,88,88,23,0,0,1,1
48,482443,1,1,0,1,1,2,2,201,3320,23,11,2011,4,22,9,0,16,5,"TOWNSEN BLVD                  ","                              ",0,30.00560556,-95.28245,0,8,0,0,1,1,1,0,2,1,0,1,0,"0000000",88,88,88,88,88,88,0,0,0,1,0
48,482444,2,2,0,0,0,2,2,217,0,23,11,2011,4,7,2,0,4,3,"SR-171                        ","                              ",32,31.81410833,-96.75616389,0,12,6,0,1,1,1,0,1,5,0,5,0,"0000000",7,1,7,6,8,9,0,0,0,1,0
48,482445,1,1,0,0,0,1,1,113,4530,24,11,2011,5,4,47,0,16,5,"GALLOWAY AVE                  ","                              ",0,32.80088611,-96.61114444,0,42,0,0,1,1,4,0,3,1,0,1,0,"0000000",4,48,4,52,5,19,0,0,0,1,1
48,482446,3,3,0,0,0,6,6,167,6213,24,11,2011,5,23,45,1,13,8,"FM 646                        ","4TH ST                        ",141,29.41168611,-95.09211111,0,12,99,0,2,2,1,1,2,10,0,10,0,"0000000",23,49,0,4,1,2,0,0,0,1,1
48,482447,3,1,2,1,1,4,4,439,2450,26,11,2011,7,0,50,0,16,5,"LOVING AVE                    ","                              ",0,32.79901389,-97.36558056,0,14,0,0,1,1,4,0,2,2,0,2,0,"0000000",0,56,0,59,1,31,0,0,0,1,0
48,482448,1,1,0,0,0,1,1,99,0,28,11,2011,2,20,40,0,6,4,"OLD OSAGE RD                  ","                              ",0,31.44797222,-97.69141389,0,18,0,0,1,1,5,0,2,1,0,1,0,"0000000",20,59,21,22,21,45,0,0,0,1,0
48,482449,2,2,0,0,0,3,3,439,260,29,11,2011,3,20,35,0,16,5,"COOPER ST                     ","ROAD TO SIX FLAGS             ",0,32.75741667,-97.11443056,0,12,6,0,2,2,1,0,3,1,0,1,0,"0000000",20,36,20,42,20,58,0,0,0,1,0
48,482450,2,2,0,0,0,2,2,431,6595,30,11,2011,4,15,54,1,2,2,"US-87                         ","ENNIS ST                      ",7,31.83630278,-100.98316389,0,12,6,0,2,2,1,0,1,1,0,1,0,"0000000",88,88,88,88,88,88,0,0,0,1,0
48,482451,2,2,0,0,0,2,2,201,3280,2,5,2011,2,12,40,0,16,5,"HOMESTEAD RD                  ","LANGLEY                       ",0,29.86684167,-95.30044722,0,12,6,0,2,2,1,0,1,1,0,1,0,"0000000",12,46,12,54,13,26,0,0,0,1,0
48,482452,2,2,0,0,0,2,2,201,3280,29,6,2011,4,0,10,1,12,2,"US-90                         ","                              ",36,29.63983056,-95.48316389,0,12,6,0,1,1,1,0,3,1,0,1,0,"0000000",0,11,0,17,0,37,0,0,0,1,0
48,482453,1,1,0,0,0,1,1,201,5230,9,7,2011,7,21,45,0,16,5,"SPACE CENTER BLVD             ","                              ",0,29.66292222,-95.14373333,0,33,0,0,1,1,4,0,1,1,0,1,0,"0000000",88,88,88,88,88,88,0,0,0,1,1
48,482454,1,1,0,0,0,4,4,29,0,17,7,2011,1,5,4,0,6,4,"SOUTHTON RD                   ","CENTER RD                     ",0,29.30253889,-98.43180833,0,38,0,0,3,4,4,0,2,1,0,1,0,"0000000",5,7,5,29,5,57,0,0,0,2,0
48,482455,2,2,0,0,0,3,3,29,0,5,8,2011,6,3,11,1,1,1,"I-10                          ","                              ",19,29.71988056,-98.66671667,0,12,2,0,1,1,1,0,2,1,0,1,0,"0000000",3,13,3,38,4,16,0,0,0,2,1
48,482456,1,1,0,0,0,1,1,29,0,14,8,2011,1,4,4,0,4,2,"US-281                        ","                              ",119,29.16315833,-98.48238333,0,1,0,0,1,1,3,0,2,10,0,10,0,"0000000",88,88,88,88,88,88,0,0,0,1,1
48,482457,1,1,0,0,0,1,1,29,6090,27,8,2011,7,22,27,0,16,5,"LOCKHILL SELMA RD             ","GEORGE RD                     ",0,29.55660278,-98.54808889,0,59,0,0,2,3,8,0,3,1,0,1,0,"0000000",88,88,88,88,88,88,0,0,0,1,0
48,482458,1,1,0,0,0,1,1,29,6090,28,8,2011,1,7,0,0,4,2,"US-281                        ","                              ",114,29.17058611,-98.48196111,0,1,0,0,1,1,4,0,1,1,0,1,0,"0000000",88,88,88,88,88,88,0,0,0,1,0
48,482459,1,1,0,0,0,1,1,479,0,10,9,2011,7,14,1,1,2,2,"US-83                         ","                              ",167,27.97999722,-99.52433889,0,38,0,0,1,1,4,0,1,1,0,1,0,"0000000",99,99,99,99,99,99,0,0,0,1,0
48,482460,1,1,0,1,1,1,1,201,0,24,9,2011,7,1,50,1,12,3,"SR-249                        ","                              ",218,29.89784444,-95.43734167,0,8,0,0,1,1,1,0,2,1,0,1,0,"0000000",88,88,88,88,88,88,0,0,0,1,0
48,482461,1,1,0,1,1,3,3,201,3280,5,10,2011,4,7,57,0,16,5,"WESTVIEW                      ","                              ",0,29.790925,-95.56521111,0,8,0,0,1,1,1,0,1,1,0,1,0,"0000000",7,59,8,8,8,39,0,0,0,1,0
48,482462,4,3,1,0,0,3,3,201,3280,18,10,2011,3,12,52,0,16,5,"HEMPSTEAD                     ","                              ",0,29.78526389,-95.43711111,0,12,8,0,1,1,1,0,1,1,0,1,0,"0000000",88,88,88,88,88,88,0,0,0,1,0
48,482463,2,2,0,0,0,10,10,157,0,29,10,2011,7,9,5,1,12,3,"SR-99                         ","HARLEM RD                     ",73,29.65865556,-95.71479167,0,12,6,0,2,2,1,0,1,1,0,1,0,"0000000",9,8,9,29,10,11,0,0,0,1,0
48,482464,6,6,0,0,0,8,8,27,0,30,10,2011,1,15,35,1,1,1,"I-35                          ","                              ",332,31.23389722,-97.28796111,0,12,98,0,1,1,1,0,1,1,0,1,0,"0000000",15,38,15,50,16,29,19,0,0,1,0
48,482465,1,1,0,1,1,2,2,303,4140,30,10,2011,1,3,36,0,16,5,"UPLAND AVE                    ","                              ",0,33.51384722,-101.97431389,0,8,0,0,1,1,1,0,2,1,0,1,0,"0000000",88,88,88,88,88,88,0,0,0,1,0
48,482466,1,1,0,1,1,1,1,197,0,2,11,2011,4,1,10,1,2,2,"US-287                        ","                              ",243,34.26843889,-99.62561944,0,18,0,0,1,1,1,0,2,1,0,1,0,"0000000",88,88,88,88,88,88,0,0,0,1,0
48,482467,1,1,0,1,1,1,1,113,1730,5,11,2011,7,3,0,1,11,1,"I-635                         ","                              ",32,32.90097778,-96.71825278,0,8,0,0,1,1,1,0,3,1,0,1,0,"0000000",99,99,99,99,99,99,0,0,0,1,0
48,482468,1,1,0,0,0,1,1,471,0,5,11,2011,7,5,2,0,4,3,"SR-150                        ","                              ",46,30.52731944,-95.407,0,11,0,0,1,1,1,0,2,1,0,1,0,"0000000",5,31,5,55,6,28,0,0,0,1,0
48,482469,1,1,0,0,0,3,3,201,3280,8,11,2011,3,18,0,1,11,1,"I-10                          ","                              ",25,29.77445278,-95.31594444,0,1,0,0,1,1,4,0,3,2,0,2,0,"0000000",18,4,18,7,18,28,0,0,0,1,0
48,482470,1,1,0,0,0,1,1,157,0,14,11,2011,2,2,0,0,6,4,"ELDRIDGE PKWY                 ","                              ",0,29.67248056,-95.62319722,0,24,0,0,1,1,4,0,2,1,0,1,0,"0000000",88,88,88,88,88,88,0,0,0,1,1
48,482471,2,2,0,0,0,2,2,339,0,15,11,2011,3,16,25,0,15,8,"FM 1485                       ","                              ",10,30.15037222,-95.19679444,0,24,0,0,1,1,4,0,1,10,0,10,0,"0000000",16,22,16,37,17,20,0,0,0,1,0
48,482472,2,2,0,1,1,3,3,113,3880,17,11,2011,5,0,59,1,11,1,"I-20                          ","                              ",156,32.64205278,-96.80495833,0,8,0,1,18,1,1,0,2,1,0,1,0,"0000000",88,88,88,88,88,88,0,0,0,1,0
48,482473,1,1,0,0,0,2,2,157,0,18,11,2011,6,2,20,1,12,2,"US-59                         ","                              ",125,29.55068889,-95.73835833,0,1,0,0,1,1,4,0,3,1,0,1,0,"0000000",99,99,99,99,99,99,0,0,0,1,1
48,482474,1,1,0,0,0,1,1,251,0,19,11,2011,7,15,0,1,1,1,"I-35W                         ","                              ",124,32.42063056,-97.22840278,0,25,0,1,19,1,4,0,1,10,0,10,0,"0000000",99,99,99,99,99,99,20,0,0,1,0
48,482475,2,2,0,0,0,2,2,251,0,19,11,2011,7,17,19,1,2,2,"US-67                         ","                              ",63,32.29201944,-97.58035,0,12,2,0,1,1,1,0,2,1,0,1,0,"0000000",88,88,88,88,88,88,0,0,0,1,0
48,482476,1,1,0,0,0,1,1,339,0,19,11,2011,7,19,58,0,6,4,"OLD HOUSTON RD                ","                              ",0,30.16999722,-95.32071667,0,42,0,0,1,1,4,0,2,1,0,1,0,"0000000",19,58,20,8,21,14,0,0,0,1,1
48,482477,2,2,0,0,0,2,2,367,0,20,11,2011,1,20,45,1,1,1,"I-20                          ","                              ",31,32.67158333,-98.02308889,0,52,0,0,1,1,3,1,2,2,0,2,0,"0000000",88,88,88,88,88,88,3,0,0,1,0
48,482478,2,2,0,0,0,2,2,303,0,26,11,2011,7,12,35,1,2,2,"US-84                         ","FM 2528                       ",114,33.64426389,-101.93948333,0,12,1,0,3,2,1,0,1,7,0,7,0,"0000000",99,99,99,99,99,99,0,0,0,1,1
48,482479,3,3,0,0,0,7,7,27,6810,1,12,2011,5,16,14,0,16,5,"LITTLE RIVER RD               ","                              ",0,31.05724167,-97.33867778,0,12,6,0,1,1,1,0,1,1,0,1,0,"0000000",16,15,16,34,16,43,0,0,0,1,0
48,482480,2,2,0,0,0,3,3,113,2590,1,12,2011,5,23,1,0,16,5,"FIREWHEEL PKWY                ","                              ",0,32.93284167,-96.598225,0,12,6,0,1,1,1,0,3,2,0,2,0,"0000000",22,58,23,14,23,50,0,0,0,1,0
48,482481,3,2,1,0,0,2,2,183,4080,1,12,2011,5,22,23,0,16,5,"SOUTH ST                      ","HIGH ST                       ",0,32.49345556,-94.74275278,0,12,6,0,2,2,1,0,3,1,0,1,0,"0000000",22,23,22,26,22,43,0,0,0,1,0
48,482482,2,2,0,0,0,2,2,201,3280,1,12,2011,5,7,19,0,16,5,"CLEAR LAKE CITY BLVD          ","MABRY MILL RD                 ",0,29.59062222,-95.14106944,0,12,6,0,2,2,1,0,1,1,0,1,0,"0000000",7,25,7,35,7,53,0,0,0,1,0
48,482483,2,2,0,0,0,3,3,27,0,2,12,2011,6,16,30,0,3,8,"FM 359                        ","                              ",227,31.09138056,-97.53280833,0,12,2,0,1,1,1,0,1,2,5,2,0,"0000000",16,50,16,58,17,46,0,0,0,1,0
48,482484,2,2,0,0,0,5,5,181,6350,2,12,2011,6,4,25,1,12,2,"US-75                         ","                              ",172,33.60181667,-96.60919167,0,12,2,0,1,1,1,0,2,10,0,10,0,"0000000",4,28,4,34,5,11,0,0,0,1,1
48,482485,2,2,0,0,0,3,3,113,1730,3,12,2011,7,19,0,1,12,2,"US-75                         ","                              ",53,32.92943333,-96.75926944,0,12,6,1,18,1,1,0,3,2,0,2,0,"0000000",19,2,19,9,19,45,0,0,0,1,0
48,482486,1,1,0,1,1,2,2,201,0,3,12,2011,7,18,49,1,13,2,"US-90                         ","                              ",273,29.82506111,-95.22773333,0,8,0,0,1,1,1,0,2,1,0,1,0,"0000000",88,88,88,88,88,88,0,0,0,1,0
48,482487,1,1,0,2,2,1,1,201,0,3,12,2011,7,19,0,1,13,2,"US-90                         ","                              ",273,29.82508889,-95.22766944,0,8,0,0,1,1,1,0,2,1,0,1,0,"0000000",18,52,18,58,19,21,0,0,0,1,1
48,482488,1,1,0,1,1,1,1,321,0,3,12,2011,7,20,30,0,4,8,"FM-457                        ","                              ",266,28.78487222,-95.62671389,0,8,0,0,1,1,4,0,2,10,0,10,0,"0000000",88,88,88,88,88,88,0,0,0,1,1
48,482489,2,2,0,0,0,2,2,439,2450,3,12,2011,7,21,20,0,14,8,"BU 287P                       ","                              ",3,32.96462222,-97.42073889,0,12,6,0,1,1,1,0,2,2,0,2,0,"0000000",88,88,88,88,88,88,0,0,0,1,0
48,482490,2,2,0,0,0,3,3,181,6350,4,12,2011,1,4,31,1,12,2,"US-75                         ","                              ",150,33.65389167,-96.61177222,0,30,0,0,1,1,3,0,3,2,0,2,0,"0000000",99,99,99,99,99,99,0,0,0,1,1
48,482492,2,2,0,0,0,3,3,453,330,5,12,2011,2,3,15,1,11,1,"I-35                          ","                              ",174,30.26165833,-97.73634722,0,12,6,0,1,1,1,0,3,2,0,2,0,"0000000",88,88,88,88,88,88,0,0,0,2,1
48,482493,2,2,0,0,0,2,2,5,0,6,12,2011,3,17,52,1,2,2,"US-69                         ","FM 844                        ",125,31.24032222,-94.55373889,0,12,6,0,2,3,1,0,2,1,0,1,0,"0000000",99,99,99,99,99,99,0,0,0,1,0