"STATE","ST_CASE","VE_TOTAL","VE_FORMS","PVH_INVL","PEDS","PERNOTMVIT","PERMVIT","PERSONS","COUNTY","CITY","DAY","MONTH","YEAR","DAY_WEEK","HOUR","MINUTE","NHS","ROAD_FNC","ROUTE","TWAY_ID","TWAY_ID2","MILEPT","LATITUDE","LONGITUD","SP_JUR","HARM_EV","MAN_COLL","RELJCT1","RELJCT2","TYP_INT","REL_ROAD","WRK_ZONE","LGT_COND","WEATHER1","WEATHER2","WEATHER","SCH_BUS","RAIL","NOT_HOUR","NOT_MIN","ARR_HOUR","ARR_MIN","HOSP_HR","HOSP_MN","CF1","CF2","CF3","FATALS","DRUNK_DR"
48,482494,2,2,0,0,0,3,3,99,2610,6,12,2011,3,15,26,1,13,3,"SR-36                         ","BS-36                         ",171,31.48330556,-97.73391111,0,12,6,0,2,2,1,1,1,10,0,10,0,"0000000",99,99,99,99,99,99,0,0,0,2,0
48,482495,1,1,0,1,1,1,1,113,3420,6,12,2011,3,6,32,0,16,5,"PIONEER DR                    ","                              ",0,32.82845556,-96.99034167,0,8,0,0,1,1,1,0,3,10,0,10,0,"0000000",88,88,88,88,88,88,0,0,0,1,0
48,482497,1,1,0,1,1,1,1,29,6090,7,12,2011,4,7,12,0,16,5,"SOUTHCROSS BLVD               ","PECAN GROVE BLVD              ",0,29.37469167,-98.41986944,0,8,0,0,2,3,1,0,1,1,0,1,0,"0000000",88,88,88,88,88,88,0,0,0,1,0
48,482498,1,1,0,0,0,1,1,499,0,7,12,2011,4,0,44,0,4,8,"FM 2869                       ","                              ",240,32.80150556,-95.20051111,0,1,0,0,1,1,1,0,2,10,0,10,0,"0000000",88,88,88,88,88,88,0,0,0,1,0
48,482499,1,1,0,0,0,1,1,367,7280,8,12,2011,5,20,0,1,11,1,"I-20                          ","                              ",190,32.73014167,-97.78775556,0,1,0,0,1,1,1,1,2,1,0,1,0,"0000000",99,99,99,99,99,99,0,0,0,1,0
48,482500,1,1,0,0,0,1,1,29,6090,9,12,2011,6,2,22,0,16,5,"TEZEL RD                      ","                              ",0,29.49401111,-98.66481944,0,30,0,0,1,1,4,0,3,1,0,1,0,"0000000",88,88,88,88,88,88,0,0,0,1,1
48,482501,2,2,0,0,0,3,3,385,0,9,12,2011,6,12,30,0,3,2,"US-83                         ","RM336                         ",270,29.73785556,-99.761325,0,12,6,0,2,3,1,0,1,10,0,10,0,"0000000",99,99,99,99,99,99,0,0,0,2,0
48,482502,2,2,0,0,0,3,3,29,6090,10,12,2011,7,4,15,1,11,1,"I-37                          ","                              ",120,29.43392778,-98.47803056,0,12,2,0,1,1,1,0,3,1,0,1,0,"0000000",4,19,4,33,5,45,0,0,0,1,1
48,482503,1,1,0,1,1,1,1,73,0,10,12,2011,7,2,38,0,6,4,"3906                          ","                              ",0,32.04423611,-95.32527778,0,8,0,0,1,1,1,0,2,1,0,1,0,"0000000",88,88,88,88,88,88,0,0,0,1,0
48,482504,2,1,1,0,0,6,6,309,7210,11,12,2011,1,1,0,0,16,5,"LEE ST                        ","BELMONT DR                    ",0,31.51460833,-97.14379444,0,14,0,0,3,4,2,0,2,1,0,1,0,"0000000",1,8,1,13,1,39,0,0,0,1,0
48,482505,1,1,0,0,0,1,1,439,2450,11,12,2011,1,19,42,1,13,8,"BU287P N MAIN ST              ","E BLUFF ST                    ",176,32.75846111,-97.33384167,0,18,0,0,3,4,8,1,3,10,0,10,0,"0000000",99,99,99,99,99,99,0,0,0,1,1
48,482506,1,1,0,0,0,6,6,441,30,11,12,2011,1,1,58,1,12,2,"US-83                         ","                              ",57,32.46155278,-99.78456111,0,25,0,1,19,1,3,0,3,2,0,2,0,"0000000",99,99,99,99,99,99,0,0,0,1,1
48,482507,2,2,0,0,0,2,2,5,0,12,12,2011,2,15,55,1,2,2,"US-59                         ","                              ",16,31.43274444,-94.72650556,0,12,7,0,1,1,1,0,1,10,0,10,0,"0000000",16,1,16,48,17,39,0,0,0,1,0
48,482508,2,2,0,1,1,3,3,29,6090,12,12,2011,2,5,51,0,16,5,"W WOODLAWN                    ","WILSON BLVD                   ",0,29.45526944,-98.53918611,0,12,6,0,2,2,1,0,3,3,0,3,0,"0000000",5,51,5,57,6,33,0,0,0,1,0
48,482509,2,2,0,0,0,3,3,309,7210,13,12,2011,3,19,18,0,16,5,"W LAKE SHORE DR               ","                              ",0,31.58762222,-97.19013333,0,12,2,0,1,1,1,1,2,2,0,2,0,"0000000",19,21,19,25,19,55,0,0,0,1,0
48,482511,1,1,0,1,1,1,1,29,6090,26,12,2011,2,5,45,1,11,1,"I-35                          ","                              ",220,29.42291389,-98.50141389,0,8,0,0,1,1,1,0,3,2,0,2,0,"0000000",88,88,88,88,88,88,0,0,0,1,0
48,482512,1,1,0,0,0,8,8,201,3280,10,12,2011,7,23,54,1,11,1,"I-610                         ","                              ",77,29.81111667,-95.34586111,0,25,0,0,1,1,3,0,3,1,0,1,0,"0000000",23,56,0,0,0,33,0,0,0,1,1
48,482513,1,1,0,1,1,1,1,453,330,12,12,2011,2,6,41,0,16,5,"DESSAU RD                     ","                              ",0,30.37667778,-97.65923333,0,8,0,0,1,1,1,0,3,1,0,1,0,"0000000",88,88,88,88,88,88,0,0,0,1,0
48,482514,1,1,0,1,1,1,1,201,3280,14,12,2011,4,18,45,0,16,5,"S GESSNER DR                  ","                              ",0,29.70335556,-95.53805,0,8,0,0,1,1,1,0,3,10,0,10,0,"0000000",18,56,19,3,19,24,0,0,0,1,0
48,482515,2,2,0,0,0,4,4,439,2450,14,12,2011,4,23,33,0,16,5,"E 2ND ST                      ","PECAN ST                      ",0,32.75759722,-97.3283,0,12,6,0,2,2,1,0,2,1,0,1,0,"0000000",23,37,23,44,0,34,0,0,0,1,1
48,482516,2,1,1,0,1,4,5,139,7270,17,12,2011,7,8,20,1,11,1,"I-35                          ","                              ",241,32.41944444,-96.86829722,0,14,0,0,1,1,2,0,1,1,0,1,0,"0000000",8,33,8,40,9,8,0,0,0,1,0
48,482517,1,1,0,0,0,1,1,201,0,17,12,2011,7,17,25,0,6,4,"S FRY RD                      ","WESTGREEN BLVD                ",0,29.74628611,-95.72922778,0,42,0,0,3,2,3,0,5,1,0,1,0,"0000000",99,99,99,99,99,99,0,0,0,1,0
48,482518,1,1,0,0,0,1,1,105,0,18,12,2011,1,19,55,1,1,1,"I-10                          ","                              ",448,30.69162778,-101.08023611,0,1,0,0,1,1,10,0,2,2,0,2,0,"0000000",88,88,88,88,88,88,0,0,0,1,1
48,482519,1,1,0,0,0,2,2,135,5030,18,12,2011,1,4,46,0,16,5,"STANDARD AVE                  ","                              ",0,31.84388056,-102.355075,0,1,0,0,1,1,4,0,3,10,0,10,0,"0000000",4,46,4,58,5,17,0,0,0,1,0
48,482520,2,2,0,0,0,4,4,121,3960,23,12,2011,6,15,37,1,11,7,"I-35E                         ","BS121H                        ",54,33.02913056,-96.99278889,0,12,6,1,2,2,1,0,1,10,0,10,0,"0000000",15,43,15,47,16,5,0,0,0,1,0
48,482521,2,2,0,0,0,2,2,423,7070,10,5,2011,3,10,44,1,13,2,"US-69                         ","INDEPENDENCE                  ",32,32.29883333,-95.30086111,0,12,6,0,2,2,1,0,1,1,0,1,0,"0000000",10,48,10,55,11,8,0,0,0,1,0
48,482522,2,2,0,0,0,4,4,201,3280,1,10,2011,7,9,45,1,12,7,"LOOP 8                        ","GENOA RED BLUFF RD            ",228,29.63064444,-95.16955278,0,12,6,1,2,2,1,0,1,1,0,1,0,"0000000",10,0,10,8,10,24,0,0,0,1,0
48,482523,2,2,0,0,0,2,2,7,5890,1,11,2011,3,7,2,0,14,8,"BS 35                         ","CORPUS CHRISTI ST             ",14,28.01770556,-97.08734444,0,12,6,0,2,2,1,0,4,1,0,1,0,"0000000",88,88,88,88,88,88,0,0,0,1,0
48,482524,1,1,0,0,0,1,1,37,0,4,11,2011,6,3,30,0,5,8,"FM 561                        ","                              ",120,33.37005,-94.53884444,0,43,0,0,1,1,4,0,2,1,0,1,0,"0000000",88,88,88,88,88,88,0,0,0,1,0
48,482525,3,2,1,0,0,2,2,139,0,4,11,2011,6,2,0,1,1,1,"I-35                          ","                              ",143,32.28551667,-96.86746111,0,12,1,0,1,1,1,0,2,1,0,1,0,"0000000",2,4,2,20,2,59,0,0,0,1,1
48,482526,2,2,0,0,0,3,3,201,3280,5,11,2011,7,0,6,0,16,5,"FONDREN RD                    ","CROTON ST                     ",0,29.70214167,-95.51980278,0,12,2,0,1,1,1,0,3,1,0,1,0,"0000000",0,11,0,18,0,32,0,0,0,1,1
48,482527,2,2,0,0,0,2,2,423,7070,5,11,2011,7,11,23,1,13,3,"SR-155                        ","                              ",121,32.30953333,-95.33348889,0,12,6,0,8,1,1,0,1,1,0,1,0,"0000000",88,88,88,88,88,88,0,0,0,1,0
48,482528,1,1,0,3,3,3,3,215,0,8,11,2011,3,19,3,0,6,4,"MIDWAY RD                     ","                              ",0,26.15906111,-98.02203056,0,9,0,0,1,1,1,0,2,1,0,1,0,"0000000",88,88,88,88,88,88,0,0,0,2,0
48,482529,2,2,0,0,0,5,5,339,0,11,11,2011,6,11,30,1,2,3,"SR-105                        ","FOSTORIA RD                   ",30,30.32164722,-95.16495278,0,12,6,0,2,2,1,0,1,10,0,10,0,"0000000",11,39,12,2,12,38,0,0,0,2,0
48,482530,1,1,0,0,0,3,3,491,330,11,11,2011,6,3,59,0,16,5,"LAKELINE BLVD                 ","                              ",0,30.48737778,-97.77282778,0,42,0,0,1,1,4,0,2,1,0,1,0,"0000000",4,7,4,16,4,34,0,0,0,1,1
48,482531,1,1,0,0,0,5,5,387,0,12,11,2011,7,13,35,0,6,4,"2356                          ","                              ",0,33.92252222,-95.19854722,0,43,0,0,1,1,4,0,1,1,0,1,0,"0000000",88,88,88,88,88,88,0,0,0,1,1
48,482532,1,1,0,0,0,1,1,201,3280,13,11,2011,1,15,45,0,16,5,"ALLEN PKWY                    ","                              ",0,29.760175,-95.40688889,0,33,0,0,1,1,3,0,1,1,0,1,0,"0000000",15,47,15,52,16,12,3,0,0,1,0
48,482533,2,2,0,0,0,2,2,37,0,14,11,2011,2,5,5,1,1,1,"I-30 RAMP                     ","FM 990                        ",106,33.41596944,-94.55871944,0,12,6,1,5,1,1,0,6,1,0,1,0,"0000000",88,88,88,88,88,88,0,0,0,1,0
48,482534,2,2,0,0,0,5,5,141,9997,15,11,2011,3,21,20,1,11,1,"I-10                          ","                              ",417,31.62455278,-106.21264722,0,12,2,0,1,1,1,0,2,1,0,1,0,"0000000",21,28,21,29,22,15,0,0,0,3,0
48,482535,2,2,0,0,0,3,3,497,0,16,11,2011,4,7,29,0,4,8,"FM 51                         ","4699                          ",313,33.07384167,-97.64968056,0,12,6,0,2,3,1,0,1,1,0,1,0,"0000000",7,40,7,55,8,29,0,0,0,1,0
48,482536,2,2,0,0,0,2,2,361,0,18,11,2011,6,13,5,1,2,3,"SR-87                         ","SR-62                         ",43,30.05105833,-93.81530833,0,12,1,0,3,3,1,0,1,1,0,1,0,"0000000",88,88,88,88,88,88,0,0,0,1,0
48,482537,1,1,0,0,0,1,1,201,3280,20,11,2011,1,14,40,1,11,7,"I-10                          ","SR-8                          ",151,29.78385833,-95.56354167,0,21,0,1,3,2,3,0,1,1,0,1,0,"0000000",14,15,14,23,14,48,0,0,0,1,0
48,482538,1,1,0,0,0,1,1,439,2450,20,11,2011,1,3,27,1,11,1,"I-30                          ","                              ",135,32.73363333,-97.49410833,0,52,0,0,1,1,3,0,3,10,0,10,0,"0000000",88,88,88,88,88,88,0,0,0,1,1
48,482539,2,2,0,0,0,7,7,109,0,21,11,2011,2,22,52,0,4,8,"RR 652                        ","                              ",324,31.88371667,-104.31691944,0,12,6,0,1,1,1,0,2,1,0,1,0,"0000000",99,99,99,99,99,99,0,0,0,1,1
48,482540,1,1,0,1,1,2,2,61,940,24,11,2011,5,19,0,0,16,5,"MONSEES RD                    ","                              ",0,25.87627222,-97.43791389,0,8,0,0,1,1,1,0,2,1,0,1,0,"0000000",19,0,19,12,19,31,0,0,0,1,0
48,482541,2,2,0,0,0,2,2,479,0,25,11,2011,6,7,5,0,5,8,"FM1472                        ","                              ",56,27.79879722,-99.82701389,0,12,8,0,1,1,1,0,1,1,0,1,0,"0000000",99,99,99,99,99,99,0,0,0,1,0
48,482542,1,1,0,0,0,2,2,97,0,26,11,2011,7,2,3,0,4,8,"FM51                          ","                              ",188,33.44125,-97.31550833,0,42,0,0,1,1,4,0,2,2,0,2,0,"0000000",2,3,2,20,3,0,0,0,0,1,1
48,482543,1,1,0,0,0,1,1,409,0,27,11,2011,1,3,0,0,6,4,"441                           ","                              ",0,28.11481944,-97.84065278,0,32,0,0,1,1,4,0,2,1,0,1,0,"0000000",88,88,88,88,88,88,0,0,0,1,1
48,482544,2,2,0,0,0,4,4,311,0,28,11,2011,2,16,0,0,3,3,"SR-16                         ","FM624                         ",369,28.13392778,-98.58950556,0,12,6,0,2,2,1,0,1,10,0,10,0,"0000000",99,99,99,99,99,99,0,0,0,1,0
48,482545,3,3,0,2,2,2,2,201,3280,22,11,2011,3,18,35,1,12,7,"US-290                        ","                              ",322,29.86029444,-95.52491389,0,12,7,0,1,1,1,0,2,1,0,1,0,"0000000",18,41,18,47,19,34,23,0,0,1,0
48,482546,1,1,0,1,1,3,3,339,0,28,11,2011,2,12,35,1,12,7,"US-59                         ","                              ",126,30.11209444,-95.23459722,0,8,0,0,1,1,1,0,1,1,0,1,0,"0000000",12,36,12,43,13,28,19,0,0,1,0
48,482547,3,1,2,1,1,1,1,355,1550,28,11,2011,2,19,55,0,16,5,"S STAPLES ST                  ","                              ",0,27.7397,-97.38793056,0,43,0,0,1,1,4,0,3,10,0,10,0,"0000000",88,88,88,88,88,88,0,0,0,1,0
48,482548,1,1,0,0,0,3,3,433,0,28,11,2011,2,22,57,0,4,8,"FM2211                        ","                              ",37,33.16511389,-100.39155278,0,11,0,0,1,1,1,0,2,1,0,1,0,"0000000",23,7,23,18,0,0,0,0,0,1,1
48,482549,2,2,0,0,0,5,5,215,0,30,10,2011,1,20,30,1,13,3,"SR-107                        ","FM2128                        ",245,26.29725556,-98.09129722,0,12,6,0,2,4,1,0,3,1,0,1,0,"0000000",20,30,20,40,21,25,0,0,0,1,0
48,482550,1,1,0,0,0,1,1,113,4530,30,11,2011,4,2,5,1,11,7,"I-30                          ","                              ",252,32.82933056,-96.61854444,0,33,0,0,1,1,10,0,2,1,0,1,0,"0000000",2,6,2,13,2,33,0,0,0,1,0
48,482551,1,1,0,0,0,1,1,203,0,1,12,2011,5,22,21,0,4,8,"FM 2879                       ","                              ",67,32.57612778,-94.69110556,0,38,0,0,1,1,4,0,2,1,0,1,0,"0000000",88,88,88,88,88,88,0,0,0,1,1
48,482552,1,1,0,0,0,1,1,109,0,3,12,2011,7,13,34,1,1,1,"I-10                          ","                              ",26,31.06736667,-104.34372222,0,1,0,0,1,1,3,0,1,1,0,1,0,"0000000",99,99,99,99,99,99,0,0,0,1,0
48,482553,3,3,0,0,0,7,7,139,4570,3,12,2011,7,23,40,1,12,2,"US-287                        ","PLAINVIEW RD                  ",0,32.46048333,-96.94250833,0,12,6,0,2,2,1,0,3,2,0,2,0,"0000000",23,42,23,50,0,34,0,0,0,1,0
48,482554,1,1,0,0,0,1,1,321,0,4,12,2011,1,6,30,0,4,8,"FM 521                        ","                              ",46,28.83816389,-95.85414444,0,1,0,0,1,1,4,0,2,10,0,10,0,"0000000",88,88,88,88,88,88,0,0,0,1,1
48,482555,2,2,0,0,0,2,2,407,0,6,12,2011,3,13,49,0,4,8,"FM 3278                       ","                              ",19,30.60935556,-95.05037222,0,12,6,0,1,1,1,0,1,1,0,1,0,"0000000",99,99,99,99,99,99,0,0,0,1,0
48,482556,1,1,0,0,0,1,1,423,0,6,12,2011,3,21,15,0,6,4,"CR 431                        ","                              ",0,32.59608611,-95.48443889,0,42,0,0,1,1,4,0,2,1,0,1,0,"0000000",21,37,21,44,22,28,0,0,0,1,1
48,482557,2,2,0,0,0,2,2,49,0,7,12,2011,4,5,45,0,3,2,"US-377                        ","FM 586                        ",159,31.52866667,-99.10236944,0,12,2,0,2,3,1,0,2,1,0,1,0,"0000000",99,99,99,99,99,99,0,0,0,1,0
48,482558,2,2,0,0,0,2,2,481,0,7,12,2011,4,6,59,1,2,2,"US-59                         ","BU 59R                        ",47,29.40606667,-96.06557778,0,12,6,0,2,3,1,0,1,1,0,1,0,"0000000",7,3,7,12,8,7,0,0,0,1,0
48,482559,2,2,0,0,0,4,4,85,7620,9,12,2011,6,9,10,0,14,3,"SR-78                         ","                              ",358,33.00348611,-96.55259167,9,12,6,0,8,1,1,0,1,10,0,10,0,"0000000",99,99,99,99,99,99,0,0,0,2,0
48,482560,1,1,0,0,0,1,1,181,0,9,12,2011,6,20,45,0,6,4,"BLOCK RD                      ","                              ",0,33.40625,-96.73184167,0,38,0,0,1,1,4,0,2,10,0,10,0,"0000000",88,88,88,88,88,88,0,0,0,1,1
48,482561,2,2,0,0,0,2,2,231,2860,9,12,2011,6,15,36,1,13,2,"US-69                         ","SAYLE ST                      ",111,33.12104722,-96.1161,0,12,1,0,3,2,1,0,1,10,0,10,0,"0000000",99,99,99,99,99,99,0,0,0,1,1
48,482562,2,2,0,0,0,3,3,157,5970,10,12,2011,7,2,32,0,14,8,"FM 723                        ","                              ",249,29.560725,-95.80945556,0,12,2,0,1,1,1,0,3,1,0,1,0,"0000000",88,88,88,88,88,88,14,0,0,1,1
48,482563,1,1,0,0,0,1,1,113,1730,11,12,2011,1,0,54,1,11,1,"I-30 RAMP                     ","                              ",44,32.77869167,-96.78048333,0,23,0,1,5,1,4,0,3,1,0,1,0,"0000000",0,59,1,9,1,28,3,0,0,1,1
48,482564,2,2,0,0,0,4,4,125,0,11,12,2011,1,8,6,1,2,2,"US-82                         ","FM 264                        ",20,33.68436111,-101.00628889,0,12,6,0,2,2,1,0,1,5,2,2,0,"0000000",88,88,88,88,88,88,0,0,0,2,0
48,482565,5,5,0,0,0,7,7,141,2190,11,12,2011,1,16,32,1,11,1,"I-10                          ","                              ",115,31.83498056,-106.56836389,0,12,8,0,1,1,1,0,1,10,0,10,0,"0000000",99,99,99,99,99,99,0,0,0,2,1
48,482566,1,1,0,1,1,1,1,141,2190,12,12,2011,2,6,2,0,16,5,"ALABAMA ST                    ","NASHVILLE AVE                 ",0,31.80041111,-106.4659,0,8,0,0,3,2,1,0,1,1,0,1,0,"0000000",99,99,99,99,99,99,0,0,0,1,0
48,482567,2,2,0,0,0,2,2,481,7410,12,12,2011,2,12,58,1,13,3,"SR-60                         ","MAYS ST                       ",362,29.32721389,-96.09643889,0,12,1,0,3,3,1,0,1,10,0,10,0,"0000000",88,88,88,88,88,88,0,0,0,1,1
48,482568,1,1,0,0,0,1,1,215,5330,13,12,2011,3,16,57,1,12,2,"US-83                         ","                              ",280,26.20568333,-98.17354444,0,31,0,0,1,1,5,0,1,2,0,2,0,"0000000",88,88,88,88,88,88,0,0,0,1,0
48,482569,2,2,0,0,0,2,2,201,530,14,12,2011,4,22,59,1,11,1,"I-610                         ","                              ",63,29.70003889,-95.45896944,0,12,1,0,1,1,1,0,3,10,0,10,0,"0000000",23,0,23,6,23,33,23,0,0,1,0
48,482570,8,8,0,0,0,10,10,439,260,14,12,2011,4,13,41,1,13,8,"FM 157                        ","BROWN BLVD                    ",112,32.77495556,-97.09713056,0,12,1,0,3,2,1,0,1,10,0,10,0,"0000000",13,41,13,45,14,37,0,0,0,1,0
48,482571,1,1,0,0,0,2,2,453,0,20,12,2011,3,21,25,0,6,4,"MERRILLTOWN DR                ","                              ",0,30.44806667,-97.69119722,0,33,0,0,1,1,4,0,3,10,0,10,0,"0000000",21,26,21,37,21,54,0,0,0,1,1
48,482572,2,2,0,1,1,2,2,201,3280,5,7,2011,3,7,0,0,16,5,"MYKAWA                        ","BELARBOR ST                   ",0,29.66522778,-95.31804444,0,12,6,0,2,3,1,0,1,1,0,1,0,"0000000",7,3,7,10,7,30,0,0,0,1,0
48,482573,2,2,0,0,0,3,3,289,0,19,8,2011,6,15,50,1,2,2,"US-79                         ","                              ",39,31.56675833,-95.89364167,0,12,6,0,1,1,1,0,1,1,0,1,0,"0000000",16,5,16,21,17,25,0,0,0,1,0
48,482575,3,3,0,0,0,3,3,439,2450,11,9,2011,1,8,18,1,11,7,"I-30                          ","                              ",184,32.75970556,-97.25178611,0,12,99,0,1,1,1,0,1,1,0,1,0,"0000000",8,22,8,25,8,42,0,0,0,1,0
48,482576,2,2,0,0,0,2,2,303,4140,30,9,2011,6,8,4,0,16,5,"17TH                          ","BANGOR AVE                    ",0,33.58063056,-101.92755278,0,12,6,0,2,2,1,0,1,1,0,1,0,"0000000",8,6,8,10,8,22,0,0,0,1,0
48,482577,1,1,0,1,1,1,1,355,5850,16,10,2011,1,17,16,0,16,5,"NEBRASKA ST                   ","                              ",0,27.78616111,-97.67668889,0,8,0,0,8,1,1,0,1,1,0,1,0,"0000000",99,99,17,23,17,41,0,0,0,1,0
48,482578,1,1,0,0,0,1,1,201,3280,9,11,2011,4,12,40,0,16,5,"KIRKWOOD DR                   ","STROUD DR                     ",0,29.69991667,-95.58764444,0,33,0,0,2,2,4,0,1,10,0,10,0,"0000000",12,48,12,53,13,20,0,0,0,1,0
48,482579,3,3,0,1,1,3,3,201,3280,21,11,2011,2,1,30,1,12,2,"US-290                        ","                              ",316,29.86361667,-95.53351667,0,8,0,0,1,1,1,0,3,10,0,10,0,"0000000",88,88,88,88,88,88,0,0,0,1,0
48,482580,2,2,0,0,0,3,3,209,990,25,11,2011,6,21,20,0,15,8,"FM2001                        ","                              ",13,30.07042222,-97.81273889,0,12,6,0,1,1,1,0,2,1,0,1,0,"0000000",99,99,99,99,99,99,0,0,0,1,1
48,482581,2,2,0,0,0,2,2,21,0,27,11,2011,1,18,15,1,2,3,"SR-21                         ","                              ",85,30.08648333,-97.49705833,0,12,2,0,1,1,1,0,2,1,0,1,0,"0000000",99,99,99,99,99,99,0,0,0,1,0
48,482582,2,2,0,0,0,3,3,453,0,29,11,2011,3,21,12,0,13,2,"US-290                        ","                              ",18,30.22709722,-97.944175,0,12,2,0,1,1,1,1,2,1,0,1,0,"0000000",99,99,99,99,99,99,0,0,0,2,1
48,482583,3,3,0,0,0,6,6,41,1440,9,12,2011,6,18,30,0,14,8,"FM 2154                       ","GRAHAM RD                     ",125,30.56363611,-96.30229167,0,12,6,0,2,2,1,0,3,1,0,1,0,"0000000",18,30,18,40,19,0,0,0,0,1,0
48,482584,1,1,0,0,0,1,1,141,0,9,12,2011,6,2,37,1,13,8,"RR 659                        ","MONTANA AVE                   ",1,31.81311667,-106.21310833,0,33,0,0,3,3,3,0,3,1,0,1,0,"0000000",99,99,99,99,99,99,0,0,0,1,0
48,482585,1,1,0,0,0,2,2,201,0,9,12,2011,6,3,20,0,6,5,"SPRINGSTUEBNER                ","                              ",0,30.082825,-95.45690556,0,30,0,0,1,1,4,0,2,1,0,1,0,"0000000",3,27,3,35,4,32,0,0,0,1,1
48,482586,2,2,0,0,0,2,2,363,0,14,12,2011,4,13,54,0,3,2,"US-180                        ","                              ",306,32.79476944,-98.19813333,0,12,6,0,1,1,4,0,1,2,0,2,0,"0000000",13,52,13,58,14,21,0,0,0,1,0
48,482587,1,1,0,0,0,1,1,201,3280,15,12,2011,5,1,0,1,11,7,"I-45                          ","                              ",328,29.87656944,-95.36714444,0,24,0,0,1,1,10,0,3,2,0,2,0,"0000000",1,7,1,27,1,56,0,0,0,1,0
48,482588,1,1,0,1,1,1,1,121,1840,16,12,2011,6,2,45,1,11,7,"I-35                          ","GANZER RD                     ",14,33.28330278,-97.17775278,0,8,0,1,2,3,1,0,2,10,0,10,0,"0000000",88,88,88,88,88,88,0,0,0,1,0
48,482589,2,2,0,0,0,2,2,201,0,17,12,2011,7,2,46,1,13,3,"SR-6                          ","GLEN CHASE DR                 ",39,29.88240833,-95.64523611,0,12,6,0,2,3,1,0,3,10,0,10,0,"0000000",2,46,2,48,3,22,0,0,0,1,1
48,482590,2,2,0,0,0,3,3,381,150,17,12,2011,7,11,21,1,13,8,"LOOP 335                      ","COULTER ST                    ",9,35.25319444,-101.91574167,0,12,6,0,2,3,1,0,1,1,0,1,0,"0000000",99,99,99,99,99,99,0,0,0,2,0
48,482591,1,1,0,0,0,1,1,13,0,18,12,2011,1,3,10,0,15,8,"FM 3350                       ","                              ",129,28.95990278,-98.52513889,0,32,0,0,1,1,4,0,2,1,0,1,0,"0000000",99,99,99,99,99,99,0,0,0,1,1
48,482592,1,1,0,0,0,1,1,27,3690,18,12,2011,1,0,29,0,16,5,"FLORENCE RD                   ","                              ",0,31.10697778,-97.73716389,0,43,0,0,1,1,4,0,2,1,0,1,0,"0000000",0,35,0,53,1,23,0,0,0,1,1
48,482593,1,1,0,0,0,1,1,201,3280,18,12,2011,1,6,20,0,16,5,"BRENDA                        ","                              ",0,29.85839722,-95.38813611,0,1,0,0,1,1,4,0,4,10,0,10,0,"0000000",99,99,99,99,99,99,0,0,0,1,1
48,482594,1,1,0,0,0,5,5,419,0,18,12,2011,1,1,10,0,4,8,"FM 2026                       ","                              ",20,31.88241111,-94.31474722,0,1,0,0,1,1,4,0,2,1,0,1,0,"0000000",1,44,2,18,2,52,0,0,0,2,0
48,482595,1,1,0,0,0,1,1,29,6090,19,12,2011,2,1,29,0,4,7,"LOOP 1604                     ","BRAUN RD                      ",29,29.53653611,-98.68276944,0,46,0,1,3,2,8,0,3,2,0,2,0,"0000000",1,29,1,37,2,25,0,0,0,1,1
48,482596,2,2,0,0,0,2,2,53,1040,19,12,2011,2,17,29,1,2,2,"US-281                        ","LEAGUE ST                     ",199,30.75533056,-98.22805556,0,12,6,0,2,2,1,0,1,2,0,2,0,"0000000",14,1,14,4,15,0,0,0,0,1,1
48,482597,2,2,0,0,0,3,3,113,2590,19,12,2011,2,13,57,0,16,5,"FIRST ST                      ","LUCINDA DR                    ",0,32.92828611,-96.63076667,0,12,6,0,2,3,1,0,1,2,0,2,0,"0000000",13,55,14,1,14,20,0,0,0,1,0
48,482598,1,1,0,0,0,1,1,167,2570,19,12,2011,2,1,4,0,4,8,"FM 3005                       ","                              ",172,29.13370556,-95.05201111,0,32,0,0,1,1,4,0,3,1,0,1,0,"0000000",1,2,1,11,1,38,0,0,0,1,0
48,482599,2,2,0,0,0,4,4,27,570,20,12,2011,3,23,10,1,11,1,"I-35                          ","                              ",142,31.03233333,-97.47309444,0,12,1,0,1,1,1,1,2,1,0,1,0,"0000000",23,14,23,15,23,42,0,0,0,1,1
48,482600,2,2,0,0,0,4,4,331,0,20,12,2011,3,15,28,0,3,2,"US-77                         ","FM 485                        ",87,30.91928056,-96.98266944,0,12,6,0,2,2,1,0,1,1,0,1,0,"0000000",15,37,15,43,16,27,0,0,0,1,0
48,482601,2,2,0,0,0,3,3,299,0,22,6,2011,4,6,17,0,3,3,"SR-71                         ","                              ",158,30.59048056,-98.50381389,0,11,0,0,1,1,1,0,4,10,0,10,0,"0000000",88,88,88,88,88,88,0,0,0,1,0
48,482603,2,2,0,0,0,2,2,203,4360,21,12,2011,4,7,53,0,14,3,"SR-43                         ","                              ",195,32.51269444,-94.40110833,0,12,6,0,8,1,1,0,1,10,0,10,0,"0000000",7,56,8,0,8,23,0,0,0,1,0