"STATE","ST_CASE","VE_TOTAL","VE_FORMS","PVH_INVL","PEDS","PERNOTMVIT","PERMVIT","PERSONS","COUNTY","CITY","DAY","MONTH","YEAR","DAY_WEEK","HOUR","MINUTE","NHS","ROAD_FNC","ROUTE","TWAY_ID","TWAY_ID2","MILEPT","LATITUDE","LONGITUD","SP_JUR","HARM_EV","MAN_COLL","RELJCT1","RELJCT2","TYP_INT","REL_ROAD","WRK_ZONE","LGT_COND","WEATHER1","WEATHER2","WEATHER","SCH_BUS","RAIL","NOT_HOUR","NOT_MIN","ARR_HOUR","ARR_MIN","HOSP_HR","HOSP_MN","CF1","CF2","CF3","FATALS","DRUNK_DR"
48,482604,1,1,0,0,0,1,1,225,0,21,12,2011,4,12,20,0,6,4,"2055                          ","                              ",0,31.31525,-95.58707222,0,42,0,0,1,1,4,0,1,10,0,10,0,"0000000",12,31,13,16,14,13,0,0,0,1,0
48,482605,2,2,0,1,1,2,2,201,0,22,12,2011,5,23,0,0,6,4,"ALDINE WESTFIELD RD           ","WOODCREEK LN                  ",0,30.014775,-95.37726389,0,12,6,0,2,3,1,0,3,1,0,1,0,"0000000",23,5,23,18,23,35,0,0,0,1,1
48,482607,5,5,0,0,0,10,10,29,6090,23,12,2011,6,23,45,1,11,8,"SL410                         ","                              ",350,29.37506944,-98.39378056,0,12,1,0,1,1,1,0,2,1,0,1,0,"0000000",0,16,0,23,1,18,19,0,0,1,0
48,482608,1,1,0,0,0,2,2,29,6090,24,12,2011,7,2,33,1,11,7,"I-410                         ","                              ",223,29.51788056,-98.46644722,0,30,0,0,1,1,10,0,3,1,0,1,0,"0000000",88,88,88,88,88,88,0,0,0,1,1
48,482609,1,1,0,0,0,3,3,163,0,23,12,2011,6,7,52,1,1,1,"I-35                          ","                              ",265,29.001325,-99.06117222,0,1,0,0,1,1,3,0,2,1,0,1,0,"0000000",8,14,8,36,9,17,0,0,0,1,0
48,482610,1,1,0,0,0,1,1,141,2190,24,12,2011,7,2,16,0,16,5,"LEE TREVINO DR                ","                              ",0,31.78410278,-106.32305556,0,41,0,0,1,1,4,0,3,4,0,4,0,"0000000",88,88,88,88,88,88,0,0,0,1,0
48,482611,2,2,0,2,2,2,2,161,0,24,12,2011,7,6,34,1,1,1,"I-45                          ","                              ",92,31.452175,-96.07726111,0,12,6,0,1,1,1,0,2,10,0,10,0,"0000000",99,99,99,99,99,99,19,15,0,1,0
48,482612,1,1,0,0,0,2,2,487,7180,24,12,2011,7,23,34,0,16,5,"BEAVER ST                     ","                              ",0,34.14209444,-99.30155556,0,42,0,0,1,1,4,0,3,10,0,10,0,"0000000",23,36,23,47,23,59,0,0,0,1,1
48,482613,1,1,0,0,0,2,2,439,260,25,12,2011,1,15,36,0,15,7,"SR-360                        ","                              ",154,32.70242222,-97.063325,0,43,0,0,4,1,4,0,1,10,0,10,0,"0000000",15,36,15,43,16,1,0,0,0,1,0
48,482614,1,1,0,0,0,1,1,347,0,26,12,2011,2,12,42,1,2,2,"US-59                         ","                              ",318,31.47371944,-94.72615,0,42,0,0,1,1,5,0,1,1,0,1,0,"0000000",12,46,12,59,13,18,0,0,0,1,0
48,482615,1,1,0,0,0,3,3,355,1550,27,12,2011,3,15,32,1,12,3,"SR-358                        ","                              ",51,27.73726111,-97.43014722,0,21,0,1,19,1,4,0,1,1,0,1,0,"0000000",15,32,15,38,15,51,0,0,0,1,0
48,482616,1,1,0,0,0,1,1,439,3347,28,12,2011,4,1,7,1,19,1,"I-820                         ","                              ",99999,32.82617222,-97.205325,0,52,0,1,19,1,8,0,3,1,0,1,0,"0000000",88,88,88,88,88,88,0,0,0,1,0
48,482617,2,2,0,0,0,4,4,479,3899,28,12,2011,4,21,10,1,13,8,"SL 20                         ","                              ",202,27.50979444,-99.44851111,0,12,6,1,18,1,1,1,2,10,0,10,0,"0000000",21,14,21,19,21,35,0,0,0,1,0
48,482618,2,2,0,0,0,6,6,121,1840,29,12,2011,5,18,51,1,13,2,"US-380                        ","                              ",130,33.22986944,-97.16498889,0,12,6,0,8,1,1,0,3,1,0,1,0,"0000000",18,52,18,55,19,25,0,0,0,1,0
48,482619,1,1,0,0,0,4,4,483,0,29,12,2011,5,11,21,1,1,1,"I-40                          ","                              ",70,35.22718611,-100.41545556,0,1,0,0,1,1,1,0,1,1,0,1,0,"0000000",99,99,99,99,99,99,0,0,0,2,0
48,482620,1,1,0,1,1,3,3,203,4360,30,12,2011,6,18,7,0,4,8,"FM 31                         ","                              ",51,32.52136667,-94.32734722,0,8,0,0,1,1,1,0,2,1,0,1,0,"0000000",18,9,18,15,18,29,0,0,0,1,0
48,482621,2,2,0,0,0,3,3,141,2190,17,7,2011,1,11,28,1,11,1,"I-10                          ","                              ",137,31.83129722,-106.56578889,0,12,6,0,1,1,1,0,1,1,0,1,0,"0000000",88,88,88,88,88,88,0,0,0,2,0
48,482622,3,3,0,0,0,5,5,141,2190,31,7,2011,1,2,41,1,11,1,"I-10                          ","                              ",274,31.77215,-106.37843611,0,12,1,0,1,1,1,0,3,1,0,1,0,"0000000",3,13,3,21,3,58,19,0,0,1,1
48,482623,1,1,0,0,0,1,1,505,0,25,9,2011,1,17,15,0,4,8,"FM 2687                       ","                              ",132,26.79874167,-99.09529167,0,32,0,0,1,1,4,0,1,1,0,1,0,"0000000",17,0,17,12,17,20,0,0,0,1,0
48,482624,1,1,0,1,1,1,1,215,5181,11,10,2011,3,20,12,0,16,5,"TROSPER RD                    ","                              ",0,26.26399444,-98.32569167,0,8,0,0,1,1,1,0,2,1,0,1,0,"0000000",20,4,20,14,20,40,0,0,0,1,0
48,482625,2,2,0,0,0,2,2,135,0,26,10,2011,4,7,0,1,13,8,"SL 338                        ","                              ",234,31.94374722,-102.37272778,0,12,6,0,1,1,2,0,2,1,0,1,0,"0000000",6,52,7,2,7,40,0,0,0,1,0
48,482626,1,1,0,0,0,1,1,329,0,29,10,2011,7,5,57,0,15,8,"FM 662                        ","                              ",46,31.95561944,-102.15091944,0,43,0,0,6,1,2,0,2,1,0,1,0,"796313N",88,88,88,88,88,88,0,0,0,1,1
48,482627,1,1,0,0,0,1,1,165,0,10,11,2011,5,18,5,1,2,2,"US-385                        ","                              ",230,32.66538889,-102.64434167,0,1,0,0,1,1,4,0,5,1,0,1,0,"0000000",88,88,88,88,88,88,0,0,0,1,0
48,482628,1,1,0,0,0,1,1,305,0,11,11,2011,6,5,25,1,2,2,"US-87                         ","                              ",95,33.19744167,-101.797075,0,1,0,0,1,1,1,0,2,10,0,10,0,"0000000",99,99,99,99,99,99,0,0,0,1,1
48,482629,1,1,0,1,1,1,1,339,0,10,11,2011,5,20,50,1,11,7,"I-45                          ","                              ",21,30.13878611,-95.44546944,0,8,0,0,1,1,1,0,3,1,0,1,0,"0000000",20,55,21,1,21,19,19,0,0,1,0
48,482630,1,1,0,0,0,1,1,329,0,15,11,2011,3,6,55,0,6,4,"1150                          ","                              ",0,32.03917222,-102.02424444,0,1,0,0,1,1,1,0,1,1,0,1,0,"0000000",88,88,88,88,88,88,0,0,0,1,0
48,482631,1,1,0,1,1,1,1,427,5930,18,11,2011,6,19,8,1,2,2,"US-83                         ","                              ",191,26.40763889,-98.97874722,0,8,0,0,1,1,1,1,2,1,0,1,0,"0000000",88,88,88,88,88,88,0,0,0,1,0
48,482632,1,1,0,0,0,1,1,199,6480,19,11,2011,7,20,50,0,16,5,"OLD BEAUMONT RD               ","                              ",0,30.13173611,-94.40046111,0,34,0,0,1,1,4,0,3,1,0,1,0,"0000000",20,54,21,0,21,53,0,0,0,1,1
48,482633,3,3,0,0,0,5,5,201,3280,20,11,2011,1,7,13,1,13,3,"SR-6                          ","PINE FOREST LN                ",75,29.83056667,-95.64564167,0,12,6,0,2,2,1,0,4,10,0,10,0,"0000000",7,15,7,24,7,53,0,0,0,2,1
48,482634,3,3,0,0,0,5,5,395,0,26,11,2011,7,15,20,1,2,2,"US-79                         ","                              ",23,30.97926667,-96.54115556,0,12,8,0,1,1,1,0,1,10,0,10,0,"0000000",15,20,15,28,16,1,0,0,0,1,0
48,482635,2,2,0,0,0,4,4,363,0,27,11,2011,1,18,45,1,1,1,"I-20                          ","                              ",206,32.63521667,-98.06767778,0,12,1,0,1,1,1,0,2,1,0,1,0,"0000000",99,99,99,99,99,99,0,0,0,1,0
48,482636,1,1,0,0,0,1,1,85,4230,29,11,2011,3,18,18,0,16,5,"VIRGINIA PKWY                 ","                              ",0,33.19846667,-96.70841111,0,59,0,0,1,1,4,0,3,1,0,1,0,"0000000",18,27,18,42,19,25,0,0,0,1,0
48,482637,2,2,0,0,0,2,2,303,4140,29,11,2011,3,21,35,1,12,2,"US-62                         ","MILWAUKEE AVE                 ",98,33.54291667,-101.95704444,0,12,6,0,2,2,1,0,3,1,0,1,0,"0000000",88,88,88,88,88,88,0,0,0,1,1
48,482638,2,2,0,0,0,3,3,167,366,1,12,2011,5,6,36,1,12,3,"SR-146                        ","OKLAHOMA AVE                  ",37,29.50434722,-94.99832778,0,12,6,0,2,3,1,0,4,5,0,5,0,"0000000",99,99,99,99,99,99,0,0,0,1,0
48,482639,1,1,0,1,1,2,2,85,4230,3,12,2011,7,23,25,1,2,2,"US-75                         ","                              ",149,33.19728611,-96.63873889,0,8,0,0,1,1,1,0,3,2,0,2,0,"0000000",88,88,88,88,88,88,0,0,0,1,0
48,482640,1,1,0,0,0,1,1,329,0,3,12,2011,7,1,27,1,11,1,"I-20                          ","                              ",60,31.92011111,-102.19877222,0,1,0,0,1,1,3,0,3,2,0,2,0,"0000000",88,88,88,88,88,88,0,0,0,1,1
48,482641,1,1,0,0,0,1,1,1,0,4,12,2011,1,4,50,0,4,8,"FM 59                         ","                              ",18,31.98911389,-95.96906389,0,32,0,0,1,1,4,0,2,1,0,1,0,"0000000",88,88,88,88,88,88,0,0,0,1,0
48,482642,3,3,0,0,0,3,3,309,7210,8,12,2011,5,7,38,1,11,1,"I-35                          ","                              ",122,31.50785278,-97.14324167,0,12,1,0,1,1,1,0,4,1,0,1,0,"0000000",7,40,7,48,8,7,23,0,0,1,0
48,482643,1,1,0,0,0,1,1,257,0,9,12,2011,6,16,46,0,15,8,"FM 429                        ","                              ",159,32.74275,-96.24657778,0,42,0,0,1,1,4,0,1,1,0,1,0,"0000000",16,58,17,24,17,59,0,0,0,1,1
48,482644,1,1,0,0,0,3,3,371,0,9,12,2011,6,16,40,1,2,2,"US-67                         ","                              ",262,30.60787222,-103.29209167,0,1,0,0,1,1,4,0,1,1,0,1,0,"0000000",16,22,16,49,18,15,0,0,0,1,0
48,482645,3,3,0,0,0,5,5,201,5230,10,12,2011,7,23,56,0,16,5,"SPENCER HWY                   ","SHAVER ST                     ",0,29.66478889,-95.20780556,0,12,6,0,2,2,1,0,3,1,0,1,0,"0000000",23,58,0,7,0,35,0,0,0,1,1
48,482646,1,1,0,0,0,1,1,303,0,10,12,2011,7,7,15,0,5,8,"FM 2378                       ","7100                          ",243,33.51959722,-102.07836944,0,35,0,0,3,3,4,0,2,10,0,10,0,"0000000",7,37,7,47,8,15,0,0,0,1,1
48,482647,1,1,0,0,0,1,1,479,3899,10,12,2011,7,2,34,0,16,5,"LA PITA MANGANA RD            ","                              ",0,27.45162222,-99.47159722,0,38,0,0,1,1,4,0,3,2,0,2,0,"0000000",2,27,2,42,2,58,0,0,0,1,0
48,482648,2,2,0,1,1,3,3,29,6090,12,12,2011,2,17,59,1,12,2,"US-90                         ","                              ",8,29.39751111,-98.64897778,0,8,0,0,1,1,1,0,3,2,0,2,0,"0000000",88,88,88,88,88,88,0,0,0,1,0
48,482649,2,2,0,0,0,2,2,189,0,13,12,2011,3,15,8,1,1,1,"I-27                          ","                              ",114,33.99000833,-101.85376111,0,12,6,0,1,1,1,0,1,5,0,5,0,"0000000",99,99,99,99,99,99,0,0,0,1,0
48,482650,2,2,0,0,0,2,2,329,0,13,12,2011,3,7,57,0,14,8,"FM 715                        ","120                           ",14,31.96491944,-102.03625278,0,12,6,0,2,2,1,0,4,5,0,5,0,"0000000",8,2,8,9,8,19,0,0,0,1,0
48,482651,2,2,0,0,0,2,2,459,0,13,12,2011,3,15,12,0,3,3,"SR-155                        ","                              ",27,32.84088611,-94.74311944,0,12,2,0,1,1,1,0,1,1,0,1,0,"0000000",88,88,88,88,88,88,0,0,0,1,1
48,482652,2,2,0,0,0,3,3,329,0,14,12,2011,4,2,30,1,2,8,"BI20E                         ","1140                          ",215,32.03195278,-102.00414167,0,12,6,0,2,2,1,0,2,1,0,1,0,"0000000",2,32,2,40,2,57,0,0,0,1,0
48,482653,1,1,0,1,1,1,1,339,0,14,12,2011,4,6,25,0,3,3,"SR-242                        ","                              ",116,30.21381944,-95.33845,0,8,0,0,1,1,1,0,2,10,0,10,0,"0000000",88,88,88,88,88,88,0,0,0,1,0
48,482654,2,2,0,0,0,4,4,325,0,15,12,2011,5,8,15,1,2,2,"US-90                         ","4712                          ",91,29.35554722,-98.83878333,0,12,6,0,2,3,1,0,1,2,0,2,0,"0000000",8,19,8,22,9,5,0,0,0,1,0
48,482655,3,2,1,0,1,2,3,1,5170,16,12,2011,6,13,40,1,13,2,"US-79                         ","                              ",23,31.74279722,-95.65726944,0,12,6,0,8,1,1,0,1,10,0,10,0,"0000000",13,46,13,51,14,16,0,0,0,1,0
48,482656,1,1,0,0,0,2,2,79,0,17,12,2011,7,20,31,0,5,8,"FM301                         ","227                           ",50,33.45897222,-102.65598611,0,58,0,0,3,3,4,0,2,10,0,10,0,"0000000",20,40,21,6,22,18,0,0,0,1,1
48,482657,1,1,0,0,0,2,2,359,0,17,12,2011,7,13,25,1,1,1,"I-40                          ","                              ",171,35.25246944,-102.47130833,0,1,0,0,1,1,4,0,1,1,0,1,0,"0000000",88,88,88,88,88,88,0,0,0,2,0
48,482658,2,2,0,0,0,2,2,423,0,17,12,2011,7,15,55,0,5,8,"FM757                         ","FN2767                        ",47,32.37976944,-95.10906667,0,12,6,0,2,2,1,0,1,10,0,10,0,"0000000",15,58,16,10,16,38,0,0,0,1,0
48,482659,2,2,0,0,0,3,3,479,0,17,12,2011,7,15,0,0,4,3,"SR-44                         ","                              ",359,27.94370556,-98.89922222,0,12,1,0,1,1,1,0,1,2,0,2,0,"0000000",88,88,88,88,88,88,0,0,0,1,0
48,482660,1,1,0,0,0,1,1,245,0,18,12,2011,1,2,50,0,6,4,"HILLEBRANDT RD                ","                              ",0,29.92434167,-94.11258056,0,38,0,0,1,1,4,0,2,1,0,1,0,"0000000",88,88,88,88,88,88,0,0,0,1,1
48,482661,1,1,0,0,0,1,1,367,0,18,12,2011,1,2,50,0,6,4,"FRIENDSHIP RD                 ","                              ",0,32.84539444,-97.71605556,0,38,0,0,1,1,4,0,2,1,0,1,0,"0000000",88,88,88,88,88,88,0,0,0,1,1
48,482662,1,1,0,0,0,5,5,449,0,18,12,2011,1,4,50,1,1,1,"I-30                          ","                              ",151,33.22691667,-94.88795,0,1,0,0,1,1,10,0,2,1,0,1,0,"0000000",99,99,99,99,99,99,0,0,0,1,0
48,481617,1,1,0,0,0,2,2,29,6090,21,8,2011,1,23,50,0,16,5,"WEST AVE                      ","                              ",0,29.47071944,-98.52602222,0,31,0,0,1,1,4,0,3,1,0,1,0,"0000000",0,3,0,9,0,53,0,0,0,1,1
48,481618,1,1,0,1,1,1,1,375,150,21,8,2011,1,2,29,9,19,9,"BI40D                         ","                              ",99999,35.22203611,-101.82116111,0,8,0,0,1,1,1,0,3,1,0,1,0,"0000000",2,26,2,28,2,52,0,0,0,1,0
48,481619,1,1,0,0,0,1,1,273,3700,22,8,2011,2,13,21,1,12,2,"US-77                         ","                              ",78,27.46288056,-97.85516667,0,24,0,0,1,1,4,0,1,1,0,1,0,"0000000",88,88,88,88,88,88,0,0,0,1,0
48,481620,2,2,0,0,0,2,2,113,1730,22,8,2011,2,23,25,1,12,8,"SL12                          ","                              ",187,32.76021389,-96.91720556,0,12,1,0,1,1,1,0,2,1,0,1,0,"0000000",88,88,88,88,88,88,0,0,0,1,0
48,481621,1,1,0,1,1,1,1,27,6810,23,8,2011,3,21,2,1,1,7,"I-35                          ","                              ",280,31.16426667,-97.32038333,0,8,0,0,1,1,1,0,2,1,0,1,0,"0000000",21,4,21,15,21,36,0,0,0,1,0
48,481622,1,1,0,1,1,0,0,201,0,23,8,2011,3,8,35,0,6,4,"NORTHWEST PARK PLACE          ","                              ",0,29.916675,-95.47862222,0,8,0,0,8,1,1,0,1,1,0,1,0,"0000000",99,99,99,99,99,99,0,0,0,1,0
48,481623,3,3,0,0,0,3,3,491,1242,23,8,2011,3,10,41,1,13,8,"RM 1431                       ","                              ",12,30.517475,-97.84081944,0,12,2,0,1,1,1,0,1,1,0,1,0,"0000000",10,43,10,54,11,4,0,0,0,1,0
48,481624,1,1,0,1,1,1,1,201,0,25,8,2011,5,0,50,0,6,4,"CYPRESS ROSEHILL              ","                              ",0,30.06994722,-95.70013056,0,8,0,0,1,1,1,0,2,10,0,10,0,"0000000",88,88,88,88,88,88,0,0,0,1,0
48,481625,1,1,0,1,1,2,2,27,6810,26,8,2011,6,23,19,0,14,3,"SR-317                        ","                              ",130,31.10021667,-97.45190278,0,8,0,0,1,1,1,0,2,1,0,1,0,"0000000",23,20,23,31,0,22,0,0,0,1,0
48,481626,2,2,0,0,0,3,3,277,5220,27,8,2011,7,11,12,1,13,2,"US-271                        ","                              ",31,33.69121389,-95.55435556,0,12,11,0,8,1,1,0,1,1,0,1,0,"0000000",88,88,88,88,88,88,0,0,0,2,0
48,481627,1,1,0,1,1,1,1,113,1730,28,8,2011,1,20,54,1,11,1,"I-35                          ","                              ",88,32.67248611,-96.82279444,0,8,0,1,5,1,1,0,2,1,0,1,0,"0000000",20,56,20,59,21,23,23,0,0,1,1
48,481628,2,2,0,0,0,2,2,179,0,30,8,2011,3,11,20,1,2,2,"US-60                         ","SR-171 LP                     ",42,35.53379444,-100.91901944,0,12,6,0,2,2,1,0,1,1,0,1,0,"0000000",88,88,88,88,88,88,0,0,0,1,0
48,481629,3,1,2,0,0,1,1,201,6553,30,8,2011,3,1,50,0,14,8,"FM 2920                       ","                              ",166,30.07193611,-95.48803056,0,43,0,0,1,1,4,0,3,1,0,1,0,"0000000",88,88,88,88,88,88,0,0,0,1,0
48,481630,2,2,0,0,0,3,3,209,990,30,8,2011,3,21,21,1,11,1,"I-35                          ","                              ",223,30.07435278,-97.82628056,0,12,1,1,18,1,1,1,2,1,0,1,0,"0000000",88,88,88,88,88,88,3,0,0,1,0
48,481631,2,2,0,0,0,3,3,53,0,18,2,2011,6,7,13,0,3,3,"SR-29                         ","                              ",87,30.748525,-98.08765833,0,12,2,0,1,1,1,0,1,2,0,2,0,"0000000",7,13,7,21,8,17,0,0,0,1,0
48,481632,1,1,0,1,1,1,1,505,7660,18,4,2011,2,22,12,0,16,5,"DELMAR ST                     ","                              ",0,26.90041111,-99.25936667,0,8,0,0,1,1,1,0,2,1,0,1,0,"0000000",99,99,99,99,99,99,0,0,0,1,0
48,481633,1,1,0,1,1,1,1,505,7660,9,5,2011,2,6,15,1,2,2,"US-83                         ","                              ",342,26.86582222,-99.25335278,0,8,0,0,1,1,1,0,2,1,0,1,0,"0000000",88,88,88,88,88,88,0,0,0,1,0
48,481634,1,1,0,0,0,1,1,201,3280,20,5,2011,6,3,45,0,16,5,"ROBMORE                       ","                              ",0,29.85458333,-95.37955556,0,33,0,0,1,1,4,0,3,1,0,1,0,"0000000",88,88,88,88,88,88,0,0,0,1,1
48,481635,2,2,0,0,0,3,3,385,0,21,5,2011,7,17,28,0,3,2,"US-83                         ","                              ",43,29.66418889,-99.756075,0,12,1,0,8,1,1,0,1,1,0,1,0,"0000000",17,30,17,35,19,45,0,0,0,1,0
48,481636,2,2,0,0,0,2,2,257,3610,4,6,2011,7,0,5,1,2,2,"US-175                        ","                              ",162,32.428225,-96.21448611,0,11,0,0,1,1,1,0,2,1,0,1,0,"0000000",0,13,0,19,1,29,0,0,0,1,0
48,481637,1,1,0,0,0,2,2,135,0,18,6,2011,7,1,43,1,2,3,"SR-158                        ","                              ",260,32.024675,-102.43025278,0,1,0,0,5,1,4,0,3,1,0,1,0,"0000000",1,43,1,54,2,18,0,0,0,1,1
48,481638,1,1,0,0,0,2,2,165,0,15,7,2011,6,2,54,0,6,4,"303                           ","304                           ",0,32.69658611,-102.674375,0,1,0,0,2,3,1,0,2,1,0,1,0,"0000000",2,54,3,5,3,28,0,0,0,1,0
48,481639,1,1,0,0,0,2,2,165,0,18,7,2011,2,11,40,0,3,2,"US-180                        ","                              ",279,32.71140556,-102.60698333,0,38,0,0,1,1,4,0,1,1,0,1,0,"0000000",11,40,11,43,11,54,0,0,0,1,0
48,481640,1,1,0,0,0,2,2,201,3280,24,7,2011,1,2,20,1,11,7,"I-45                          ","                              ",108,29.62880278,-95.22935278,0,1,0,0,1,1,4,0,3,1,0,1,0,"0000000",3,1,3,14,3,40,0,0,0,1,1
48,481642,1,1,0,0,0,7,7,289,0,25,7,2011,2,18,26,1,1,1,"I-35                          ","                              ",204,31.38089167,-96.02221389,0,1,0,0,1,1,1,0,1,1,0,1,0,"0000000",18,25,18,53,19,49,0,0,0,1,0
48,481644,2,2,0,0,0,3,3,289,0,28,7,2011,5,5,14,0,3,3,"SR-7                          ","                              ",128,31.24315,-96.06286111,0,12,2,0,1,1,1,0,2,1,0,1,0,"0000000",99,99,99,99,99,99,0,0,0,2,0
48,481645,1,1,0,0,0,1,1,201,0,30,7,2011,7,3,18,0,6,4,"W LITTLE YORK RD              ","                              ",0,29.86650278,-95.58823333,0,30,0,0,1,1,4,0,2,10,0,10,0,"0000000",88,88,88,88,88,88,0,0,0,1,1
48,481646,3,3,0,0,0,7,7,217,0,30,7,2011,7,3,59,0,3,3,"SR-22                         ","                              ",125,31.98019722,-97.23539722,0,12,8,0,1,1,1,0,2,1,0,1,0,"0000000",4,6,4,18,4,55,0,0,0,2,0
48,481647,1,1,0,0,0,1,1,41,0,31,7,2011,1,6,29,0,6,4,"CHISHOLM TRL                  ","                              ",0,30.46876111,-96.17427222,0,1,0,0,1,1,4,0,2,10,0,10,0,"0000000",88,88,88,88,88,88,0,0,0,1,1
48,481648,2,1,1,1,1,1,1,313,0,31,7,2011,1,23,40,1,1,1,"I-45                          ","                              ",16,30.90617778,-95.78687778,0,8,0,0,1,1,2,0,2,1,0,1,0,"0000000",88,88,88,88,88,88,14,16,23,1,0
48,481649,1,1,0,1,1,3,3,135,0,3,8,2011,4,4,58,1,2,2,"US-385                        ","                              ",107,31.69952778,-102.34425556,0,8,0,0,1,1,1,0,2,1,0,1,0,"0000000",88,88,88,88,88,88,0,0,0,1,1
48,481650,2,2,0,0,0,5,5,339,6884,3,8,2011,4,20,44,0,6,4,"GOSLING                       ","                              ",0,30.15762778,-95.50953611,0,12,6,0,1,1,1,0,2,1,0,1,0,"0000000",99,99,99,99,99,99,0,0,0,1,1
48,481651,1,1,0,0,0,1,1,331,0,12,8,2011,6,18,6,1,2,2,"US-79                         ","                              ",22,30.81896111,-96.67628889,0,42,0,0,1,1,5,0,1,1,0,1,0,"0000000",88,88,88,88,88,88,0,0,0,1,1
48,480001,2,2,0,0,0,3,3,135,0,1,1,2011,7,22,55,0,14,8,"FM2020                        ","WESTRIDGE                     ",48,31.84510556,-102.48313611,0,12,6,0,2,3,1,0,2,1,0,1,0,"0000000",23,6,23,7,23,24,0,0,0,2,0
48,480002,2,2,0,0,0,2,2,141,2190,1,1,2011,7,2,51,1,13,2,"US-62/180                     ","LP375                         ",216,31.80636389,-106.26780556,0,12,6,1,2,2,1,0,3,10,0,10,0,"0000000",88,88,88,88,88,88,0,0,0,1,1
48,480003,1,1,0,1,1,3,3,201,0,1,1,2011,7,1,7,0,6,4,"ELROD                         ","                              ",0,29.82799444,-95.75676667,0,8,0,0,1,1,1,0,2,10,0,10,0,"0000000",88,88,88,88,88,88,0,0,0,1,0
48,480004,1,1,0,0,0,1,1,201,0,1,1,2011,7,2,20,0,6,4,"LOUETTA                       ","                              ",0,30.00440556,-95.55404167,0,1,0,0,1,1,4,0,2,1,0,1,0,"0000000",88,88,88,88,88,88,0,0,0,1,1
48,480005,2,2,0,1,1,6,6,201,0,1,1,2011,7,20,6,1,12,7,"US-59                         ","                              ",60,29.91765833,-95.30685556,0,8,0,0,1,1,1,0,2,1,0,1,0,"0000000",88,88,88,88,88,88,0,0,0,1,0
48,480006,1,1,0,1,1,1,1,201,3280,1,1,2011,7,21,24,1,12,2,"US-290                        ","                              ",344,29.84311111,-95.49536389,0,8,0,1,18,1,1,0,3,1,0,1,0,"0000000",21,25,21,31,22,7,0,0,0,1,0
48,480007,2,2,0,0,0,5,5,215,0,1,1,2011,7,3,34,0,6,4,"CANTU RD                      ","                              ",0,26.35940556,-98.30137222,0,12,6,0,1,1,1,0,2,1,0,1,0,"0000000",3,33,3,56,4,49,0,0,0,1,1
48,480008,1,1,0,0,0,5,5,239,0,1,1,2011,7,6,29,1,2,2,"US-59                         ","                              ",65,29.04320833,-96.52518333,0,1,0,0,1,1,1,0,4,1,0,1,0,"0000000",6,34,7,10,7,58,0,0,0,2,0
48,480009,3,3,0,0,0,8,8,423,3990,1,1,2011,7,3,41,1,1,7,"I-20                          ","US-69                         ",124,32.46890833,-95.38792222,0,12,1,1,3,2,1,0,3,10,0,10,0,"0000000",3,49,4,0,4,25,0,0,0,1,1
48,480010,1,1,0,1,1,2,2,427,0,1,1,2011,7,21,25,1,2,2,"US-83                         ","                              ",222,26.40198333,-98.93157222,0,8,0,0,1,1,1,0,2,1,0,1,0,"0000000",88,88,88,88,88,88,0,0,0,1,0
48,480011,2,2,0,0,0,2,2,29,6090,3,1,2011,2,12,15,0,16,5,"NACOGDOCHES                   ","HILLPOINT                     ",0,29.537475,-98.42459722,0,12,1,0,2,2,1,0,1,10,0,10,0,"0000000",88,88,88,88,88,88,0,0,0,1,1
48,480012,1,1,0,0,0,1,1,31,3530,3,1,2011,2,8,37,0,3,2,"US-281                        ","                              ",146,30.28162778,-98.40605278,0,30,0,0,1,1,4,0,1,10,0,10,0,"0000000",8,37,8,41,9,35,0,0,0,1,0
48,480528,1,1,0,0,0,2,2,365,0,13,3,2011,1,7,20,1,2,2,"US-79                         ","                              ",196,32.17011944,-94.32296111,0,42,0,0,1,1,4,0,1,1,0,1,0,"0000000",7,37,8,5,8,36,0,0,0,1,1
48,480529,1,1,0,0,0,2,2,453,0,13,3,2011,1,21,6,0,6,8,"OLD LOCKHART RD               ","MUSTANG MESA DR               ",0,30.06659722,-97.71378611,0,38,0,0,1,1,4,0,5,1,0,1,0,"0000000",21,7,21,18,22,12,0,0,0,1,0
48,480530,1,1,0,1,1,1,1,141,2190,14,3,2011,2,7,44,0,16,5,"VISTA DEL SOL                 ","LOU GRAHAM                    ",0,31.75268611,-106.30971667,0,8,0,0,3,2,1,0,1,1,0,1,0,"0000000",88,88,88,88,88,88,0,0,0,1,0
48,480531,2,2,0,1,1,2,2,201,3280,14,3,2011,2,0,28,1,11,1,"I-45                          ","                              ",185,29.71231389,-95.31085833,0,9,0,0,1,1,1,0,2,1,0,1,0,"0000000",88,88,88,88,88,88,16,0,0,1,0