"STATE","ST_CASE","VE_TOTAL","VE_FORMS","PVH_INVL","PEDS","PERNOTMVIT","PERMVIT","PERSONS","COUNTY","CITY","DAY","MONTH","YEAR","DAY_WEEK","HOUR","MINUTE","NHS","ROAD_FNC","ROUTE","TWAY_ID","TWAY_ID2","MILEPT","LATITUDE","LONGITUD","SP_JUR","HARM_EV","MAN_COLL","RELJCT1","RELJCT2","TYP_INT","REL_ROAD","WRK_ZONE","LGT_COND","WEATHER1","WEATHER2","WEATHER","SCH_BUS","RAIL","NOT_HOUR","NOT_MIN","ARR_HOUR","ARR_MIN","HOSP_HR","HOSP_MN","CF1","CF2","CF3","FATALS","DRUNK_DR"
48,480532,2,2,0,0,0,4,4,203,0,14,3,2011,2,15,20,0,6,4,"SEBRING                       ","                              ",0,32.58134167,-94.38894722,0,12,6,0,8,1,1,0,1,1,0,1,0,"0000000",15,26,15,34,99,99,0,0,0,1,0
48,480533,1,1,0,0,0,1,1,157,0,16,3,2011,4,3,45,0,4,8,"FM 359                        ","                              ",154,29.67135556,-95.83890278,0,38,0,0,1,1,4,0,2,1,0,1,0,"0000000",88,88,88,88,88,88,0,0,0,1,1
48,480534,1,1,0,0,0,1,1,287,0,16,3,2011,4,15,37,0,4,8,"FM 141                        ","                              ",67,30.31027222,-96.78138056,0,31,0,0,1,1,4,0,1,1,0,1,0,"0000000",88,88,88,88,88,88,0,0,0,1,0
48,480535,1,1,0,0,0,3,3,439,2450,16,3,2011,4,18,6,1,11,1,"I-820                         ","                              ",161,32.84228611,-97.33970556,0,24,0,1,18,1,10,0,1,1,0,1,0,"0000000",18,21,18,26,19,4,0,0,0,1,1
48,480536,1,1,0,0,0,2,2,89,0,17,3,2011,5,20,15,0,4,8,"FM 102                        ","                              ",265,29.65412222,-96.40124167,0,1,0,0,1,1,4,0,2,10,0,10,0,"0000000",88,88,88,88,88,88,0,0,0,2,1
48,480537,1,1,0,0,0,1,1,41,970,18,3,2011,6,1,41,1,12,7,"US-190                        ","                              ",30,30.71009444,-96.37275833,0,59,0,1,19,1,10,0,2,10,0,10,0,"0000000",88,88,88,88,88,88,0,0,0,1,1
48,480538,1,1,0,1,1,1,1,41,1440,18,3,2011,6,22,31,1,13,3,"SR-30                         ","                              ",30,30.64762222,-96.28470556,0,8,0,0,1,1,1,0,2,1,0,1,0,"0000000",88,88,88,88,88,88,0,0,0,1,0
48,480539,1,1,0,0,0,1,1,63,0,18,3,2011,6,20,15,0,5,8,"FM 3042                       ","                              ",55,32.99065278,-94.995375,0,42,0,0,1,1,4,0,2,1,0,1,0,"0000000",88,88,88,88,88,88,0,0,0,1,0
48,480540,1,1,0,0,0,1,1,139,0,18,3,2011,6,14,58,1,1,1,"I-35                          ","                              ",130,32.26736111,-96.87120278,0,1,0,0,1,1,4,0,1,1,0,1,0,"0000000",88,88,88,88,88,88,0,0,0,1,0
48,480541,1,1,0,0,0,1,1,313,0,18,3,2011,6,4,30,1,1,1,"I-45                          ","                              ",153,31.04622222,-95.94513056,0,1,0,0,1,1,3,0,2,1,0,1,0,"0000000",88,88,88,88,88,88,0,0,0,1,0
48,480543,2,2,0,0,0,2,2,15,7243,19,3,2011,7,17,8,1,2,3,"SR-36                         ","N LEGION RD                   ",63,29.63260278,-96.06760556,0,12,6,0,2,2,1,0,1,1,0,1,0,"0000000",88,88,88,88,88,88,0,0,0,1,0
48,480544,1,1,0,0,0,1,1,27,0,19,3,2011,7,20,30,0,6,4,"220                           ","                              ",0,30.99138889,-97.88078056,0,38,0,0,1,1,4,0,5,1,0,1,0,"0000000",99,99,99,99,99,99,0,0,0,1,1
48,480545,1,1,0,0,0,4,4,363,0,19,3,2011,7,9,5,1,1,1,"I-20                          ","                              ",74,32.55475278,-98.26089167,0,1,0,0,1,1,3,0,1,1,0,1,0,"0000000",99,99,99,99,99,99,0,0,0,1,0
48,480546,2,2,0,0,0,4,4,113,2590,20,3,2011,1,1,30,1,11,1,"I-30                          ","                              ",268,32.84003611,-96.59596944,0,12,1,0,1,1,1,0,3,1,0,1,0,"0000000",88,88,88,88,88,88,0,0,0,1,1
48,480547,1,1,0,0,0,4,4,227,0,20,3,2011,1,17,23,1,1,1,"I-20                          ","                              ",119,32.16987778,-101.6789,0,1,0,0,1,1,3,0,1,1,0,1,0,"0000000",17,37,17,52,18,22,0,0,0,1,0
48,480548,1,1,0,0,0,2,2,439,2450,20,3,2011,1,2,59,0,16,5,"SYLVANIA AVE                  ","                              ",0,32.82848333,-97.30877222,0,1,0,0,1,1,1,0,2,1,0,1,0,"0000000",99,99,99,99,99,99,0,0,0,1,0
48,480549,2,2,0,0,0,7,7,439,2450,20,3,2011,1,3,28,1,11,1,"I-30                          ","                              ",191,32.76056667,-97.23655833,0,12,7,0,1,1,1,0,3,1,0,1,0,"0000000",3,30,3,32,4,9,0,0,0,1,0
48,480550,2,2,0,0,0,2,2,113,2590,22,3,2011,3,8,11,1,12,3,"SR-190                        ","W CAMPBELL RD                 ",109,32.97516111,-96.65589167,0,12,6,1,2,2,1,0,1,1,0,1,0,"0000000",8,12,8,14,8,57,0,0,0,1,0
48,480551,2,2,0,0,0,2,2,141,2190,22,3,2011,3,20,46,1,12,2,"US-54                         ","                              ",95,31.82783056,-106.43875278,0,12,6,0,1,1,1,0,3,1,0,1,0,"0000000",88,88,88,88,88,88,0,0,0,1,2
48,480552,2,2,0,0,0,2,2,201,3280,22,3,2011,3,22,50,1,13,8,"SL 8                          ","LITTLE YORK RD                ",171,29.86726944,-95.563525,0,12,6,1,2,2,1,0,3,1,0,1,0,"0000000",22,52,23,0,23,54,0,0,0,1,0
48,480553,1,1,0,0,0,8,8,37,0,23,3,2011,4,8,3,1,1,1,"I-30                          ","                              ",299,33.47186667,-94.2504,0,1,0,0,1,1,3,0,1,1,0,1,0,"0000000",8,3,8,15,9,1,0,0,0,1,0
48,480554,1,1,0,1,1,1,1,449,4750,23,3,2011,4,21,39,0,14,8,"FM 127                        ","                              ",110,33.15152222,-94.979275,0,8,0,0,1,1,1,0,3,1,0,1,0,"0000000",21,33,21,39,22,4,0,0,0,1,0
48,480555,1,1,0,0,0,2,2,503,0,23,3,2011,4,16,4,0,3,2,"US-380                        ","                              ",295,33.12551111,-98.59224722,0,42,0,0,1,1,4,0,1,1,0,1,0,"0000000",16,3,16,8,16,40,0,0,0,1,0
48,480557,2,2,0,0,0,2,2,201,3280,24,3,2011,5,6,20,0,16,5,"BROADWAY                      ","                              ",0,29.68636667,-95.27758056,0,12,6,0,1,1,1,0,3,1,0,1,0,"0000000",88,88,88,88,88,88,0,0,0,1,0
48,480558,1,1,0,1,1,1,1,141,2190,24,3,2011,5,22,40,1,13,3,"SR-62                         ","                              ",76,31.76643056,-106.46178056,0,8,0,0,1,1,1,0,3,1,0,1,0,"0000000",88,88,88,88,88,88,0,0,0,1,0
48,480559,2,2,0,0,0,6,6,181,6350,24,3,2011,5,16,14,1,12,3,"SR-75                         ","PARK AVE                      ",162,33.61557222,-96.60911111,0,12,6,1,2,2,1,0,1,1,0,1,0,"0000000",16,23,16,30,16,50,0,0,0,1,0
48,480560,3,3,0,0,0,4,4,135,5030,25,3,2011,6,11,5,1,13,2,"US-285                        ","ODESSA ST                     ",12,31.83074444,-102.35707222,0,12,6,0,2,2,1,0,1,1,0,1,0,"0000000",11,5,11,10,11,23,0,0,0,1,0
48,480561,2,2,0,0,0,2,2,27,3027,26,3,2011,7,11,55,0,14,8,"FM 2410                       ","COMMERCIAL                    ",71,31.06865556,-97.66805,0,1,0,0,2,3,1,0,1,1,0,1,0,"0000000",88,88,88,88,88,88,0,0,0,1,1
48,480562,1,1,0,0,0,1,1,73,0,26,3,2011,7,22,34,0,4,8,"FM 347                        ","                              ",176,31.86391389,-95.233875,0,18,0,0,1,1,4,0,2,1,0,1,0,"0000000",88,88,88,88,88,88,0,0,0,1,1
48,481073,3,3,0,0,0,3,3,423,7070,3,6,2011,6,17,7,0,14,3,"SR-248                        ","SL 323                        ",0,32.31336389,-95.26819444,0,12,7,0,3,2,1,0,1,1,0,1,0,"0000000",88,88,88,88,88,88,0,0,0,1,0
48,481074,2,2,0,1,1,3,3,29,6090,4,6,2011,7,21,7,0,16,5,"CULEBRA                       ","                              ",0,29.44850278,-98.58566944,0,8,0,0,1,1,1,0,3,1,0,1,0,"0000000",21,7,21,8,21,29,0,0,0,1,0
48,481076,1,1,0,1,1,5,5,71,0,4,6,2011,7,21,18,0,4,3,"SR-61                         ","                              ",52,29.82863889,-94.64643056,0,9,0,0,1,1,1,0,2,1,0,1,0,"0000000",88,88,88,88,88,88,0,0,0,1,0
48,481077,1,1,0,0,0,1,1,113,1730,4,6,2011,7,3,35,1,11,1,"I-30                          ","                              ",96,32.76744444,-96.86939722,0,1,0,0,1,1,10,0,3,1,0,1,0,"0000000",3,50,3,57,4,13,0,0,0,1,1
48,481078,1,1,0,1,1,1,1,113,1730,4,6,2011,7,22,22,0,16,5,"SUNNYVALE ST                  ","OVERTON RD                    ",0,32.71173611,-96.784175,0,8,0,0,2,2,1,0,3,1,0,1,0,"0000000",88,88,88,88,88,88,0,0,0,1,0
48,481079,3,3,0,0,0,4,4,121,0,4,6,2011,7,17,8,1,2,2,"US-380                        ","                              ",53,33.23761389,-97.30030556,0,12,1,0,1,1,1,0,1,1,0,1,0,"0000000",17,16,17,27,18,12,0,0,0,1,0
48,481080,2,2,0,0,0,4,4,141,2190,4,6,2011,7,21,9,0,16,5,"UPPER VALLEY                  ","COUNTRY CLUB RD               ",0,31.84726667,-106.61305,0,42,0,0,1,1,4,0,2,1,0,1,0,"0000000",88,88,88,88,88,88,14,0,0,1,0
48,481081,2,2,0,0,0,3,3,251,1370,4,6,2011,7,12,26,1,13,3,"SR-174                        ","                              ",218,32.39994444,-97.38540556,0,12,6,0,8,1,1,0,1,1,0,1,0,"0000000",88,88,88,88,88,88,0,0,0,1,0
48,481082,1,1,0,0,0,1,1,453,5325,4,6,2011,7,0,20,1,13,8,"FM 1825                       ","                              ",9,30.44594444,-97.64904722,0,42,0,0,1,1,4,0,2,1,0,1,0,"0000000",88,88,88,88,88,88,0,0,0,1,0
48,481083,2,2,0,0,0,2,2,467,0,4,6,2011,7,12,0,0,4,3,"SR-198                        ","2807                          ",176,32.39450278,-96.07088056,0,12,1,0,3,3,1,0,1,1,0,1,0,"0000000",12,0,12,9,12,45,0,0,0,1,0
48,481084,1,1,0,0,0,1,1,499,0,4,6,2011,7,14,50,0,4,8,"FM 852                        ","                              ",88,32.89025833,-95.18041389,0,1,0,0,1,1,1,0,1,1,0,1,0,"0000000",15,5,15,17,16,34,0,0,0,1,0
48,481085,1,1,0,0,0,1,1,77,0,5,6,2011,1,13,41,1,2,2,"US-287                        ","                              ",90,33.719575,-98.10034722,0,42,0,0,1,1,4,0,1,1,0,1,0,"0000000",88,88,88,88,88,88,0,0,0,1,0
48,481086,1,1,0,0,0,1,1,113,1730,5,6,2011,1,17,56,0,16,5,"EASTON RD                     ","VAN DYKE RD                   ",0,32.86068056,-96.70984167,0,1,0,0,2,4,1,0,1,1,0,1,0,"0000000",17,57,18,2,18,44,0,0,0,1,1
48,481087,1,1,0,0,0,1,1,167,6213,5,6,2011,1,19,58,1,13,8,"FM 1764                       ","                              ",25,29.39143889,-95.07752222,0,33,0,0,1,1,4,0,1,1,0,1,0,"0000000",99,99,99,99,99,99,0,0,0,1,0
48,481088,2,2,0,0,0,2,2,201,0,5,6,2011,1,6,29,1,11,7,"I-45                          ","FM 1960                       ",426,30.02125,-95.42833611,0,12,6,1,2,2,1,0,1,1,0,1,0,"0000000",88,88,88,88,88,88,0,0,0,1,0
48,481089,1,1,0,0,0,7,7,201,3280,5,6,2011,1,20,5,0,16,5,"ELDRIDGE PKWY                 ","                              ",0,29.81147222,-95.61746944,0,24,0,0,1,1,4,0,2,2,0,2,0,"0000000",20,5,20,10,20,40,0,0,0,1,0
48,481090,3,3,0,0,0,9,9,201,3280,5,6,2011,1,20,15,1,13,8,"FM 865                        ","EDFIELD                       ",21,29.67553889,-95.35583611,0,12,6,0,2,2,1,0,3,1,0,1,0,"0000000",20,20,20,22,20,37,0,0,0,1,1
48,481091,1,1,0,0,0,1,1,215,0,5,6,2011,1,7,20,0,6,4,"CESAR CHAVEZ                  ","                              ",0,26.22368056,-98.12856944,0,1,0,0,1,1,1,0,1,1,0,1,0,"0000000",7,27,7,37,7,56,0,0,0,1,1
48,481092,1,1,0,0,0,2,2,229,0,5,6,2011,1,10,52,1,2,2,"US-62                         ","                              ",259,31.79834167,-105.57971389,0,1,0,0,1,1,4,0,1,1,0,1,0,"0000000",99,99,99,99,99,99,0,0,0,1,0
48,481093,1,1,0,0,0,4,4,297,0,5,6,2011,1,13,52,1,1,1,"I-37                          ","                              ",181,28.35241667,-98.0371,0,1,0,0,1,1,10,0,1,1,0,1,0,"0000000",13,57,14,27,15,2,0,0,0,1,0
48,481094,1,1,0,0,0,1,1,309,0,5,6,2011,1,19,43,0,6,4,"KASSBERG                      ","                              ",0,31.72545833,-97.03429722,0,38,0,0,1,1,4,0,1,1,0,1,0,"0000000",19,49,20,5,20,34,0,0,0,1,0
48,481095,2,2,0,0,0,4,4,355,1550,5,6,2011,1,7,23,1,12,3,"SR-358                        ","                              ",94,27.71091667,-97.37684444,0,12,1,0,1,1,1,0,1,1,0,1,0,"0000000",7,23,7,38,8,3,0,0,0,1,1
48,481096,1,1,0,0,0,1,1,439,3594,5,6,2011,1,0,49,0,16,5,"KATY                          ","                              ",0,32.951225,-97.25523611,0,32,0,0,1,1,4,1,3,1,0,1,0,"0000000",1,8,1,24,1,44,0,0,0,1,1
48,481097,2,2,0,0,0,4,4,467,0,5,6,2011,1,10,20,0,4,8,"FM 773                        ","FM 773                        ",62,32.51685,-95.70113056,0,12,6,0,2,2,1,0,1,1,0,1,0,"0000000",10,36,10,55,11,21,0,0,0,2,0
48,481098,2,2,0,0,0,2,2,27,3027,6,6,2011,2,10,20,1,12,7,"US-190                        ","FM 2410                       ",101,31.06986111,-97.66894444,0,12,6,1,2,2,1,0,1,10,0,10,0,"0000000",10,22,10,25,10,59,0,0,0,1,0
48,481100,1,1,0,0,0,1,1,213,0,6,6,2011,2,23,45,0,3,3,"SR-19                         ","                              ",4,32.29366667,-95.84445,0,11,0,0,1,1,1,0,2,1,0,1,0,"0000000",23,50,23,57,0,24,0,0,0,1,0
48,481101,2,2,0,0,0,4,4,135,0,7,6,2011,3,17,25,0,6,4,"YUKON RD                      ","DIXIE BLVD                    ",0,31.91282778,-102.38371667,0,12,6,0,2,3,1,0,1,1,0,1,0,"0000000",17,25,17,28,17,47,0,0,0,1,0
48,481102,5,5,0,0,0,6,6,157,6660,7,6,2011,3,11,16,1,12,2,"US-59                         ","                              ",94,29.56236111,-95.68687222,0,12,7,0,5,1,1,0,1,1,0,1,0,"0000000",88,88,88,88,88,88,0,0,0,1,0
48,481103,2,2,0,0,0,3,3,333,0,7,6,2011,3,22,45,1,2,2,"US-84                         ","                              ",86,31.487125,-98.57324167,0,12,2,0,1,1,1,1,2,1,0,1,0,"0000000",22,45,22,55,23,45,0,0,0,1,1
48,481104,2,1,1,0,0,1,1,29,6090,8,6,2011,4,1,7,0,4,8,"SL1604                        ","NW MILITARY                   ",21,29.60072778,-98.56125,0,14,0,0,1,1,2,0,3,1,0,1,0,"0000000",88,88,88,88,88,88,0,0,0,1,1
48,481105,2,2,0,0,0,4,4,121,9997,8,6,2011,4,21,10,1,12,3,"SR-121                        ","                              ",18,33.08138333,-96.85508333,0,12,1,0,1,1,1,0,2,1,0,1,0,"0000000",21,17,21,24,21,57,23,0,0,1,0
48,481106,1,1,0,0,0,1,1,347,0,8,6,2011,4,14,0,0,3,3,"SR-21                         ","                              ",273,31.56708056,-94.52550278,0,1,0,0,1,1,4,0,1,1,0,1,0,"0000000",99,99,14,10,14,28,0,0,0,1,0
48,481107,1,1,0,0,0,1,1,423,0,8,6,2011,4,8,5,0,4,8,"FM850                         ","                              ",30,32.34784444,-95.21065278,0,1,0,0,1,1,4,0,1,1,0,1,0,"0000000",88,88,88,88,88,88,0,0,0,1,0
48,481652,2,2,0,0,0,3,3,201,3280,4,8,2011,5,3,0,1,12,7,"STATE LOOP 8                  ","HARWIN DR                     ",106,29.716625,-95.55798611,0,12,6,1,2,2,1,0,3,10,0,10,0,"0000000",2,58,3,4,3,49,0,0,0,1,1
48,481653,1,1,0,1,1,1,1,231,0,7,8,2011,1,20,49,1,1,1,"I-30                          ","                              ",207,33.13290556,-96.01978333,0,8,0,0,1,1,1,0,2,1,0,1,0,"0000000",88,88,88,88,88,88,0,0,0,1,0
48,481654,2,2,0,0,0,2,2,85,720,8,8,2011,2,14,20,0,3,3,"SR-78                         ","SR-78 BU                      ",80,33.28672778,-96.38918889,0,12,2,0,2,2,1,0,1,1,0,1,0,"0000000",99,99,99,99,99,99,0,0,0,1,0
48,481655,2,2,0,0,0,2,2,217,0,8,8,2011,2,16,20,0,3,3,"SR-22                         ","TALL TIMBERS TRAIL            ",36,31.89859722,-97.32573611,0,12,1,0,2,2,1,0,1,1,0,1,0,"0000000",99,99,99,99,99,99,0,0,0,1,0
48,481656,1,1,0,0,0,1,1,67,0,9,8,2011,3,15,15,0,4,8,"FM 3129                       ","                              ",52,33.23716111,-94.09727778,0,32,0,0,1,1,4,0,1,1,0,1,0,"0000000",88,88,88,88,88,88,0,0,0,1,1
48,481658,2,2,0,0,0,2,2,201,3280,10,8,2011,4,13,45,1,11,7,"I-610                         ","                              ",131,29.78859167,-95.26691667,0,33,0,0,1,1,4,0,1,1,0,1,0,"0000000",13,46,13,50,14,9,0,0,0,1,0
48,481659,3,3,0,0,0,4,4,453,0,10,8,2011,4,14,47,1,13,2,"US-290                        ","                              ",45,30.23219722,-97.90168889,0,12,6,0,1,1,1,0,1,1,0,1,0,"0000000",88,88,88,88,88,88,0,0,0,1,0
48,481660,3,3,0,0,0,3,3,309,0,12,8,2011,6,8,38,1,2,3,"SR-31                         ","                              ",84,31.65310833,-96.99843056,0,12,6,0,8,1,1,1,1,1,0,1,0,"0000000",8,48,8,57,9,33,14,0,0,1,0
48,481661,2,2,0,0,0,3,3,37,0,4,8,2011,5,13,10,1,1,1,"I-30                          ","                              ",107,33.42116944,-94.54996111,0,12,1,0,1,1,1,0,1,1,0,1,0,"0000000",13,18,13,47,14,29,0,0,0,1,0
48,481662,2,2,0,0,0,6,6,67,0,13,8,2011,7,17,23,1,2,2,"US-59                         ","FM3129                        ",26,33.26305556,-94.15274722,0,12,6,0,2,3,1,0,2,10,0,10,0,"0000000",17,28,17,39,18,37,0,0,0,1,0
48,481663,1,1,0,0,0,1,1,55,0,14,8,2011,1,2,24,1,2,2,"US-183                        ","                              ",41,29.97880278,-97.68124444,0,58,0,0,1,1,3,1,2,1,0,1,0,"0000000",88,88,88,88,88,88,0,0,0,1,1
48,481664,2,1,1,1,2,1,2,141,3276,14,8,2011,1,0,54,0,16,5,"DARRINGTON RD                 ","NUNDA DR                      ",0,31.67882222,-106.19745278,0,8,0,0,3,3,1,0,3,1,0,1,0,"0000000",88,88,88,88,88,88,23,0,0,1,1
48,481665,2,2,0,0,0,2,2,215,2110,14,8,2011,1,17,4,0,14,8,"FM3362                        ","TRENTON RD                    ",28,26.26472778,-98.19298889,0,1,0,0,3,2,1,0,1,2,0,2,0,"0000000",17,4,17,8,17,35,0,0,0,1,0
48,481666,1,1,0,0,0,3,3,303,4140,14,8,2011,1,2,30,1,12,8,"SL289                         ","                              ",325,33.60773889,-101.90591944,0,24,0,0,1,1,4,0,2,1,0,1,0,"0000000",2,33,2,41,2,49,0,0,0,1,1
48,481667,4,4,0,0,0,6,6,179,0,15,8,2011,2,14,30,1,2,2,"US-60                         ","                              ",79,35.49750556,-101.03964444,0,12,6,0,1,1,1,0,1,1,0,1,0,"0000000",99,99,99,99,99,99,0,0,0,1,0
48,481668,2,2,0,0,0,3,3,329,0,16,8,2011,3,17,19,1,2,8,"BI20E                         ","1140                          ",215,32.03211389,-102.00422778,0,12,6,0,2,2,1,0,1,1,0,1,0,"0000000",88,88,88,88,88,88,0,0,0,1,0
48,481669,1,1,0,0,0,1,1,201,3280,17,8,2011,4,0,39,1,11,1,"I-10                          ","                              ",245,29.77742778,-95.40975833,0,1,0,0,1,1,1,0,3,10,0,10,0,"0000000",88,88,88,88,88,88,0,0,0,1,1
48,481670,1,1,0,0,0,1,1,339,0,17,8,2011,4,19,10,0,16,5,"HONEA EGYPT RD                ","                              ",0,30.27268333,-95.59133333,0,30,0,0,1,1,4,0,1,1,0,1,0,"0000000",88,88,88,88,88,88,0,0,0,1,0
48,481671,2,2,0,0,0,2,2,201,3280,18,8,2011,5,20,58,1,13,2,"US-290                        ","                              ",187,29.93173056,-95.64333611,0,12,1,0,1,1,1,0,2,1,0,1,0,"0000000",88,88,88,88,88,88,0,0,0,1,1
48,481672,1,1,0,0,0,2,2,361,0,18,8,2011,5,1,35,0,6,4,"SAWMILL RD                    ","                              ",0,30.18076667,-94.01783056,0,42,0,0,1,1,4,0,2,1,0,1,0,"0000000",1,39,1,48,2,27,0,0,0,1,1
48,481673,1,1,0,0,0,1,1,405,0,19,8,2011,6,16,5,0,3,3,"SR-147                        ","                              ",49,31.48214722,-94.13703889,0,1,0,0,1,1,1,0,1,1,0,1,0,"0000000",99,99,99,99,99,99,0,0,0,1,0
48,481674,2,2,0,0,0,2,2,183,0,20,8,2011,7,3,37,1,1,1,"I-20                          ","                              ",135,32.44124444,-94.73388333,0,12,2,0,1,1,1,0,2,1,0,1,0,"0000000",88,88,88,88,88,88,0,0,0,2,1
48,481675,1,1,0,0,0,2,2,217,0,20,8,2011,7,20,22,0,4,8,"FM308                         ","                              ",98,99.9999,999.9999,0,32,0,0,1,1,4,0,2,1,0,1,0,"0000000",20,28,20,51,21,58,0,0,0,2,1
48,481676,2,2,0,0,0,2,2,363,0,20,8,2011,7,0,34,1,1,1,"I-20                          ","                              ",37,32.53288333,-98.31969722,0,12,1,0,1,1,1,0,2,1,0,1,0,"0000000",88,88,88,88,88,88,0,0,0,1,0
48,481677,1,1,0,0,0,1,1,423,0,20,8,2011,7,23,10,0,15,8,"FM2493                        ","                              ",93,32.22231389,-95.35105,0,1,0,0,1,1,1,0,2,1,0,1,0,"0000000",88,88,88,88,88,88,0,0,0,1,1
48,481678,1,1,0,0,0,1,1,41,970,21,8,2011,1,9,41,1,12,2,"US-190                        ","                              ",42,30.69833889,-96.36054722,0,1,0,0,1,1,10,0,1,1,0,1,0,"0000000",88,88,88,88,88,88,0,0,0,1,0
48,481679,1,1,0,0,0,3,3,113,1730,21,8,2011,1,2,34,0,16,5,"JUPITER RD                    ","                              ",0,32.86298333,-96.68326111,0,38,0,0,1,1,4,0,3,1,0,1,0,"0000000",2,35,2,42,3,5,0,0,0,1,0
48,481680,1,1,0,0,0,2,2,373,0,21,8,2011,1,12,27,1,2,2,"US-59                         ","SL393                         ",380,30.61918889,-94.94710833,0,1,0,0,3,3,3,0,1,1,0,1,0,"0000000",99,99,99,99,99,99,0,0,0,1,0
48,481681,1,1,0,0,0,4,4,453,330,21,8,2011,1,18,10,1,12,8,"SL1                           ","                              ",87,30.36771944,-97.74263611,0,24,0,0,1,1,3,0,1,1,0,1,0,"0000000",18,10,18,18,18,45,0,0,0,2,0
48,481682,2,2,0,0,0,5,5,477,880,21,8,2011,1,1,34,1,13,3,"SR-36                         ","                              ",26,30.12879722,-96.39376944,0,12,6,0,8,1,1,0,3,1,0,1,0,"0000000",1,36,1,40,2,23,0,0,0,4,2
48,481683,2,2,0,0,0,2,2,29,6090,22,8,2011,2,18,7,0,16,5,"STONECROFT                    ","                              ",0,29.546825,-98.66753333,0,12,6,0,8,1,1,0,1,1,0,1,0,"0000000",18,30,18,39,19,6,0,0,0,1,0
48,481684,2,2,0,0,0,4,4,505,0,22,8,2011,2,15,16,1,2,2,"US-83                         ","                              ",417,26.81193889,-99.15204167,0,12,2,0,1,1,1,1,1,1,0,1,0,"0000000",99,99,99,99,99,99,0,0,0,2,0
48,481685,1,1,0,0,0,1,1,85,2320,23,8,2011,3,15,30,0,16,5,"OLD JOSEPHINE RD              ","                              ",0,33.14734444,-96.35419722,0,32,0,0,1,1,4,0,1,1,0,1,0,"0000000",88,88,88,88,88,88,0,0,0,1,0
48,480013,1,1,0,0,0,1,1,53,0,3,1,2011,2,16,57,0,4,8,"RM2147                        ","                              ",115,30.54858611,-98.31403333,0,42,0,0,1,1,4,0,1,10,0,10,0,"0000000",17,0,17,6,18,7,0,0,0,1,0
48,480014,1,1,0,1,1,1,1,113,2010,3,1,2011,2,2,36,1,12,2,"US-67                         ","                              ",104,32.64366667,-96.88893333,0,8,0,0,1,1,1,0,6,1,0,1,0,"0000000",2,39,2,54,3,7,0,0,0,1,0
48,480015,1,1,0,0,0,1,1,161,0,3,1,2011,2,17,46,0,5,8,"FM1848                        ","                              ",49,31.53289722,-96.05908889,0,1,0,0,1,1,1,0,5,10,0,10,0,"0000000",88,88,88,88,88,88,0,0,0,1,1
48,480016,1,1,0,0,0,2,2,231,2860,3,1,2011,2,14,40,1,13,8,"BU69                          ","                              ",20,33.141825,-96.10718056,0,42,0,0,1,1,4,0,1,1,0,1,0,"0000000",14,41,14,47,15,21,0,0,0,2,0
48,480018,1,1,0,1,1,1,1,113,1730,4,1,2011,3,13,26,0,16,5,"HARRY HINES BLVD              ","BUTLER ST                     ",0,32.81347778,-96.83956389,0,8,0,0,3,2,1,0,1,1,0,1,0,"0000000",13,27,13,33,13,41,0,0,0,1,0
48,480019,2,2,0,0,0,3,3,201,3280,4,1,2011,3,6,25,0,16,5,"TIDWELL RD                    ","SUNFOREST DR                  ",0,29.84936944,-95.47666389,0,12,6,0,2,3,1,0,4,10,0,10,0,"0000000",6,36,6,40,7,12,0,0,0,1,0
48,480020,3,3,0,0,0,3,3,201,3280,4,1,2011,3,11,21,0,16,5,"ELDRIDGE PKWY                 ","WAR MEMORIAL                  ",0,29.82243889,-95.60841389,0,12,6,0,1,1,1,0,1,10,0,10,0,"0000000",11,20,11,26,11,56,0,0,0,1,0
48,480021,1,1,0,0,0,1,1,239,0,4,1,2011,3,10,37,0,4,8,"FM1822                        ","                              ",33,28.94076667,-96.64443333,0,1,0,0,1,1,4,0,1,10,0,10,0,"0000000",10,50,11,5,11,30,0,0,0,1,0
48,480022,1,1,0,1,1,1,1,355,1550,4,1,2011,3,20,58,0,14,8,"SS 407                        ","                              ",52,27.82707778,-97.55090833,0,8,0,0,1,1,1,0,2,10,0,10,0,"0000000",88,88,88,88,88,88,0,0,0,1,0
48,480023,1,1,0,1,1,1,1,371,2440,4,1,2011,3,6,8,1,13,2,"US-285                        ","                              ",115,30.89815833,-102.90463889,0,8,0,0,1,1,1,0,2,1,0,1,0,"0000000",6,8,6,11,6,24,0,0,0,1,0
48,480024,2,2,0,0,0,2,2,497,9997,4,1,2011,3,5,10,1,2,2,"US-81                         ","BU 81                         ",32,33.204675,-97.567325,0,12,6,0,2,3,1,0,3,1,0,1,0,"0000000",5,12,5,18,5,37,0,0,0,1,0
48,480025,2,2,0,0,0,6,6,29,6090,5,1,2011,4,16,55,0,16,5,"POTEET JOURDANTON             ","APPLE WHITE RD                ",0,29.30875833,-98.55503889,0,12,6,0,2,2,1,0,1,1,0,1,0,"0000000",16,54,17,11,17,42,0,0,0,1,0
48,480026,1,1,0,0,0,1,1,53,0,5,1,2011,4,18,45,0,4,8,"RANCH ROAD 2341               ","                              ",123,30.79659167,-98.30773611,0,38,0,0,1,1,4,0,5,1,0,1,0,"0000000",88,88,88,88,88,88,0,0,0,1,1