"STATE","ST_CASE","VE_TOTAL","VE_FORMS","PVH_INVL","PEDS","PERNOTMVIT","PERMVIT","PERSONS","COUNTY","CITY","DAY","MONTH","YEAR","DAY_WEEK","HOUR","MINUTE","NHS","ROAD_FNC","ROUTE","TWAY_ID","TWAY_ID2","MILEPT","LATITUDE","LONGITUD","SP_JUR","HARM_EV","MAN_COLL","RELJCT1","RELJCT2","TYP_INT","REL_ROAD","WRK_ZONE","LGT_COND","WEATHER1","WEATHER2","WEATHER","SCH_BUS","RAIL","NOT_HOUR","NOT_MIN","ARR_HOUR","ARR_MIN","HOSP_HR","HOSP_MN","CF1","CF2","CF3","FATALS","DRUNK_DR"
48,480027,1,1,0,0,0,1,1,61,940,5,1,2011,4,1,17,0,16,5,"MORNINGSIDE                   ","                              ",0,25.90324444,-97.44905556,0,30,0,0,1,1,4,0,3,1,0,1,0,"0000000",88,88,88,88,88,88,0,0,0,1,0
48,480028,1,1,0,0,0,1,1,141,6986,5,1,2011,4,8,33,0,4,3,"SR-20                         ","                              ",509,31.4804,-106.13256111,0,43,0,0,1,1,4,0,1,1,0,1,0,"0000000",88,88,88,88,88,88,0,0,0,1,0
48,480029,3,3,0,0,0,5,5,201,0,5,1,2011,4,17,5,1,13,8,"FM 1093                       ","                              ",2,29.711525,-95.68457222,0,12,1,0,7,1,1,0,1,1,0,1,0,"0000000",88,88,88,88,88,88,0,0,0,1,0
48,480030,2,2,0,0,0,3,3,347,0,5,1,2011,4,11,58,1,2,2,"US-259                        ","                              ",33,31.80066667,-94.67850278,0,12,6,0,8,1,1,0,1,1,0,1,0,"0000000",12,1,12,17,12,52,0,0,0,1,1
48,480031,1,1,0,1,1,1,1,355,1550,5,1,2011,4,18,59,0,16,5,"EVERHART ROAD                 ","                              ",0,27.71063611,-97.38686667,0,8,0,0,1,1,1,0,3,1,0,1,0,"0000000",19,0,19,4,19,25,0,0,0,1,0
48,480032,3,3,0,0,0,3,3,419,6820,5,1,2011,4,14,10,1,2,2,"US-59                         ","                              ",17,31.95498056,-94.23739167,0,12,6,0,8,1,1,0,1,1,0,1,0,"0000000",14,9,14,21,14,54,0,0,0,1,0
48,480033,2,2,0,0,0,2,2,453,0,5,1,2011,4,8,38,0,6,4,"BLAKE MANOR ROAD              ","                              ",0,30.29230278,-97.52306944,0,12,6,0,1,1,1,0,1,1,0,1,0,"0000000",88,88,88,88,88,88,0,0,0,1,0
48,480034,1,1,0,1,1,1,1,355,1550,6,1,2011,5,6,2,0,16,5,"NAVIGATION BLVD               ","                              ",0,27.76716944,-97.45260556,0,8,0,0,1,1,1,0,2,1,0,1,0,"0000000",6,2,6,7,6,23,0,0,0,1,0
48,480035,1,1,0,0,0,1,1,451,0,6,1,2011,5,13,54,0,5,8,"FM 388                        ","                              ",62,31.44634167,-100.33680278,0,1,0,0,1,1,4,0,1,1,0,1,0,"0000000",14,10,14,19,14,45,0,0,0,1,1
48,480036,1,1,0,0,0,1,1,29,0,7,1,2011,6,20,39,1,1,1,"I-37                          ","                              ",67,29.20454722,-98.41783056,0,42,0,0,1,1,3,0,2,1,0,1,0,"0000000",88,88,88,88,88,88,0,0,0,1,0
48,480037,2,2,0,0,0,3,3,49,950,7,1,2011,6,15,18,0,14,2,"US-183                        ","CR 338                        ",220,31.77330556,-98.95146389,0,12,6,0,2,3,1,0,1,1,0,1,0,"0000000",15,20,15,33,16,1,0,0,0,1,0
48,480038,1,1,0,1,1,1,1,85,5390,7,1,2011,6,9,5,1,12,2,"US-75                         ","                              ",107,33.04088611,-96.70253611,0,8,0,0,1,1,1,0,1,1,0,1,0,"0000000",9,11,9,17,9,34,0,0,0,1,0
48,480039,1,1,0,1,1,2,2,201,0,7,1,2011,6,23,25,1,13,3,"SR-6                          ","                              ",168,29.69452778,-95.64381389,0,8,0,0,1,1,1,0,2,1,0,1,0,"0000000",99,99,99,99,88,88,0,0,0,1,0
48,480040,2,2,0,0,0,3,3,241,3480,7,1,2011,6,17,42,1,13,2,"US-190                        ","SR-63                         ",3,30.91883611,-93.97965,0,12,6,0,2,2,1,0,3,1,0,1,0,"0000000",18,2,18,7,99,99,0,0,0,1,0
48,480041,1,1,0,0,0,1,1,355,1550,7,1,2011,6,13,54,1,13,3,"SR-286                        ","                              ",19,27.71292778,-97.44646667,0,59,0,0,1,1,4,0,1,1,0,1,0,"0000000",13,54,13,58,14,13,0,0,0,1,0
48,480042,2,2,0,0,0,2,2,491,0,7,1,2011,6,21,7,1,2,2,"US-183                        ","                              ",46,30.77598611,-97.87729722,0,12,2,0,1,1,1,0,2,1,0,1,0,"0000000",21,12,21,22,22,3,0,0,0,1,1
48,480043,2,2,0,0,0,3,3,201,3280,8,1,2011,7,15,15,0,16,5,"HOUSTON ROAD                  ","                              ",0,29.81301944,-95.26978056,0,12,6,0,1,1,1,0,1,1,0,1,0,"0000000",99,99,99,99,88,88,0,0,0,1,0
48,480044,1,1,0,1,1,2,2,309,7210,8,1,2011,7,19,10,1,11,1,"I-35                          ","                              ",150,31.54473611,-97.12657778,0,8,0,0,1,1,1,0,3,10,0,10,0,"0000000",88,88,88,88,88,88,0,0,0,1,0
48,480045,2,2,0,0,0,3,3,325,0,8,1,2011,7,2,11,1,1,1,"I-35                          ","                              ",125,29.212325,-98.80678611,0,12,2,0,1,1,1,0,2,1,0,1,0,"0000000",2,21,2,30,4,0,0,0,0,1,1
48,480046,3,3,0,0,0,5,5,419,0,8,1,2011,7,11,49,0,3,3,"SR-7                          ","                              ",66,31.87093333,-94.10725833,0,12,1,0,8,1,1,0,1,1,0,1,0,"0000000",11,47,11,54,12,23,0,0,0,1,0
48,480563,2,2,0,0,0,4,4,141,1150,26,3,2011,7,6,43,1,13,3,"SR-20                         ","                              ",62,31.91053056,-106.60023611,0,12,2,0,1,1,1,0,4,1,0,1,0,"0000000",7,9,7,29,7,52,0,0,0,1,0
48,480564,1,1,0,0,0,1,1,229,0,26,3,2011,7,10,30,1,1,1,"I-10                          ","                              ",142,31.28210278,-105.8059,0,52,0,0,1,1,4,0,1,1,0,1,0,"0000000",10,30,10,47,12,0,0,0,0,1,0
48,480565,1,1,0,0,0,1,1,385,0,26,3,2011,7,16,30,0,5,8,"RM 336                        ","                              ",100,29.93062778,-99.80072222,0,1,0,0,1,1,4,0,1,1,0,1,0,"0000000",88,88,88,88,88,88,0,0,0,1,0
48,480566,1,1,0,0,0,2,2,423,0,26,3,2011,7,15,56,0,4,8,"FM 724                        ","                              ",75,32.37987222,-95.42865833,0,35,0,0,1,1,4,0,1,1,0,1,0,"0000000",16,19,16,29,17,23,0,0,0,1,0
48,480567,1,1,0,0,0,1,1,365,0,27,3,2011,1,22,6,0,3,3,"SR-149                        ","                              ",44,32.26843333,-94.46583056,0,1,0,0,1,1,1,0,2,1,0,1,0,"0000000",22,17,22,30,23,15,0,0,0,1,1
48,480568,1,1,0,0,0,1,1,401,0,27,3,2011,1,2,40,0,4,8,"FM 2011                       ","                              ",14,32.35601667,-94.70841389,0,38,0,0,1,1,4,0,2,10,0,10,0,"0000000",88,88,88,88,88,88,0,0,0,1,1
48,480569,1,1,0,0,0,1,1,401,0,27,3,2011,1,16,11,0,3,3,"SR-43                         ","                              ",29,32.29943611,-94.55632778,0,1,0,0,1,1,4,0,1,10,0,10,0,"0000000",16,12,16,19,17,37,0,0,0,1,0
48,480570,1,1,0,1,1,1,1,183,4080,28,3,2011,2,19,50,1,13,8,"SL 281                        ","                              ",46,32.5422,-94.73660556,0,8,0,0,1,1,1,0,2,1,0,1,0,"0000000",19,52,19,57,20,7,0,0,0,1,0
48,480571,2,2,0,0,0,5,5,353,6720,28,3,2011,2,17,8,0,14,3,"SR-70                         ","17TH ST                       ",116,32.49510833,-100.378775,0,12,11,0,2,2,1,0,1,1,0,1,0,"0000000",17,8,17,11,17,30,0,0,0,1,0
48,480572,1,1,0,0,0,1,1,191,0,29,3,2011,3,13,50,0,4,8,"FM94                          ","                              ",63,34.33298333,-100.48340278,0,31,0,0,1,1,4,0,1,1,0,1,0,"0000000",88,88,88,88,88,88,0,0,0,1,0
48,480573,1,1,0,1,1,1,1,287,2640,29,3,2011,3,23,12,1,13,2,"US-290                        ","                              ",98,30.17769167,-96.90444167,0,9,0,0,1,1,1,0,2,10,0,10,0,"0000000",99,99,23,17,0,28,0,0,0,1,0
48,480574,2,2,0,0,0,2,2,201,3280,30,3,2011,4,1,50,1,12,8,"SL8                           ","                              ",122,29.93981667,-95.30549444,0,12,1,0,1,1,1,0,2,2,0,2,0,"0000000",1,55,2,0,2,31,0,0,0,1,1
48,480575,1,1,0,1,1,1,1,215,0,30,3,2011,4,17,47,0,6,4,"BENITO RAMIREZ RD             ","                              ",0,26.36473611,-98.08187778,0,9,0,0,1,1,1,0,1,1,0,1,0,"0000000",17,48,18,4,18,30,0,0,0,1,0
48,480576,2,2,0,0,0,2,2,277,5220,30,3,2011,4,6,24,0,15,8,"FM137                         ","SL286                         ",25,33.64084722,-95.58586111,0,12,6,0,2,2,1,0,2,10,0,10,0,"0000000",88,88,88,88,88,88,0,0,0,1,0
48,480577,1,1,0,0,0,1,1,471,3340,30,3,2011,4,2,32,0,5,8,"FM1374                        ","                              ",30,30.6697,-95.57358611,0,42,0,0,1,1,4,0,2,10,0,10,0,"0000000",88,88,88,88,88,88,0,0,0,1,1
48,480578,1,1,0,0,0,2,2,491,2620,30,3,2011,4,5,52,0,16,5,"SHELL                         ","                              ",0,30.68858611,-97.71565278,0,38,0,0,1,1,4,0,2,10,0,10,0,"0000000",99,99,99,99,99,99,0,0,0,1,1
48,480579,1,1,0,0,0,2,2,73,0,31,3,2011,5,18,45,0,6,4,"2831                          ","                              ",0,31.47032778,-94.99783611,0,42,0,0,1,1,4,0,1,1,0,1,0,"0000000",19,2,19,20,19,59,0,0,0,1,1
48,480580,2,2,0,0,0,1,1,209,990,31,3,2011,5,1,49,1,11,1,"I-35                          ","                              ",233,30.08798611,-97.81935833,0,1,0,0,1,1,1,1,3,1,0,1,0,"0000000",1,57,2,11,2,39,19,0,0,1,1
48,480581,1,1,0,0,0,1,1,303,0,31,3,2011,5,17,59,0,6,4,"7900                          ","                              ",0,33.39995556,-101.74198056,0,35,0,0,1,1,4,0,1,1,0,1,0,"0000000",88,88,88,88,88,88,0,0,0,1,1
48,480582,1,1,0,1,1,1,1,391,0,31,3,2011,5,6,9,1,2,2,"US-77                         ","                              ",343,28.16403333,-97.39778889,0,8,0,0,1,1,1,0,2,1,0,1,0,"0000000",88,88,88,88,88,88,23,0,0,1,0
48,480583,1,1,0,0,0,1,1,361,0,1,4,2011,6,17,15,0,14,8,"FM1132                        ","                              ",44,30.13225,-93.95868333,0,42,0,0,1,1,4,0,1,1,0,1,0,"0000000",17,15,17,22,17,49,0,0,0,1,0
48,480584,1,1,0,0,0,1,1,365,0,1,4,2011,6,20,0,0,6,4,"268                           ","                              ",0,32.30505278,-94.40933611,0,42,0,0,1,1,4,0,2,10,0,10,0,"0000000",88,88,88,88,88,88,0,0,0,1,1
48,480585,1,1,0,0,0,6,6,39,1395,2,4,2011,7,2,3,0,16,5,"COLLEGE BLVD                  ","                              ",0,29.04429444,-95.41001667,0,33,0,0,1,1,3,0,2,1,0,1,0,"0000000",2,5,2,9,2,52,0,0,0,1,0
48,480586,2,2,0,1,1,2,2,113,1730,2,4,2011,7,6,5,1,13,2,"US-175                        ","                              ",31,32.751875,-96.763175,0,8,0,0,1,1,1,0,6,1,0,1,0,"0000000",88,88,88,88,88,88,0,0,0,1,0
48,480587,2,2,0,0,0,3,3,113,2590,2,4,2011,7,1,41,0,16,5,"W WALNUT ST                   ","N SHILOH RD                   ",0,32.91637778,-96.66536389,0,12,6,0,2,2,1,0,3,1,0,1,0,"0000000",1,43,1,48,2,0,0,0,0,1,0
48,480588,1,1,0,0,0,1,1,339,0,2,4,2011,7,2,22,1,11,1,"I-45                          ","                              ",16,30.13259167,-95.44375833,0,30,0,0,1,1,4,0,3,1,0,1,0,"0000000",99,99,2,27,3,8,0,0,0,1,0
48,480589,1,1,0,0,0,1,1,419,0,2,4,2011,7,22,20,0,4,8,"FM139                         ","                              ",290,31.73940556,-93.90085556,0,32,0,0,1,1,4,0,2,1,0,1,0,"0000000",23,0,23,37,0,12,0,0,0,1,0
48,480590,1,1,0,0,0,1,1,453,330,2,4,2011,7,2,5,0,16,5,"FM2304                        ","                              ",61,30.16152778,-97.83248889,0,33,0,0,1,1,4,0,2,1,0,1,0,"0000000",88,88,88,88,88,88,0,0,0,1,1
48,480592,2,2,0,0,0,2,2,185,0,3,4,2011,1,9,10,0,5,8,"FM 3090                       ","                              ",166,30.442125,-96.06110556,0,12,6,0,1,1,1,0,1,1,0,1,0,"0000000",9,12,9,18,9,35,0,0,0,1,0
48,480593,1,1,0,1,1,1,1,201,0,3,4,2011,1,2,10,1,11,1,"I-10                          ","                              ",418,29.77622778,-95.13265278,0,8,0,0,1,1,1,0,2,1,0,1,0,"0000000",99,99,99,99,99,99,0,0,0,1,0
48,480594,2,2,0,0,0,2,2,201,3280,3,4,2011,1,2,14,0,16,5,"CLAY RD                       ","CAMPBELL RD                   ",0,29.83241667,-95.52641389,0,12,6,0,2,3,1,0,3,1,0,1,0,"0000000",88,88,88,88,88,88,0,0,0,1,2
48,480596,1,1,0,0,0,2,2,141,2190,4,4,2011,2,1,17,1,2,8,"SL 375                        ","                              ",210,31.838575,-106.32316111,2,30,0,0,1,1,4,0,3,1,0,1,0,"0000000",1,21,1,42,2,9,0,0,0,1,0
48,480597,1,1,0,0,0,1,1,209,0,4,4,2011,2,19,23,0,6,4,"214                           ","                              ",0,29.91227778,-98.10412222,0,38,0,0,1,1,4,0,1,1,0,1,0,"0000000",19,23,19,33,20,24,0,0,0,1,1
48,481108,2,2,0,0,0,4,4,1,5170,9,6,2011,5,20,53,0,15,8,"FM2394                        ","BRISTOL RD                    ",5,31.74866111,-95.67067222,0,12,6,0,2,3,1,0,5,1,0,1,0,"0000000",88,88,88,88,88,88,0,0,0,1,1
48,481109,2,2,0,0,0,2,2,73,0,9,6,2011,5,12,5,1,2,2,"US-175                        ","                              ",73,31.99536111,-95.32610833,0,12,8,0,1,1,1,0,1,1,0,1,0,"0000000",88,88,88,88,88,88,0,0,0,2,0
48,481110,1,1,0,0,0,4,4,91,0,9,6,2011,5,16,49,0,15,8,"FM2252                        ","                              ",32,29.62670556,-98.28085833,0,59,0,0,1,1,4,1,1,1,0,1,0,"0000000",88,88,88,88,88,88,0,0,0,1,0
48,481111,2,2,0,0,0,2,2,143,0,9,6,2011,5,4,28,1,2,2,"US-277                        ","                              ",79,32.31608056,-98.09911389,0,12,2,0,1,1,1,0,2,1,0,1,0,"0000000",88,88,88,88,88,88,0,0,0,1,0
48,481112,1,1,0,0,0,2,2,187,0,9,6,2011,5,4,37,0,14,8,"FM78                          ","                              ",152,29.59286389,-98.03289444,0,1,0,0,1,1,4,0,3,1,0,1,0,"0000000",88,88,88,88,88,88,0,0,0,1,1
48,481113,2,2,0,0,0,2,2,209,0,9,6,2011,5,23,37,0,4,8,"FM1626                        ","                              ",110,30.05765556,-97.87406389,0,12,1,0,1,1,1,0,2,1,0,1,0,"0000000",99,99,99,99,99,99,0,0,0,1,1
48,481114,1,1,0,0,0,1,1,317,0,9,6,2011,5,15,55,1,2,3,"SR-349                        ","                              ",121,32.36749444,-102.14641667,0,1,0,0,1,1,4,0,1,1,0,1,0,"0000000",88,88,88,88,88,88,0,0,0,1,1
48,481115,2,2,0,0,0,2,2,405,0,9,6,2011,5,5,50,0,3,3,"SR-147                        ","                              ",36,31.50253056,-94.13304722,0,12,2,0,1,1,1,0,1,1,0,1,0,"0000000",88,88,88,88,88,88,0,0,0,2,1
48,481116,1,1,0,1,1,1,1,413,2140,9,6,2011,5,21,57,1,2,2,"US-277                        ","DIXIE RD                      ",164,30.86910556,-100.59088333,0,8,0,0,2,3,1,0,2,1,0,1,0,"0000000",21,58,22,7,99,99,0,0,0,1,0
48,481117,1,1,0,0,0,1,1,27,0,10,6,2011,6,19,0,0,4,8,"FM1123                        ","                              ",69,30.93021389,-97.44149167,0,38,0,0,1,1,4,0,1,1,0,1,0,"0000000",19,6,99,99,99,99,0,0,0,1,0
48,481118,1,1,0,1,1,2,2,113,3420,10,6,2011,6,5,10,1,12,3,"SR-183                        ","                              ",86,32.8362,-96.90201111,0,8,0,0,1,1,1,0,3,1,0,1,0,"0000000",88,88,88,88,88,88,0,0,0,1,0
48,481119,2,2,0,0,0,2,2,181,1830,10,6,2011,6,17,52,1,13,8,"SS503                         ","COFFIN ST                     ",73,33.73201389,-96.53828056,0,12,6,0,2,2,1,0,1,1,0,1,0,"0000000",99,99,99,99,99,99,0,0,0,1,0
48,481120,2,2,0,0,0,2,2,215,5330,10,6,2011,6,2,42,1,12,7,"US-83                         ","BU83S                         ",259,26.19821111,-98.20186389,0,12,6,1,2,2,1,0,3,1,0,1,0,"0000000",2,44,2,52,3,8,0,0,0,1,1
48,481121,2,2,0,0,0,2,2,321,470,10,6,2011,6,14,34,1,13,3,"SR-35                         ","                              ",112,28.98588611,-95.93494722,0,12,6,0,8,1,1,0,1,1,0,1,0,"0000000",99,99,99,99,99,99,0,0,0,1,0
48,481122,1,1,0,0,0,1,1,355,1550,10,6,2011,6,0,20,1,12,7,"RICHTER ST                    ","SR-358                        ",63,27.73187222,-97.42021944,0,25,0,0,3,3,10,0,3,1,0,1,0,"0000000",88,88,88,88,88,88,0,0,0,1,0
48,481123,3,3,0,0,0,7,7,441,0,10,6,2011,6,12,53,1,2,2,"US-83                         ","CR164/IBERIS RD               ",84,32.34325,-99.74258611,0,12,6,0,2,2,1,0,1,1,0,1,0,"0000000",12,56,13,4,13,54,0,0,0,2,0
48,481124,2,2,0,0,0,3,3,453,330,10,6,2011,6,0,52,1,12,3,"SR-71                         ","                              ",74,30.21223611,-97.71239722,0,12,1,1,18,1,1,0,3,1,0,1,0,"0000000",0,53,0,59,1,17,0,0,0,1,1
48,481125,1,1,0,0,0,1,1,475,0,10,6,2011,6,17,40,0,6,8,"RR 2355                       ","                              ",196,31.58108056,-103.29509722,0,1,0,0,1,1,4,0,1,1,0,1,0,"0000000",88,88,88,88,88,88,0,0,0,1,0
48,481126,2,2,0,0,0,2,2,491,6780,10,6,2011,6,0,35,1,13,2,"US-79                         ","                              ",41,30.55569444,-97.47274167,0,12,1,0,1,1,1,1,2,1,0,1,0,"0000000",88,88,88,88,88,88,0,0,0,1,1
48,481127,2,2,0,0,0,3,3,29,6090,11,6,2011,7,1,8,0,16,5,"APPLEWHITE RD                 ","                              ",0,29.23314444,-98.54734167,0,12,2,0,1,1,1,0,2,1,0,1,0,"0000000",99,99,99,99,99,99,0,0,0,1,2
48,481128,1,1,0,0,0,1,1,113,1730,11,6,2011,7,23,45,1,13,8,"SL-12                         ","                              ",74,32.76628333,-96.68281667,0,23,0,1,18,1,4,0,3,1,0,1,0,"0000000",23,50,23,56,0,19,0,0,0,1,1
48,481129,1,1,0,0,0,2,2,141,2190,11,6,2011,7,2,13,0,16,5,"DELTA                         ","                              ",0,31.76419722,-106.44674722,0,21,0,1,19,1,4,0,3,1,0,1,0,"0000000",2,19,2,26,2,46,20,0,0,1,0
48,481130,1,1,0,0,0,2,2,201,6247,11,6,2011,7,2,13,1,13,8,"FM 528 / NASA                 ","                              ",80,29.56661944,-95.06347222,0,33,0,0,1,1,4,0,2,1,0,1,0,"0000000",2,15,2,23,3,6,0,0,0,1,1
48,481131,2,2,0,0,0,2,2,423,0,11,6,2011,7,0,25,1,13,3,"SR-64                         ","                              ",50,32.35965556,-95.38244722,0,12,1,0,1,1,1,0,2,1,0,1,0,"0000000",88,88,88,88,88,88,0,0,0,1,0
48,481132,1,1,0,0,0,11,11,423,0,11,6,2011,7,17,3,1,1,1,"I-20                          ","                              ",321,32.44074444,-95.05686389,0,1,0,0,1,1,4,0,1,1,0,1,0,"0000000",17,6,17,21,18,6,0,0,0,1,0
48,481133,3,3,0,0,0,4,4,439,2850,11,6,2011,7,15,50,0,16,5,"SERVICE RD                    ","CROSSUNDER #2                 ",0,32.90758611,-97.03936667,0,12,1,1,3,1,1,1,1,1,0,1,0,"0000000",15,55,16,1,16,42,0,0,0,1,0
48,481134,2,2,0,0,0,4,4,441,0,11,6,2011,7,19,58,0,4,8,"FM 707                        ","                              ",16,32.50177778,-99.88560278,0,12,6,0,1,1,1,0,1,1,0,1,0,"0000000",19,56,20,9,21,0,0,0,0,1,2
48,481135,2,2,0,0,0,3,3,453,330,11,6,2011,7,2,0,1,12,2,"US-183                        ","FM 969                        ",132,30.28574722,-97.66597778,0,12,6,1,2,2,1,0,3,1,0,1,0,"0000000",2,4,2,12,2,26,0,0,0,1,2
48,481136,2,2,0,0,0,3,3,355,1550,12,6,2011,1,2,27,1,12,3,"SR-358                        ","                              ",60,27.73417778,-97.42425,0,12,1,0,1,1,1,0,3,1,0,1,0,"0000000",2,29,2,35,2,54,0,0,0,1,1
48,481137,1,1,0,0,0,1,1,85,2320,12,6,2011,1,17,57,1,2,2,"US-380                        ","                              ",286,33.15572222,-96.32245556,0,1,0,0,1,1,1,1,1,1,0,1,0,"0000000",17,51,18,4,18,44,0,0,0,1,0
48,481138,2,2,0,0,0,3,3,279,4010,12,6,2011,1,21,19,0,14,8,"FM 54                         ","SL 430                        ",174,33.91765,-102.317625,0,12,6,0,2,2,1,0,5,7,0,7,0,"0000000",21,20,21,27,21,43,0,0,0,2,1
48,481139,2,2,0,0,0,2,2,331,0,12,6,2011,1,5,45,1,2,2,"US-79                         ","                              ",9,30.72303056,-96.82173611,0,12,2,0,1,1,2,0,2,10,0,10,0,"0000000",6,2,6,26,6,51,0,0,0,1,1
48,481141,1,1,0,0,0,3,3,441,7069,12,6,2011,1,1,0,1,11,1,"I-20                          ","                              ",53,32.45952778,-99.85331389,0,59,0,0,5,1,4,0,3,1,0,1,0,"0000000",1,4,1,22,1,53,0,0,0,1,0
48,481686,1,1,0,0,0,1,1,141,0,23,8,2011,3,17,37,1,11,7,"I-10                          ","                              ",379,31.67065833,-106.24875833,0,1,0,0,1,1,4,0,1,1,0,1,0,"0000000",99,99,17,48,18,18,0,0,0,1,0
48,481687,2,2,0,0,0,3,3,483,0,24,8,2011,4,11,10,1,1,1,"I-40                          ","                              ",64,35.22718056,-100.42250556,0,12,6,0,1,1,1,0,1,1,0,1,0,"0000000",11,21,11,48,12,45,0,0,0,1,0
48,481688,2,2,0,0,0,2,2,225,0,25,8,2011,5,17,30,0,3,2,"US-287                        ","                              ",246,31.51471111,-95.47855556,0,12,1,0,1,1,1,0,1,1,0,1,0,"0000000",17,39,18,9,19,20,0,0,0,1,0
48,481689,3,3,0,0,0,4,4,71,4728,26,8,2011,6,8,30,0,3,3,"SR-146                        ","FM1942                        ",20,29.85750278,-94.89513056,0,12,6,0,2,3,1,0,1,1,0,1,0,"0000000",8,34,8,53,9,30,0,0,0,2,0
48,481690,5,5,0,0,0,5,5,423,0,26,8,2011,6,20,50,0,3,3,"SR-110                        ","                              ",172,32.39920556,-95.37966389,0,12,6,0,1,1,1,0,2,1,0,1,0,"0000000",20,58,21,7,21,34,0,0,0,1,1
48,481691,1,1,0,0,0,2,2,141,0,27,8,2011,7,2,14,0,6,4,"PELLICANO                     ","                              ",0,31.72615,-106.23701111,0,1,0,0,1,1,4,0,2,1,0,1,0,"0000000",2,18,2,29,3,7,0,0,0,1,1
48,481692,1,1,0,0,0,1,1,171,0,27,8,2011,7,21,55,0,4,3,"SR-16                         ","                              ",136,30.33321389,-98.79668056,0,38,0,0,1,1,4,0,2,1,0,1,0,"0000000",88,88,88,88,88,88,0,0,0,1,0
48,481693,1,1,0,0,0,1,1,423,0,27,8,2011,7,0,15,0,6,4,"2138                          ","                              ",0,32.14750278,-95.14461111,0,42,0,0,1,1,4,0,2,1,0,1,0,"0000000",88,88,88,88,88,88,0,0,0,1,1
48,481694,1,1,0,0,0,2,2,435,0,27,8,2011,7,15,42,1,2,2,"US-277                        ","                              ",39,30.64960833,-100.645075,0,43,0,0,1,1,4,0,1,1,0,1,0,"0000000",15,39,15,48,16,6,0,0,0,1,0
48,481695,2,2,0,0,0,3,3,113,2800,28,8,2011,1,13,17,0,19,3,"SR-161                        ","MAYFIELD                      ",0,32.69171667,-97.02388333,0,12,6,0,2,2,1,1,1,1,0,1,0,"0000000",13,18,13,26,13,59,0,0,0,1,0
48,481696,3,3,0,0,0,9,9,283,9997,28,8,2011,1,3,21,1,1,1,"I-35                          ","                              ",43,28.47626389,-99.22824722,0,12,2,0,1,1,1,0,2,1,0,1,0,"0000000",3,45,3,55,4,43,0,0,0,1,1
48,481697,2,2,0,0,0,2,2,409,6400,31,8,2011,4,19,0,0,16,5,"SINTON                        ","ST ANTHONY DR                 ",0,28.03662222,-97.49410556,0,12,2,0,2,3,1,0,1,1,0,1,0,"0000000",88,88,88,88,88,88,0,0,0,1,0
48,481698,1,1,0,0,0,1,1,35,0,24,8,2011,4,11,55,0,4,8,"FM 56                         ","                              ",17,31.83605278,-97.36371944,0,38,0,0,1,1,4,0,1,1,0,1,0,"0000000",88,88,88,88,88,88,0,0,0,1,0
48,481699,1,1,0,0,0,2,2,397,6010,28,8,2011,1,7,6,1,1,1,"I-30                          ","                              ",152,32.977275,-96.31146389,0,57,0,0,1,1,3,0,2,1,0,1,0,"0000000",88,88,88,88,88,88,0,0,0,2,0
48,481700,4,4,0,1,1,3,3,245,490,31,8,2011,4,17,3,1,11,1,"I-10                          ","                              ",35,30.06225556,-94.13468333,0,12,1,0,1,1,1,0,1,1,0,1,0,"0000000",17,4,17,8,17,26,23,14,0,1,0
48,481701,1,1,0,0,0,3,3,439,4300,16,4,2011,7,2,33,1,12,3,"SR-360                        ","                              ",238,32.58414722,-97.08028611,0,33,0,0,1,1,3,0,3,1,0,1,0,"0000000",2,41,2,53,3,38,0,0,0,1,1
48,481702,1,1,0,0,0,2,2,141,9997,22,4,2011,6,17,53,1,11,1,"I-10                          ","                              ",432,31.61249444,-106.20260278,0,1,0,0,1,1,1,0,1,1,0,1,0,"0000000",17,54,18,6,18,30,0,0,0,1,0
48,481703,1,1,0,0,0,1,1,91,0,15,5,2011,1,15,40,0,6,4,"RIVER RD                      ","                              ",0,29.75610556,-98.13941111,0,33,0,0,1,1,4,0,1,1,0,1,0,"0000000",99,99,15,46,16,15,0,0,0,1,0
48,481704,1,1,0,1,1,2,2,29,6090,18,6,2011,7,21,32,1,13,8,"FM1957                        ","                              ",61,29.43569167,-98.70994722,0,8,0,0,1,1,1,0,3,1,0,1,0,"0000000",99,99,99,99,22,4,0,0,0,1,0
48,481706,1,1,0,0,0,2,2,201,3280,17,7,2011,1,1,37,1,12,7,"SL8                           ","                              ",66,29.84151944,-95.185075,0,33,0,0,1,1,10,0,3,1,0,1,0,"0000000",1,46,2,3,2,24,0,0,0,1,1
48,481707,1,1,0,1,1,1,1,439,2450,27,7,2011,4,7,40,0,16,5,"S PIPELINE                    ","                              ",0,32.81474167,-97.13291389,0,9,0,0,1,1,1,0,1,1,0,1,0,"0000000",7,43,7,46,8,24,0,0,0,1,0