"STATE","ST_CASE","VE_TOTAL","VE_FORMS","PVH_INVL","PEDS","PERNOTMVIT","PERMVIT","PERSONS","COUNTY","CITY","DAY","MONTH","YEAR","DAY_WEEK","HOUR","MINUTE","NHS","ROAD_FNC","ROUTE","TWAY_ID","TWAY_ID2","MILEPT","LATITUDE","LONGITUD","SP_JUR","HARM_EV","MAN_COLL","RELJCT1","RELJCT2","TYP_INT","REL_ROAD","WRK_ZONE","LGT_COND","WEATHER1","WEATHER2","WEATHER","SCH_BUS","RAIL","NOT_HOUR","NOT_MIN","ARR_HOUR","ARR_MIN","HOSP_HR","HOSP_MN","CF1","CF2","CF3","FATALS","DRUNK_DR"
48,481708,3,2,1,1,1,2,2,439,2450,29,7,2011,6,1,15,1,11,1,"I-20                          ","                              ",114,32.66378333,-97.28969722,0,8,0,0,1,1,2,0,2,1,0,1,0,"0000000",88,88,88,88,88,88,0,0,0,1,1
48,481709,2,2,0,0,0,2,2,37,6850,8,8,2011,2,19,21,1,13,2,"US-82                         ","WESTLAWN DR                   ",116,33.43683056,-94.08251389,0,12,6,0,2,2,1,0,1,1,0,1,0,"0000000",19,22,19,24,19,43,0,0,0,1,0
48,481710,1,1,0,0,0,1,1,133,0,16,8,2011,3,3,50,0,4,8,"FM8                           ","                              ",89,32.24059167,-98.61372222,0,1,0,0,1,1,4,0,2,1,0,1,0,"0000000",88,88,88,88,88,88,0,0,0,1,1
48,481711,3,3,0,0,0,5,5,415,0,18,8,2011,5,19,29,0,3,3,"SR-208                        ","                              ",21,32.68543889,-100.88152778,0,12,6,0,8,1,1,0,1,1,0,1,0,"0000000",88,88,88,88,88,88,14,0,0,2,1
48,481712,1,1,0,0,0,2,2,441,0,18,8,2011,5,6,58,0,4,8,"FM1235                        ","                              ",41,32.43434444,-99.994725,0,1,0,0,1,1,4,0,1,1,0,1,0,"0000000",99,99,99,99,99,99,0,0,0,1,0
48,481713,2,2,0,0,0,2,2,39,0,26,8,2011,6,13,5,0,3,3,"SR-35                         ","BS35E                         ",600,29.12439444,-95.67065,0,12,6,0,2,3,1,0,1,1,0,1,0,"0000000",13,13,13,16,14,9,0,0,0,1,1
48,481714,1,1,0,0,0,4,4,375,0,26,8,2011,6,16,40,1,12,2,"US-87                         ","                              ",244,35.30903056,-101.83334722,0,21,0,0,1,1,4,0,1,1,0,1,0,"0000000",16,40,16,52,17,11,0,0,0,1,0
48,481715,2,2,0,0,0,3,3,241,0,28,8,2011,1,15,11,0,6,4,"32                            ","39                            ",0,31.01200556,-94.19656389,0,12,99,0,2,3,1,0,1,1,0,1,0,"0000000",15,14,15,39,16,28,0,0,0,1,0
48,481716,1,1,0,0,0,1,1,423,7070,28,8,2011,1,0,18,0,15,8,"FM756                         ","                              ",10,32.294425,-95.27895278,0,33,0,0,1,1,4,0,2,1,0,1,0,"0000000",0,24,0,28,0,49,0,0,0,1,1
48,481717,1,1,0,1,1,1,1,223,0,30,8,2011,3,6,2,0,4,8,"FM1870                        ","                              ",19,33.12752778,-95.545625,0,8,0,0,1,1,1,0,2,1,0,1,0,"0000000",99,99,99,99,99,99,0,0,0,1,0
48,481718,1,1,0,0,0,2,2,267,0,30,8,2011,3,15,29,1,1,1,"I-10                          ","                              ",97,30.42976667,-99.69436111,0,1,0,0,1,1,3,0,1,1,0,1,0,"0000000",15,38,15,49,16,16,0,0,0,1,0
48,481719,1,1,0,0,0,1,1,13,0,31,8,2011,4,16,28,0,4,8,"FM2790                        ","                              ",26,29.22853056,-98.752225,0,38,0,0,1,1,4,0,1,1,0,1,0,"0000000",88,88,88,88,88,88,0,0,0,1,0
48,480047,1,1,0,0,0,1,1,73,0,9,1,2011,1,12,29,1,2,2,"US-69                         ","                              ",22,32.11958611,-95.30073333,0,42,0,0,1,1,4,0,1,4,0,4,0,"0000000",88,88,88,88,88,88,0,0,0,1,0
48,480048,2,2,0,1,1,3,3,141,2190,9,1,2011,1,18,21,0,14,8,"FM 659                        ","CHARLES R SCHULTE             ",39,31.77269722,-106.25625556,0,8,0,0,3,3,1,0,2,1,0,1,0,"0000000",88,88,88,88,88,88,0,0,0,1,0
48,480049,2,2,0,0,0,3,3,201,3280,9,1,2011,1,14,22,1,12,7,"US-59                         ","W. SAM HOUSTON PKWY           ",148,29.66022222,-95.55803333,0,12,6,1,2,2,1,0,1,10,0,10,0,"0000000",14,22,14,26,14,44,0,0,0,1,0
48,480050,2,2,0,0,0,4,4,201,3280,9,1,2011,1,16,10,1,12,7,"SL 8                          ","GESSNER DR                    ",67,29.63741111,-95.53054444,0,12,6,1,2,2,1,0,1,10,0,10,0,"0000000",16,15,16,22,16,54,0,0,0,1,0
48,480051,2,2,0,0,0,2,2,201,7286,9,1,2011,1,1,55,1,11,7,"I-45                          ","                              ",24,29.53765556,-95.13859722,0,12,6,0,8,1,1,0,3,10,0,10,0,"0000000",88,88,88,88,88,88,0,0,0,1,1
48,480052,1,1,0,0,0,1,1,29,0,10,1,2011,2,3,15,0,6,4,"PEARSALL RD                   ","                              ",0,29.29645278,-98.69666389,0,32,0,0,1,1,4,0,2,1,0,1,0,"0000000",88,88,88,88,88,88,0,0,0,1,1
48,480053,1,1,0,0,0,1,1,201,3280,10,1,2011,2,7,45,0,16,5,"W LAKE HOUSTON PKY            ","                              ",0,29.91950278,-95.20786389,0,35,0,0,1,1,4,0,1,10,0,10,0,"0000000",88,88,88,88,88,88,0,0,0,1,0
48,480055,1,1,0,0,0,1,1,339,1510,10,1,2011,2,15,30,0,16,5,"CREIGHTON RD                  ","                              ",0,30.26875556,-95.44057778,0,42,0,0,1,1,4,0,1,10,0,10,0,"0000000",88,88,88,88,88,88,0,0,0,1,0
48,480056,1,1,0,0,0,3,3,453,330,10,1,2011,2,1,5,0,16,5,"RIVERSIDE DR                  ","                              ",0,30.22994444,-97.713475,0,1,0,0,1,1,3,0,3,1,0,1,0,"0000000",1,8,1,16,1,33,0,0,0,1,1
48,480057,1,1,0,1,1,1,1,27,6810,11,1,2011,3,5,37,0,16,5,"LUCIUS MCCELVEY DR            ","                              ",0,31.12441667,-97.35549722,0,8,0,0,1,1,1,0,2,1,0,1,0,"0000000",88,88,88,88,88,88,0,0,0,1,0
48,480058,2,2,0,0,0,3,3,141,2190,11,1,2011,3,7,58,0,16,5,"VISTA DEL SOL DR              ","BOB HOPE DR                   ",0,31.74021111,-106.27090278,0,12,6,0,2,2,1,0,1,1,0,1,1,"0000000",8,6,8,13,8,39,0,0,0,2,0
48,480059,1,1,0,1,1,1,1,209,6170,11,1,2011,3,16,36,1,13,8,"RM12                          ","N EDWARD GARY ST              ",296,29.88347222,-97.93879167,0,8,0,0,3,2,1,0,8,98,0,98,0,"0000000",16,38,16,43,17,7,0,0,0,1,0
48,480060,1,1,0,0,0,1,1,215,2110,11,1,2011,3,16,4,1,13,8,"FM2061                        ","                              ",2,26.339,-98.18820556,0,30,0,0,1,1,4,0,1,1,0,1,0,"0000000",99,99,16,14,16,44,0,0,0,1,0
48,480061,1,1,0,0,0,1,1,441,30,11,1,2011,3,1,45,1,12,8,"SL322                         ","                              ",64,32.3877,-99.73378056,0,30,0,0,1,1,3,0,3,1,0,1,0,"0000000",1,47,1,59,2,20,0,0,0,1,1
48,480062,1,1,0,0,0,2,2,351,1894,12,1,2011,4,18,44,0,6,4,"4203                          ","                              ",0,30.28855,-93.74105278,0,42,0,0,1,1,4,0,2,1,0,1,0,"0000000",18,50,19,0,20,21,0,0,0,1,0
48,480063,2,1,1,0,0,1,1,29,6090,13,1,2011,5,0,51,0,16,5,"WOODS END DR                  ","BRISTLECONE DR                ",0,29.51978889,-98.63569444,0,14,0,0,3,3,2,0,3,10,0,10,0,"0000000",88,88,88,88,88,88,0,0,0,1,1
48,480064,1,1,0,0,0,1,1,59,0,14,1,2011,6,14,53,0,3,3,"SR-36                         ","                              ",183,32.22031944,-99.37318056,0,32,0,0,1,1,4,0,1,10,0,10,0,"0000000",88,88,88,88,88,88,0,0,0,1,0
48,480065,1,1,0,0,0,1,1,201,3280,14,1,2011,6,1,0,1,11,1,"I-45RAMP                      ","HOUSTON AVE                   ",240,29.76181111,-95.37395,0,39,0,1,19,1,8,0,3,1,0,1,0,"0000000",88,88,88,88,88,88,0,0,0,1,1
48,480066,1,1,0,1,1,1,1,453,330,14,1,2011,6,2,47,1,11,1,"I-35                          ","                              ",35,30.14690833,-97.79395278,0,8,0,0,1,1,1,0,2,1,0,1,0,"0000000",88,88,88,88,88,88,0,0,0,1,0
48,480067,1,1,0,0,0,1,1,29,6090,15,1,2011,7,5,7,0,16,5,"S PRESA ST                    ","                              ",0,29.36885278,-98.47105,0,42,0,0,1,1,4,0,3,2,0,2,0,"0000000",88,88,88,88,88,88,0,0,0,1,1
48,480068,1,1,0,0,0,2,2,99,1540,15,1,2011,7,4,29,1,13,2,"US-190                        ","                              ",34,31.11956389,-97.89539167,0,35,0,0,1,1,4,0,3,2,0,2,0,"0000000",4,31,4,35,5,3,0,0,0,1,1
48,480069,4,4,0,0,0,5,5,201,0,15,1,2011,7,2,30,1,13,8,"FM1960                        ","PERRY RD                      ",50,29.94644444,-95.56382778,0,12,1,0,3,2,1,0,3,10,0,10,0,"0000000",2,44,3,2,3,46,0,0,0,2,1
48,480070,2,2,0,0,0,2,2,339,1510,15,1,2011,7,14,18,1,13,8,"FM3083                        ","                              ",21,30.35157222,-95.48659444,0,12,6,0,8,1,1,0,1,10,0,10,0,"0000000",99,99,99,99,99,99,0,0,0,1,0
48,480071,2,2,0,0,0,4,4,41,970,16,1,2011,1,13,20,1,13,3,"SR-30                         ","                              ",63,30.65294722,-96.27069722,0,12,2,0,1,1,1,0,1,2,0,2,0,"0000000",13,23,13,29,13,48,0,0,0,1,0
48,480072,1,1,0,1,1,1,1,113,1730,16,1,2011,1,1,20,0,16,5,"DENTON DR                     ","STOREY LN                     ",0,32.85971389,-96.87818611,0,8,0,0,3,4,4,0,3,10,0,10,0,"0000000",88,88,88,88,88,88,0,0,0,1,1
48,480073,1,1,0,1,1,1,1,141,2190,16,1,2011,1,2,35,1,11,1,"I-10                          ","                              ",238,31.77753056,-106.43291111,0,8,0,0,1,1,1,0,3,1,0,1,0,"0000000",88,88,88,88,88,88,0,0,0,1,0
48,480074,1,1,0,0,0,1,1,201,480,16,1,2011,1,5,49,0,16,5,"MARKET ST                     ","                              ",0,29.73192778,-94.98961667,0,1,0,0,1,1,4,0,2,2,0,2,0,"0000000",88,88,88,88,88,88,20,0,0,1,0
48,480075,2,2,0,0,0,3,3,245,0,16,1,2011,1,6,15,1,2,3,"SR-105                        ","                              ",2,30.13497778,-94.27626111,0,12,6,0,1,1,1,0,3,1,0,1,0,"0000000",88,88,88,88,88,88,0,0,0,2,1
48,480076,1,1,0,0,0,1,1,29,6090,17,1,2011,2,6,50,1,11,1,"I-410                         ","                              ",343,29.38996667,-98.38951389,0,31,0,0,1,1,3,0,4,5,0,5,0,"0000000",88,88,88,88,88,88,0,0,0,1,1
48,480077,1,1,0,1,1,1,1,91,0,17,1,2011,2,19,28,1,1,1,"I-35                          ","                              ",190,29.79047222,-98.02528889,0,8,0,0,1,1,1,0,2,1,0,1,0,"0000000",88,88,88,88,88,88,19,0,0,1,1
48,480078,1,1,0,1,1,1,1,201,0,17,1,2011,2,5,30,0,6,4,"MTHOUSTON                     ","                              ",0,29.89165278,-95.26571667,0,9,0,0,1,1,1,0,2,1,0,1,0,"0000000",88,88,88,88,88,88,0,0,0,1,0
48,480079,2,2,0,0,0,2,2,287,0,17,1,2011,2,15,10,0,3,2,"US-77                         ","SL 123                        ",82,30.42591111,-97.00869722,0,12,6,0,3,1,1,0,1,10,0,10,0,"0000000",88,88,88,88,88,88,0,0,0,1,0
48,480080,2,2,0,0,0,2,2,407,0,17,1,2011,2,22,27,1,2,2,"US-59                         ","                              ",206,30.42714444,-95.04011389,0,12,2,0,1,1,1,0,2,10,0,10,0,"0000000",88,88,88,88,88,88,0,0,0,1,1
48,480598,1,1,0,0,0,1,1,293,0,4,4,2011,2,4,17,0,4,3,"SR-164                        ","                              ",36,31.51358056,-96.47626944,0,42,0,0,1,1,4,0,2,10,0,10,0,"0000000",4,19,4,27,4,44,0,0,0,1,0
48,480599,2,2,0,0,0,2,2,423,0,4,4,2011,2,14,0,1,2,2,"US-69                         ","1215                          ",103,32.19823611,-95.32003333,0,12,1,0,3,3,1,0,1,1,0,1,0,"0000000",14,3,14,9,14,46,0,0,0,1,0
48,480600,1,1,0,0,0,1,1,439,260,4,4,2011,2,9,20,0,16,5,"SUBLETT RD                    ","                              ",0,32.64868889,-97.15839722,0,59,0,0,1,1,4,0,1,1,0,1,0,"0000000",9,21,9,25,9,56,0,0,0,1,0
48,480601,2,2,0,0,0,3,3,455,0,4,4,2011,2,19,53,0,3,3,"SR-94                         ","                              ",174,31.24134444,-94.95104722,0,12,2,0,1,1,2,0,5,1,0,1,0,"0000000",20,2,20,15,20,40,0,0,0,1,0
48,480602,1,1,0,0,0,1,1,61,940,5,4,2011,3,1,0,0,15,8,"FM 803                        ","                              ",18,26.05005833,-97.528225,0,30,0,0,1,1,4,0,3,1,0,1,0,"0000000",88,88,88,88,88,88,0,0,0,1,0
48,480603,2,2,0,0,0,3,3,201,3280,5,4,2011,3,6,40,0,16,5,"NORTHBOROUGH                  ","RANKIN                        ",0,29.96525833,-95.42646944,0,12,6,0,2,3,1,0,1,1,0,1,0,"0000000",88,88,88,88,88,88,0,0,0,1,0
48,480604,2,2,0,0,0,5,5,201,3280,5,4,2011,3,23,45,1,11,1,"I-45                          ","                              ",289,29.828875,-95.38131667,0,12,1,1,18,1,1,0,3,1,0,1,0,"0000000",99,99,99,99,99,99,0,0,0,1,0
48,480605,1,1,0,1,1,1,1,209,3760,5,4,2011,3,20,15,0,15,8,"BI 35J                        ","                              ",102,29.99453056,-97.8718,0,8,0,0,1,1,1,0,3,1,0,1,0,"0000000",99,99,99,99,99,99,0,0,0,1,0
48,480606,3,3,0,0,0,3,3,309,0,5,4,2011,3,9,0,1,2,3,"SR-6                          ","COMPTON                       ",74,31.599425,-97.35512778,0,12,1,0,2,3,1,0,1,1,0,1,0,"0000000",88,88,88,88,88,88,0,0,0,1,0
48,480607,1,1,0,0,0,3,3,113,1240,6,4,2011,4,10,12,1,12,2,"US-67                         ","                              ",130,32.616175,-96.91794722,0,1,0,1,18,1,3,0,1,1,0,1,0,"0000000",10,21,10,26,10,53,0,0,0,1,0
48,480608,2,2,0,0,0,2,2,399,0,6,4,2011,4,15,54,1,2,2,"US-67                         ","                              ",102,31.63350556,-100.07391667,0,12,1,0,1,1,1,0,1,10,0,10,1,"0000000",88,88,88,88,88,88,0,0,0,1,0
48,480609,2,2,0,0,0,4,4,425,0,6,4,2011,4,12,20,0,4,8,"FM-56                         ","                              ",22,32.28295278,-97.80791667,0,12,6,0,8,1,1,0,1,1,0,1,0,"0000000",12,20,12,39,12,55,0,0,0,1,0
48,480610,1,1,0,0,0,1,1,453,330,6,4,2011,4,8,34,1,12,8,"SL 1                          ","                              ",182,30.39026667,-97.73495556,0,21,0,1,19,1,4,0,1,1,0,1,0,"0000000",88,88,88,88,88,88,0,0,0,1,0
48,480611,1,1,0,1,1,1,1,471,3340,6,4,2011,4,3,1,1,11,1,"I-45                          ","                              ",97,30.64331389,-95.50926944,0,8,0,1,18,1,1,0,2,1,0,1,0,"0000000",88,88,88,88,88,88,0,0,0,1,0
48,480612,2,2,0,0,0,3,3,113,1730,7,4,2011,5,18,30,0,16,5,"MUNGER BLVD                   ","TERRY ST                      ",0,32.79375833,-96.75909722,0,12,6,0,2,2,1,0,1,1,0,1,0,"0000000",18,32,18,37,18,54,0,0,0,1,0
48,480613,2,2,0,0,0,2,2,181,6350,7,4,2011,5,22,11,0,14,8,"FM 1417                       ","                              ",97,33.59326389,-96.61431667,0,12,1,0,8,1,1,0,2,1,0,1,0,"0000000",22,11,22,15,22,36,0,0,0,1,1
48,480614,2,2,0,0,0,3,3,375,0,7,4,2011,5,8,5,1,13,7,"SL 335                        ","RM 1061                       ",7,35.24379722,-101.93428333,0,12,6,0,2,2,1,0,1,10,0,10,0,"0000000",88,88,88,88,88,88,0,0,0,1,0
48,480615,2,2,0,0,0,4,4,467,0,7,4,2011,5,15,5,0,4,8,"FM 314                        ","KANSAS ST                     ",2,32.52154167,-95.64314167,0,12,6,0,2,2,1,0,1,1,0,1,0,"0000000",15,9,15,11,15,59,0,0,0,1,0
48,480616,2,2,0,1,1,2,2,491,1242,7,4,2011,5,7,0,1,13,2,"US-183                        ","                              ",218,30.53313333,-97.83529722,0,8,0,0,1,1,1,0,4,1,0,1,0,"0000000",88,88,88,88,88,88,0,0,0,1,0
48,480617,1,1,0,1,1,1,1,21,0,8,4,2011,6,2,32,1,2,2,"US-290                        ","                              ",125,30.26937222,-97.23488333,0,8,0,0,1,1,1,0,2,10,0,10,0,"0000000",88,88,88,88,88,88,0,0,0,1,0
48,480618,2,2,0,0,0,3,3,61,940,8,4,2011,6,12,31,1,12,2,"US-77                         ","                              ",341,25.95371111,-97.505675,0,12,1,0,1,1,1,0,1,1,0,1,0,"0000000",99,99,99,99,99,99,0,0,0,1,0
48,480619,3,3,0,0,0,4,4,113,1730,8,4,2011,6,11,51,1,13,8,"FM 1382                       ","CAMP WISDOM RD                ",68,32.65620556,-96.97986944,0,12,1,0,3,2,1,0,1,1,0,1,0,"0000000",12,9,12,19,12,40,0,0,0,1,0
48,480620,1,1,0,1,1,3,3,113,2800,8,4,2011,6,21,30,0,16,5,"OAKDALE RD                    ","                              ",0,32.79238333,-96.99909722,0,49,0,0,1,1,1,0,3,1,0,1,0,"0000000",88,88,88,88,88,88,0,0,0,1,1
48,480621,2,2,0,0,0,4,4,365,0,8,4,2011,6,17,31,1,2,2,"US-59                         ","304                           ",98,32.19809444,-94.34153056,0,12,6,0,2,2,1,0,1,1,0,1,0,"0000000",17,33,17,42,17,54,0,0,0,3,0
48,480622,1,1,0,1,1,1,1,465,1820,8,4,2011,6,23,35,1,13,2,"US-277                        ","                              ",19,29.35846667,-100.87590556,0,8,0,0,1,1,1,0,2,1,0,1,0,"0000000",23,38,23,44,23,59,0,0,0,1,0
48,480623,1,1,0,1,1,1,1,29,6090,9,4,2011,7,13,23,0,4,8,"SL1604                        ","                              ",59,29.57466944,-98.33858056,0,8,0,0,1,1,1,0,1,1,0,1,0,"0000000",88,88,88,88,88,88,0,0,0,1,0
48,480624,2,2,0,0,0,3,3,37,0,9,4,2011,7,16,30,1,1,1,"I-30                          ","                              ",127,33.435525,-94.53087222,0,12,1,0,1,1,1,0,1,1,0,1,0,"0000000",99,99,16,44,17,30,19,0,0,1,0
48,480625,1,1,0,0,0,1,1,53,0,9,4,2011,7,17,58,0,3,3,"SR-29                         ","                              ",56,30.76400556,-98.31081667,0,53,0,0,1,1,4,0,1,1,0,1,0,"0000000",18,7,18,12,18,25,0,0,0,1,0
48,480626,1,1,0,1,1,1,1,71,9997,9,4,2011,7,0,20,1,13,3,"SR-146                        ","                              ",74,29.78134444,-94.91288333,0,8,0,0,1,1,1,0,2,1,0,1,0,"0000000",0,25,0,42,1,9,0,0,0,1,0
48,480627,2,2,0,0,0,2,2,201,3280,9,4,2011,7,10,4,0,16,5,"S WAYSIDE DR                  ","BROCK ST                      ",0,29.70604444,-95.31836944,0,1,0,0,2,2,1,0,1,1,0,1,0,"0000000",99,99,99,99,10,35,0,0,0,1,0
48,480628,1,1,0,0,0,1,1,217,0,9,4,2011,7,4,10,1,1,1,"I-35W                         ","                              ",162,32.06050833,-97.09659444,0,20,0,0,1,1,4,0,3,10,0,10,0,"0000000",88,88,88,88,88,88,0,0,0,1,1
48,480629,2,2,0,0,0,2,2,241,0,9,4,2011,7,0,45,0,5,8,"FM1007                        ","                              ",36,31.10549444,-94.00541667,0,12,2,0,1,1,1,0,2,1,0,1,0,"0000000",0,46,0,59,1,52,0,0,0,1,2
48,480630,1,1,0,0,0,1,1,317,0,9,4,2011,7,4,15,1,2,3,"SR-349                        ","                              ",122,32.15025556,-102.1144,0,34,0,0,1,1,4,0,2,1,0,1,0,"0000000",88,88,88,88,88,88,0,0,0,1,1
48,481142,3,3,0,0,0,3,3,201,0,13,6,2011,2,12,35,1,12,8,"UA90                          ","                              ",61,29.65375556,-95.44492778,0,24,0,0,1,1,4,0,1,1,0,1,0,"0000000",12,43,12,56,13,7,0,0,0,1,0
48,481143,1,1,0,0,0,1,1,201,480,13,6,2011,2,17,19,0,16,5,"N MAIN ST                     ","                              ",0,29.75013889,-94.96363056,0,21,0,0,1,1,4,0,1,1,0,1,0,"0000000",17,24,17,34,17,59,0,0,0,1,0
48,481144,1,1,0,0,0,1,1,303,0,13,6,2011,2,15,7,1,2,2,"US-62                         ","                              ",216,33.65262778,-101.71938611,0,42,0,0,1,1,3,0,1,1,0,1,0,"0000000",15,13,15,27,16,14,0,0,0,1,0
48,481145,1,1,0,1,1,2,2,423,0,13,6,2011,2,21,56,0,3,3,"SR-31                         ","                              ",187,32.36216389,-95.14366111,0,8,0,0,1,1,2,0,2,1,0,1,0,"0000000",21,58,22,10,22,46,19,0,0,1,0
48,481146,1,1,0,1,1,2,2,453,330,13,6,2011,2,8,55,1,13,8,"FM2222                        ","RIVER PLACE BLVD              ",9,30.394425,-97.84539167,0,8,0,0,3,2,1,0,1,1,0,1,0,"0000000",88,88,88,88,88,88,0,0,0,1,0
48,481147,3,1,2,0,2,1,3,113,1730,14,6,2011,3,6,8,1,12,2,"US-75                         ","                              ",136,32.816075,-96.78924444,0,25,0,0,1,1,3,0,4,1,0,1,0,"0000000",6,23,6,27,6,47,0,0,0,1,0
48,481148,4,4,0,0,0,4,4,347,4810,14,6,2011,3,17,45,1,13,2,"US-59                         ","                              ",82,31.59469444,-94.68390833,0,12,6,0,1,1,1,0,1,1,0,1,0,"0000000",17,53,17,57,18,20,0,0,0,1,0
48,481149,1,1,0,1,1,1,1,375,150,14,6,2011,3,21,50,0,16,5,"LINE AVE                      ","                              ",0,35.20738056,-101.86774444,0,8,0,0,1,1,1,0,8,98,0,98,0,"0000000",88,88,88,88,88,88,0,0,0,1,0
48,481150,2,1,1,0,0,1,1,439,2255,14,6,2011,3,16,38,0,16,5,"ANGELA LN                     ","                              ",0,32.84251111,-97.07375833,0,14,0,0,4,1,4,0,1,1,0,1,0,"0000000",16,38,16,42,17,12,0,0,0,1,0
48,481151,2,2,0,0,0,2,2,113,1730,16,6,2011,5,18,48,0,16,5,"S WESTMORELAND RD             ","IVANDELL AVE                  ",0,32.73585833,-96.87431944,0,12,6,0,2,3,1,0,1,1,0,1,0,"0000000",99,99,18,51,19,11,0,0,0,1,0
48,481152,1,1,0,0,0,1,1,201,3280,16,6,2011,5,1,40,0,16,5,"MARJORIE ST                   ","KNOX                          ",0,29.87452222,-95.42546389,0,34,0,0,3,2,4,0,2,10,0,10,0,"0000000",88,88,88,88,88,88,0,0,0,1,0
48,481153,2,2,0,0,0,2,2,201,3280,16,6,2011,5,18,24,0,16,5,"LOCKWOOD DR                   ","BUNTE ST                      ",0,29.80218611,-95.31700278,0,12,11,0,2,3,1,0,1,1,0,1,0,"0000000",18,27,18,30,18,45,0,0,0,1,0
48,481154,2,2,0,0,0,3,3,329,0,16,6,2011,5,1,23,1,2,8,"FM1788                        ","SL40                          ",110,32.03051389,-102.27133056,0,12,6,0,2,3,1,0,2,1,0,1,0,"0000000",88,88,88,88,88,88,0,0,0,1,1
48,481155,1,1,0,0,0,1,1,3,0,17,6,2011,6,17,44,0,3,3,"SR-115                        ","                              ",33,32.29837778,-102.600075,0,1,0,0,1,1,4,0,1,1,0,1,0,"0000000",88,88,88,88,88,88,0,0,0,1,0
48,481156,1,1,0,1,1,2,2,27,0,17,6,2011,6,11,29,0,6,4,"CROWS RANCH RD                ","                              ",0,30.98364444,-97.59798889,0,9,0,0,1,1,1,0,1,1,0,1,0,"0000000",11,31,11,47,12,34,0,0,0,1,0
48,481157,1,1,0,0,0,1,1,29,6090,17,6,2011,6,18,50,0,16,5,"EXPO BLVD                     ","                              ",0,29.54404167,-98.57259722,0,33,0,0,1,1,3,0,1,1,0,1,0,"0000000",88,88,88,88,88,88,0,0,0,1,0
48,481158,2,2,0,0,0,3,3,51,4182,17,6,2011,6,21,4,1,2,3,"SR-36                         ","FM60                          ",141,30.38405556,-96.5615,0,12,6,0,2,3,1,0,3,1,0,1,0,"0000000",21,7,21,12,22,4,0,0,0,1,1
48,481159,1,1,0,0,0,2,2,105,0,17,6,2011,6,5,30,1,1,1,"I-10                          ","                              ",439,30.69493333,-101.09260833,0,52,0,1,18,1,3,1,2,1,0,1,0,"0000000",5,35,5,45,7,25,0,0,0,1,0
48,481160,1,1,0,0,0,1,1,113,1730,17,6,2011,6,21,40,0,16,5,"LEMMON AVE                    ","                              ",0,32.85905556,-96.85109722,0,33,0,0,1,1,3,0,3,1,0,1,0,"0000000",88,88,88,88,88,88,19,0,0,1,1
48,481161,2,1,1,1,1,1,1,201,0,17,6,2011,6,11,15,1,11,1,"I-10                          ","                              ",456,29.79518611,-95.07178333,0,8,0,0,1,1,2,0,1,1,0,1,0,"0000000",88,88,88,88,88,88,0,0,0,1,0
48,481162,1,1,0,0,0,1,1,469,0,17,6,2011,6,1,48,1,2,2,"US-59                         ","                              ",63,28.87221389,-96.85185,0,1,0,0,1,1,4,0,2,1,0,1,0,"0000000",88,88,88,88,88,88,0,0,0,1,1
48,481163,1,1,0,2,2,1,1,113,5730,18,6,2011,7,19,40,0,16,5,"ARAPAHO                       ","                              ",0,32.963125,-96.73695556,0,8,0,0,8,1,5,0,1,1,0,1,0,"0000000",19,44,19,47,19,56,0,0,0,1,1
48,481164,2,2,0,0,0,2,2,113,1730,19,6,2011,1,5,5,1,13,3,"SR-342                        ","CHERRY VALLEY BLVD            ",188,32.6445,-96.780225,0,12,6,0,2,4,1,0,6,1,0,1,0,"0000000",5,11,5,20,5,55,0,0,0,1,1
48,481165,1,1,0,0,0,2,2,113,1730,19,6,2011,1,18,35,1,12,2,"US-175 RAMP                   ","                              ",33,32.72885278,-96.70613056,0,24,0,0,5,1,10,0,1,1,0,1,0,"0000000",18,47,18,47,19,41,0,0,0,1,0
48,481166,2,2,0,0,0,5,5,117,0,19,6,2011,1,1,20,0,3,2,"US-385                        ","8                             ",239,34.85121667,-102.40524722,0,12,6,0,2,2,1,0,2,1,0,1,0,"0000000",1,22,1,32,1,46,0,0,0,3,0
48,481167,1,1,0,0,0,1,1,165,0,19,6,2011,1,6,38,0,6,4,"202D                          ","                              ",0,32.76101111,-102.69415556,0,1,0,0,1,1,4,0,2,1,0,1,0,"0000000",88,88,88,88,88,88,0,0,0,1,1
48,481168,1,1,0,0,0,2,2,309,7210,19,6,2011,1,12,31,1,12,8,"BU77L                         ","                              ",17,31.560075,-97.10206389,0,33,0,0,1,1,3,0,1,1,0,1,0,"0000000",12,36,12,42,13,6,0,0,0,1,0
48,481169,3,3,0,0,0,4,4,1,0,20,6,2011,2,15,43,1,2,2,"US-79                         ","369                           ",83,31.7907,-95.60245278,0,12,1,0,2,3,1,0,1,1,0,1,0,"0000000",15,41,15,54,16,34,0,0,0,1,0
48,481170,1,1,0,0,0,1,1,29,6090,20,6,2011,2,20,3,1,11,1,"I-10RAMP                      ","                              ",22,29.39353889,-98.47954167,0,24,0,1,5,1,8,0,1,1,0,1,0,"0000000",88,88,88,88,88,88,0,0,0,1,0
48,481171,1,1,0,0,0,1,1,131,0,20,6,2011,2,12,2,0,3,3,"SR-16                         ","                              ",259,27.68453611,-98.63706667,0,1,0,0,1,1,4,0,1,1,0,1,0,"0000000",12,22,12,51,13,44,0,0,0,1,0