"STATE","ST_CASE","VE_TOTAL","VE_FORMS","PVH_INVL","PEDS","PERNOTMVIT","PERMVIT","PERSONS","COUNTY","CITY","DAY","MONTH","YEAR","DAY_WEEK","HOUR","MINUTE","NHS","ROAD_FNC","ROUTE","TWAY_ID","TWAY_ID2","MILEPT","LATITUDE","LONGITUD","SP_JUR","HARM_EV","MAN_COLL","RELJCT1","RELJCT2","TYP_INT","REL_ROAD","WRK_ZONE","LGT_COND","WEATHER1","WEATHER2","WEATHER","SCH_BUS","RAIL","NOT_HOUR","NOT_MIN","ARR_HOUR","ARR_MIN","HOSP_HR","HOSP_MN","CF1","CF2","CF3","FATALS","DRUNK_DR"
48,481172,2,2,0,0,0,3,3,201,0,20,6,2011,2,4,5,1,12,7,"US-59                         ","                              ",70,29.90196667,-95.31239167,0,12,1,0,1,1,1,0,2,1,0,1,0,"0000000",4,19,4,25,4,56,0,0,0,1,1
48,481174,1,1,0,1,1,1,1,453,330,20,6,2011,2,0,34,1,11,1,"I-35                          ","                              ",122,30.19416111,-97.76742222,0,8,0,0,1,1,1,0,3,1,0,1,0,"0000000",88,88,88,88,88,88,0,0,0,1,0
48,481175,1,1,0,0,0,6,6,11,0,21,6,2011,3,15,23,1,2,2,"US-287                        ","                              ",78,35.15085,-101.48364167,0,1,0,0,1,1,3,0,1,1,0,1,0,"0000000",15,32,15,32,16,24,0,0,0,1,0
48,481720,2,2,0,0,0,3,3,91,0,31,8,2011,4,20,35,1,13,8,"FM306                         ","                              ",52,29.85529167,-98.1462,0,12,6,0,1,1,1,0,2,1,0,1,0,"0000000",99,99,99,99,99,99,0,0,0,1,1
48,481721,4,4,0,0,0,6,6,245,5430,3,2,2011,5,19,46,1,13,3,"SR-347                        ","                              ",83,29.94765278,-93.94979722,0,12,6,0,1,1,1,0,5,3,0,3,0,"0000000",88,88,88,88,88,88,0,0,0,1,0
48,481722,1,1,0,1,1,1,1,439,2450,18,3,2011,6,20,47,1,11,1,"I-30                          ","                              ",180,32.73475556,-97.41820833,0,8,0,0,1,1,1,0,9,98,0,98,0,"0000000",88,88,88,88,88,88,0,0,0,1,0
48,481723,2,2,0,0,0,6,6,479,3899,23,3,2011,4,0,16,1,13,2,"US-59                         ","                              ",424,27.52907222,-99.45598889,0,12,2,0,1,1,1,0,2,1,0,1,0,"0000000",0,20,0,23,0,41,0,0,0,1,0
48,481724,3,3,0,0,0,3,3,149,0,31,3,2011,5,17,33,0,4,3,"SR-237                        ","                              ",66,30.06098889,-96.69961111,0,12,1,0,1,1,1,0,1,1,0,1,0,"0000000",17,36,17,55,18,37,0,0,0,1,0
48,481725,1,1,0,0,0,2,2,339,0,9,4,2011,7,20,45,0,6,4,"COUNTY LINE RD                ","                              ",0,30.43640278,-95.41057222,0,24,0,0,1,1,4,0,2,1,0,1,0,"0000000",20,38,20,49,21,46,0,0,0,2,1
48,481726,1,1,0,0,0,2,2,303,4140,18,4,2011,2,2,43,0,16,5,"TEXAS TECH PKWY               ","                              ",0,33.59684444,-101.89648611,0,30,0,0,1,1,4,0,3,1,0,1,0,"0000000",88,88,88,88,88,88,0,0,0,2,1
48,481727,1,1,0,0,0,1,1,277,0,12,5,2011,5,13,18,1,2,2,"US-82                         ","                              ",199,33.66662222,-95.35513889,0,1,0,0,1,1,4,0,1,10,0,10,0,"0000000",88,88,88,88,88,88,0,0,0,1,1
48,481728,1,1,0,1,1,1,1,113,4530,18,5,2011,4,0,29,1,11,1,"I-30                          ","                              ",257,32.83293056,-96.61266111,0,8,0,0,1,1,1,0,3,10,0,10,0,"0000000",0,31,0,40,1,0,23,0,0,1,0
48,481729,1,1,0,0,0,2,2,343,0,21,5,2011,7,4,40,0,4,8,"FM-144                        ","                              ",273,32.996625,-94.79971667,0,42,0,0,1,1,4,0,2,1,0,1,0,"0000000",4,53,5,7,6,9,0,0,0,1,1
48,481730,3,3,0,0,0,4,4,439,2450,9,6,2011,5,17,55,0,16,5,"HULEN ST                      ","TRAIL LAKE DR                 ",0,32.65803056,-97.39666389,0,12,6,0,2,2,1,0,1,1,0,1,0,"0000000",17,52,18,3,18,32,0,0,0,1,0
48,481731,2,2,0,0,0,3,3,113,2590,13,6,2011,2,17,3,0,14,3,"SR-78                         ","CASTLE DR                     ",62,32.92217778,-96.62801667,0,12,6,0,2,2,1,0,1,1,0,1,0,"0000000",17,4,17,10,17,48,0,0,0,1,0
48,481732,1,1,0,0,0,1,1,109,0,19,6,2011,1,6,30,0,6,4,"RAMSEY LEASE RD 44            ","                              ",0,31.89271667,-104.06919444,0,1,0,0,1,1,4,0,4,1,0,1,0,"0000000",88,88,88,88,88,88,0,0,0,1,0
48,481733,1,1,0,0,0,3,3,247,0,9,7,2011,7,9,28,0,4,3,"SR-359                        ","                              ",39,27.31849444,-98.702825,0,42,0,0,1,1,4,0,1,1,0,1,0,"0000000",9,36,10,13,11,7,0,0,0,1,1
48,481734,1,1,0,1,1,3,3,27,0,15,7,2011,6,4,13,1,13,8,"BU190F                        ","                              ",79,31.122225,-97.75555278,0,8,0,0,1,1,1,0,2,1,0,1,0,"0000000",99,99,4,18,99,99,0,0,0,1,0
48,481735,1,1,0,1,1,1,1,39,0,22,7,2011,6,23,20,0,4,8,"FM2611                        ","                              ",81,28.96080278,-95.54333333,0,8,0,0,1,1,1,0,2,10,0,10,0,"0000000",88,88,88,88,88,88,0,0,0,1,0
48,481737,2,2,0,0,0,3,3,439,2450,4,8,2011,5,1,20,1,11,1,"I-30                          ","                              ",165,32.73751667,-97.445575,0,24,0,1,18,1,4,0,3,1,0,1,0,"0000000",1,23,1,27,1,58,0,0,0,1,0
48,481738,1,1,0,0,0,1,1,285,0,5,8,2011,6,14,40,0,3,8,"UA90                          ","                              ",83,29.42973056,-97.09161111,0,31,0,0,1,1,4,0,1,10,0,10,0,"0000000",88,88,88,88,88,88,0,0,0,1,0
48,481739,1,1,0,0,0,1,1,339,0,7,8,2011,1,9,15,0,4,8,"FM2978                        ","                              ",111,30.14765,-95.59710556,0,24,0,0,1,1,4,0,1,1,0,1,0,"0000000",88,88,88,88,88,88,0,0,0,1,0
48,481740,1,1,0,1,1,1,1,451,0,12,8,2011,6,20,55,0,4,8,"RM2084                        ","                              ",8,31.18036944,-100.49208333,0,8,0,0,1,1,1,0,2,1,0,1,0,"0000000",88,88,88,88,88,88,0,0,0,1,0
48,481741,2,2,0,1,1,4,4,37,4860,13,8,2011,7,3,55,1,1,1,"I-30                          ","                              ",207,33.474725,-94.41396944,0,8,0,1,18,1,1,0,3,1,0,1,0,"0000000",88,88,88,88,88,88,0,0,0,1,0
48,481742,1,1,0,0,0,2,2,439,2450,13,8,2011,7,1,30,0,16,5,"FOREST PARK BLVD              ","                              ",0,32.75097222,-97.34585833,0,1,0,1,18,1,1,0,3,2,0,2,0,"0000000",99,99,99,99,99,99,0,0,0,1,1
48,481743,1,1,0,0,0,1,1,113,2590,17,8,2011,4,13,54,0,14,3,"SR-78                         ","                              ",64,32.90886667,-96.63572222,0,42,0,0,1,1,4,0,1,1,0,1,0,"0000000",13,55,13,57,14,28,0,0,0,1,0
48,481744,1,1,0,1,1,1,1,223,0,17,8,2011,4,4,48,0,3,3,"SR-154                        ","                              ",121,32.98487778,-95.59358611,0,8,0,0,1,1,1,1,2,1,0,1,0,"0000000",88,88,88,88,88,88,19,0,0,1,0
48,481745,3,3,0,1,1,2,2,37,0,19,8,2011,6,2,26,1,1,1,"I-30                          ","                              ",265,33.47093889,-94.31422222,0,12,6,1,18,1,1,1,2,1,0,1,0,"0000000",99,99,99,99,99,99,19,0,0,1,0
48,481746,1,1,0,0,0,10,10,355,5420,19,8,2011,6,14,22,0,3,3,"SR-361                        ","                              ",148,27.77271111,-97.10928889,0,32,0,0,1,1,4,0,1,1,0,1,0,"0000000",99,99,99,99,99,99,0,0,0,2,0
48,481747,1,1,0,0,0,1,1,387,0,19,8,2011,6,20,5,0,3,3,"SR-37                         ","                              ",123,33.69135833,-95.05793889,0,53,0,0,1,1,4,0,5,1,0,1,0,"0000000",88,88,88,88,88,88,0,0,0,1,0
48,481748,2,2,0,0,0,3,3,231,0,20,8,2011,7,20,46,1,1,7,"I-30                          ","FM 36                         ",62,33.01857222,-96.20473333,0,12,6,1,2,3,1,0,2,1,0,1,0,"0000000",21,1,21,31,21,55,0,0,0,1,0
48,481749,2,2,0,0,0,3,3,255,0,20,8,2011,7,1,4,0,4,8,"FM 792                        ","                              ",95,28.85852778,-97.83828611,0,12,2,0,1,1,1,0,2,1,0,1,0,"0000000",1,28,2,0,2,40,0,0,0,2,2
48,481750,1,1,0,0,0,1,1,97,0,23,8,2011,3,21,25,0,4,8,"FM 371                        ","                              ",73,33.68145556,-97.07928889,0,31,0,0,1,1,4,0,2,1,0,1,0,"0000000",88,88,88,88,88,88,0,0,0,1,0
48,481751,1,1,0,0,0,4,4,319,0,25,8,2011,5,20,56,0,4,8,"RM1871                        ","                              ",181,30.72760556,-99.24313333,0,32,0,0,1,1,4,0,2,1,0,1,0,"0000000",21,4,21,14,22,58,0,0,0,1,0
48,481752,1,1,0,2,2,1,1,245,0,31,8,2011,4,16,44,1,1,1,"I-10                          ","                              ",20,29.87901667,-94.33309722,0,8,0,0,1,1,1,0,1,1,0,1,0,"0000000",16,47,16,56,18,0,0,0,0,1,0
48,481753,2,2,0,0,0,2,2,409,0,31,8,2011,4,0,56,1,2,2,"US-77                         ","1196                          ",96,28.02835833,-97.53088056,0,12,6,0,2,2,1,0,2,1,0,1,0,"0000000",88,88,88,88,88,88,0,0,0,1,0
48,480081,1,1,0,1,1,1,1,201,3280,18,1,2011,3,5,43,0,16,5,"FANNIN ST                     ","HOLLY HALL ST                 ",0,29.68521111,-95.40320833,0,8,0,0,3,2,1,0,3,10,0,10,0,"0000000",5,47,5,50,6,7,0,0,0,1,0
48,480082,2,2,0,0,0,2,2,281,0,18,1,2011,3,15,0,1,13,2,"US-190                        ","                              ",25,31.06484444,-98.15286389,0,12,6,0,1,1,1,0,1,1,0,1,0,"0000000",88,88,88,88,88,88,0,0,0,1,0
48,480083,2,2,0,0,0,6,6,451,0,18,1,2011,3,19,40,1,2,2,"US-87                         ","                              ",385,31.37146389,-100.31305,0,12,1,0,1,1,1,0,2,1,0,1,0,"0000000",19,40,19,52,20,24,0,0,0,1,1
48,480084,3,3,0,0,0,3,3,107,0,19,1,2011,4,18,30,0,3,2,"US-62                         ","                              ",198,33.82233333,-101.38745833,0,12,2,0,1,1,1,0,5,1,0,1,0,"0000000",88,88,88,88,88,88,0,0,0,1,0
48,480085,2,2,0,0,0,2,2,113,1730,19,1,2011,4,17,23,0,16,5,"POLK                          ","                              ",0,32.66149167,-96.84005833,0,33,0,0,1,1,3,0,1,1,0,1,0,"0000000",17,26,17,31,17,41,0,0,0,1,0
48,480086,2,2,0,0,0,3,3,113,1730,19,1,2011,4,7,10,0,16,5,"CESAR CHAVEZ BLVD             ","GOOD LATIMER EXPY             ",0,99.9999,999.9999,0,12,6,0,2,2,1,0,1,1,0,1,0,"0000000",7,12,7,18,7,32,0,0,0,1,0
48,480087,1,1,0,0,0,3,3,113,0,20,1,2011,5,14,7,1,11,1,"I-45 RAMP                     ","                              ",230,32.57299167,-96.67009722,0,35,0,1,5,1,4,0,1,10,0,10,0,"0000000",14,12,14,18,14,59,0,0,0,1,1
48,480088,3,3,0,0,0,3,3,113,3420,20,1,2011,5,7,21,1,12,3,"SR-183                        ","                              ",25,32.83710556,-97.00774444,0,12,6,0,1,1,1,0,1,10,0,10,0,"0000000",7,22,7,33,8,2,0,0,0,1,0
48,480089,2,2,0,0,0,7,7,141,2190,20,1,2011,5,2,14,0,16,5,"LEE BLVD                      ","TURNER RD                     ",0,31.79811389,-106.29387222,0,12,6,0,2,2,1,0,2,1,0,1,0,"0000000",2,20,2,25,2,45,0,0,0,2,2
48,480090,1,1,0,1,1,1,1,113,2590,21,1,2011,6,7,57,0,16,5,"FOREST LN                     ","BARNES DR                     ",0,32.90913889,-96.67991667,0,8,0,0,3,3,1,0,1,1,0,1,0,"0000000",7,57,7,58,99,99,0,0,0,1,0
48,480091,1,1,0,1,1,1,1,113,4530,21,1,2011,6,4,3,0,16,5,"SAMUELL BLVD                  ","                              ",0,32.79238889,-96.66456944,0,8,0,0,8,1,1,0,3,1,0,1,0,"0000000",4,4,4,8,4,25,0,0,0,1,0
48,480092,3,3,0,0,0,3,3,439,260,21,1,2011,6,7,4,1,11,1,"I-20RAMP                      ","                              ",116,32.67652222,-97.06060556,0,23,0,1,5,1,4,0,3,1,0,1,0,"0000000",7,5,7,13,7,36,14,0,0,1,0
48,480093,2,2,0,0,0,6,6,141,2190,22,1,2011,7,3,40,1,13,8,"FM659                         ","PELLICANO                     ",72,31.73813056,-106.29182222,0,12,6,0,2,2,1,0,3,1,0,1,0,"0000000",3,43,3,46,4,12,0,0,0,1,1
48,480094,3,3,0,0,0,5,5,157,3580,22,1,2011,7,16,15,1,11,7,"I-10RAMP                      ","                              ",12,29.77699722,-95.83493611,0,12,7,0,5,1,1,0,1,1,0,1,0,"0000000",16,22,16,38,17,16,0,0,0,1,1
48,480095,3,3,0,0,0,4,4,201,0,22,1,2011,7,19,26,0,6,4,"N ELDRIDGE PKWY               ","                              ",0,29.96738889,-95.60835,0,12,2,0,1,1,1,0,2,1,0,1,0,"0000000",19,28,19,39,20,18,0,0,0,1,1
48,480096,2,2,0,0,0,3,3,201,5230,22,1,2011,7,9,14,0,16,5,"PASADENA BLVD                 ","                              ",0,29.68463611,-95.19800556,0,12,7,0,1,1,1,0,1,1,0,1,0,"0000000",9,16,9,22,9,47,0,0,0,1,0
48,480097,1,1,0,0,0,1,1,341,0,22,1,2011,7,8,10,0,4,8,"FM1284                        ","MORTON ELEVATOR               ",42,35.90814444,-101.87234722,0,35,0,0,3,1,4,0,4,1,0,1,0,"0000000",88,88,88,88,88,88,0,0,0,1,1
48,480098,1,1,0,1,1,1,1,361,5100,22,1,2011,7,22,18,0,14,8,"BU90Y                         ","                              ",9,30.11018611,-93.79293889,0,8,0,0,1,1,1,0,2,1,0,1,0,"0000000",88,88,88,88,88,88,0,0,0,1,0
48,480099,2,2,0,0,0,2,2,439,260,22,1,2011,7,17,42,0,16,5,"N BOWEN RD                    ","WESLEY DR                     ",0,32.73963056,-97.14909444,0,1,0,0,2,2,1,0,1,1,0,1,0,"0000000",88,88,88,88,88,88,0,0,0,1,0
48,480100,1,1,0,0,0,1,1,451,6080,22,1,2011,7,2,13,1,12,8,"SL306                         ","                              ",93,31.40515,-100.44114167,0,52,0,0,1,1,3,0,3,1,0,1,0,"0000000",88,88,88,88,88,88,0,0,0,1,1
48,480101,1,1,0,0,0,1,1,77,0,23,1,2011,1,13,24,1,2,2,"US-82                         ","                              ",36,33.87000556,-98.35653056,0,33,0,0,1,1,3,0,1,1,0,1,0,"0000000",88,88,88,88,88,88,0,0,0,1,0
48,480102,2,2,0,0,0,4,4,381,0,21,1,2011,6,17,45,1,2,2,"US-60                         ","                              ",84,34.97490556,-102.03461944,0,12,6,0,1,1,1,0,1,1,0,1,0,"0000000",99,99,99,99,99,99,0,0,0,1,0
48,480103,1,1,0,0,0,1,1,179,0,14,1,2011,6,99,99,0,3,3,"SR-152                        ","                              ",263,35.51756667,-100.57206111,0,32,0,0,1,1,4,0,1,1,0,1,0,"0000000",88,88,88,88,88,88,0,0,0,1,0
48,480104,1,1,0,0,0,1,1,203,4080,23,1,2011,1,11,16,1,13,2,"US-80                         ","                              ",4,32.50406389,-94.69535278,0,42,0,0,1,1,4,0,1,1,0,1,0,"0000000",11,17,11,21,11,39,0,0,0,1,0
48,480105,1,1,0,0,0,2,2,215,0,23,1,2011,1,2,30,0,6,4,"ROOSEVELT RD                  ","                              ",0,26.23479167,-98.02590556,0,34,0,0,1,1,4,0,2,1,0,1,0,"0000000",99,99,99,99,99,99,0,0,0,1,1
48,480106,1,1,0,0,0,1,1,21,0,24,1,2011,2,0,2,0,4,8,"FM535                         ","                              ",33,29.97585556,-97.39805278,0,38,0,0,1,1,4,0,2,1,0,1,0,"0000000",88,88,88,88,88,88,0,0,0,1,1
48,480107,1,1,0,0,0,1,1,21,0,24,1,2011,2,2,23,0,4,3,"SR-304                        ","                              ",8,30.100325,-97.35265,0,32,0,0,1,1,4,0,2,1,0,1,0,"0000000",2,43,2,46,3,21,0,0,0,1,0
48,480108,2,2,0,0,0,2,2,347,0,24,1,2011,2,6,34,0,3,3,"SR-7                          ","FM 2112                       ",70,31.61386111,-94.52208056,0,12,6,0,2,3,1,0,2,1,0,1,0,"0000000",6,38,6,53,7,11,0,0,0,1,0
48,480109,1,1,0,0,0,1,1,427,0,24,1,2011,2,7,10,0,4,8,"FM 649                        ","                              ",249,26.44420556,-98.93205556,0,1,0,0,1,1,4,0,1,1,0,1,0,"0000000",88,88,88,88,88,88,0,0,0,1,0
48,480110,1,1,0,1,1,1,1,451,6080,24,1,2011,2,18,56,0,14,8,"BU67H                         ","                              ",35,31.45317778,-100.46324722,0,8,0,0,1,1,1,0,3,1,0,1,0,"0000000",18,58,19,1,19,14,0,0,0,1,0
48,480111,1,1,0,1,1,5,5,29,6090,25,1,2011,3,21,35,1,13,8,"FM 2252                       ","                              ",138,29.57426389,-98.37751111,0,8,0,0,1,1,1,0,3,1,0,1,0,"0000000",88,88,88,88,88,88,0,0,0,1,0
48,480112,1,1,0,1,1,2,2,215,4650,25,1,2011,3,18,46,0,16,5,"INSPIRATION RD                ","                              ",0,26.23503333,-98.346975,0,8,0,0,1,1,1,0,6,1,0,1,0,"0000000",88,88,88,88,88,88,0,0,0,1,0
48,480113,1,1,0,0,0,1,1,439,260,25,1,2011,3,1,41,0,16,5,"FIELDER RD                    ","GREEN OAKS BLVD               ",0,32.77931111,-97.13136111,0,33,0,0,3,3,4,0,3,1,0,1,0,"0000000",88,88,88,88,88,88,0,0,0,1,0
48,480631,1,1,0,0,0,1,1,19,0,10,1,2011,2,6,58,0,5,8,"FM 3240                       ","                              ",44,29.76793611,-99.10929722,0,1,0,0,1,1,1,0,2,5,0,5,0,"0000000",7,1,7,4,8,0,0,0,0,1,0
48,480632,3,3,0,0,0,4,4,423,0,11,1,2011,3,13,5,1,13,8,"SL 323                        ","MORNINGSIDE DR                ",13,32.37826667,-95.26816389,0,12,6,0,2,2,1,0,1,1,0,1,0,"0000000",13,4,13,6,13,39,0,0,0,1,0
48,480633,1,1,0,0,0,1,1,53,0,28,1,2011,6,15,50,0,6,4,"342C                          ","                              ",0,30.57885278,-98.23197778,0,30,0,0,1,1,4,0,1,1,0,1,0,"0000000",16,0,16,24,16,52,0,0,0,1,0
48,480634,2,2,0,0,0,5,5,439,2450,12,2,2011,7,22,42,0,16,5,"MCCART AVE                    ","GREENRIDGE DR                 ",0,32.63799167,-97.36984722,0,12,6,0,2,3,1,0,3,1,0,1,0,"0000000",22,45,22,49,23,45,0,0,0,1,1
48,480635,2,2,0,0,0,2,2,201,3280,13,2,2011,1,16,20,1,11,1,"I-610                         ","                              ",18,29.80925833,-95.43996944,0,12,7,0,1,1,1,1,1,10,0,10,0,"0000000",88,88,88,88,88,88,0,0,0,1,0
48,480636,1,1,0,1,1,1,1,375,150,13,2,2011,1,5,20,1,13,3,"SR-136                        ","                              ",127,35.23117778,-101.77774167,0,8,0,0,1,1,1,0,2,1,0,1,0,"0000000",5,26,5,35,6,19,0,0,0,1,0
48,480637,1,1,0,0,0,1,1,141,2190,18,2,2011,6,2,29,0,16,5,"SUNLAND PARK                  ","CRESTMONT DR                  ",0,31.823275,-106.53615556,0,30,0,0,2,2,4,0,3,1,0,1,0,"0000000",88,88,88,88,88,88,0,0,0,1,1
48,480638,2,2,0,0,0,3,3,157,0,19,2,2011,7,12,55,1,13,8,"FM 1093                       ","GASTON RD                     ",36,29.69964167,-95.78526667,0,12,6,0,2,3,1,0,1,1,0,1,0,"0000000",12,57,13,6,13,43,0,0,0,1,0
48,480639,1,1,0,0,0,1,1,439,2450,25,2,2011,6,2,50,1,13,3,"SR-170                        ","                              ",45,32.98543889,-97.25145,0,46,0,0,1,1,3,0,3,1,0,1,0,"0000000",88,88,88,88,88,88,0,0,0,1,1
48,480640,2,2,0,0,0,3,3,427,5780,27,2,2011,1,23,9,0,3,8,"FM 755                        ","                              ",275,26.400125,-98.7799,0,12,2,0,1,1,1,0,2,1,0,1,0,"0000000",23,11,23,31,0,2,0,0,0,1,1
48,480641,1,1,0,0,0,4,4,155,0,5,3,2011,7,18,15,0,6,4,"327                           ","                              ",0,33.96386389,-99.768175,0,58,0,0,1,1,1,0,1,1,0,1,0,"0000000",18,30,18,35,19,20,0,0,0,2,0
48,480642,1,1,0,1,1,1,1,201,3280,5,3,2011,7,2,4,0,16,5,"ALDINE BENDER RD              ","                              ",0,29.93066389,-95.29718333,0,8,0,0,1,1,1,0,2,10,0,10,0,"0000000",88,88,88,88,88,88,0,0,0,1,0
48,480643,1,1,0,0,0,2,2,85,5730,6,3,2011,1,1,54,1,12,2,"US-75RAMP                     ","                              ",135,33.00196667,-96.70892222,0,39,0,1,5,1,4,0,3,1,0,1,0,"0000000",88,88,88,88,88,88,0,0,0,2,1
48,480644,1,1,0,0,0,1,1,143,0,6,3,2011,1,5,35,1,2,2,"US-377                        ","                              ",7,32.30019167,-98.11544444,0,38,0,0,1,1,4,0,2,1,0,1,0,"0000000",5,43,5,54,6,28,0,0,0,1,0
48,480645,2,2,0,0,0,2,2,179,0,9,3,2011,4,5,19,0,3,3,"SR-152                        ","                              ",155,35.5485,-100.74823333,0,12,1,0,1,1,1,0,2,1,0,1,0,"0000000",5,27,5,44,7,3,0,0,0,1,0
48,480646,2,2,0,0,0,2,2,29,3942,10,3,2011,5,6,28,0,14,8,"RM471                         ","                              ",7,29.48593056,-98.62531944,0,12,1,0,1,1,1,0,3,1,0,1,0,"0000000",6,29,6,31,6,53,0,0,0,1,0
48,480647,1,1,0,0,0,2,2,257,0,11,3,2011,6,22,55,0,3,3,"SR-34                         ","                              ",103,32.45415556,-96.44167778,0,1,0,0,1,1,4,0,2,1,0,1,0,"0000000",99,99,99,99,99,99,0,0,0,1,1
48,480648,1,1,0,0,0,1,1,343,0,16,3,2011,4,19,41,0,3,3,"SR-49                         ","                              ",47,33.065475,-94.74874444,0,23,0,0,1,1,4,0,1,1,0,1,0,"0000000",88,88,88,88,88,88,0,0,0,1,0
48,480649,1,1,0,0,0,1,1,339,0,18,3,2011,6,14,36,0,4,8,"FM149                         ","                              ",110,30.47249722,-95.69443611,0,42,0,0,1,1,4,0,1,1,0,1,0,"0000000",88,88,88,88,88,88,0,0,0,1,1
48,480650,1,1,0,1,1,1,1,339,0,19,3,2011,7,20,30,0,15,8,"FM1485                        ","                              ",251,30.17210278,-95.23946944,0,8,0,0,1,1,2,0,2,1,0,1,0,"0000000",88,88,88,88,88,88,0,0,0,1,0
48,480651,1,1,0,0,0,5,5,439,2450,24,3,2011,5,12,25,1,11,1,"I-35                          ","                              ",91,32.78281111,-97.32063056,0,24,0,1,18,1,8,0,1,1,0,1,0,"0000000",12,28,12,31,13,7,0,0,0,1,0
48,480652,1,1,0,0,0,1,1,133,0,25,3,2011,6,17,55,1,1,1,"I-20                          ","                              ",138,32.50259167,-98.48178333,0,24,0,1,18,1,10,0,1,1,0,1,0,"0000000",88,88,88,88,88,88,0,0,0,1,0
48,480653,1,1,0,1,1,1,1,231,0,25,3,2011,6,4,28,1,1,7,"I-30                          ","                              ",67,33.02716944,-96.194175,0,8,0,0,1,1,1,0,2,1,0,1,0,"0000000",88,88,88,88,88,88,19,0,0,1,0
48,480654,1,1,0,0,0,1,1,59,380,26,3,2011,7,22,19,0,4,8,"BI 20T                        ","                              ",18,32.39541111,-99.40516944,0,59,0,0,1,1,4,0,3,1,0,1,0,"0000000",88,88,88,88,88,88,0,0,0,1,1
48,480655,1,1,0,0,0,1,1,167,1658,27,3,2011,1,1,50,0,3,3,"SR-87                         ","                              ",217,29.42484167,-94.69606389,0,1,0,0,1,1,4,0,2,1,0,1,0,"0000000",2,5,2,10,2,50,0,0,0,1,0
48,480656,1,1,0,1,1,1,1,201,3280,6,2,2011,1,3,28,1,13,3,"SR-6                          ","                              ",134,29.74480278,-95.64455,0,8,0,0,1,1,1,0,2,1,0,1,0,"0000000",88,88,88,88,88,88,0,0,0,1,0
48,480657,2,2,0,0,0,3,3,29,0,23,3,2011,4,20,59,0,4,8,"SL 1604                       ","                              ",69,29.21767778,-98.40707778,0,12,8,0,1,1,1,0,2,1,0,1,0,"0000000",21,2,21,9,21,12,0,0,0,1,1
48,480658,1,1,0,0,0,1,1,29,6067,24,3,2011,5,22,0,0,3,8,"FM 1518                       ","                              ",106,29.44058889,-98.22532778,0,1,0,0,1,1,4,0,2,1,0,1,0,"0000000",88,88,88,88,88,88,0,0,0,1,1
48,480659,1,1,0,0,0,4,4,325,3250,14,4,2011,5,0,5,0,16,5,"22ND ST                       ","V AVE                         ",0,29.34408333,-99.15148611,0,59,0,0,3,2,4,0,3,1,0,1,0,"0000000",99,99,99,99,99,99,0,0,0,1,1
48,480660,1,1,0,0,0,1,1,375,150,14,4,2011,5,12,34,1,11,1,"I-40                          ","                              ",213,35.19263611,-101.79051389,0,25,0,0,1,1,3,0,1,1,0,1,0,"0000000",11,49,11,56,12,39,0,0,0,1,0
48,480661,1,1,0,0,0,1,1,439,2800,14,4,2011,5,22,1,1,12,3,"SR-360                        ","                              ",84,32.80313889,-97.05396389,0,24,0,0,1,1,4,0,3,10,0,10,0,"0000000",88,88,88,88,88,88,0,0,0,1,0
48,480662,1,1,0,0,0,1,1,67,4000,15,4,2011,6,13,39,0,4,8,"FM125                         ","                              ",10,33.01909167,-94.36613333,0,42,0,0,1,1,4,0,1,6,0,6,0,"0000000",88,88,88,88,88,88,0,0,0,1,0
48,480663,2,2,0,0,0,2,2,99,1540,15,4,2011,6,23,33,0,14,8,"FM116                         ","HILL ST                       ",237,31.12935556,-97.90130556,0,12,6,0,2,2,1,0,3,1,0,1,0,"0000000",99,99,23,37,0,3,0,0,0,1,1
48,481176,1,1,0,1,1,1,1,29,6090,21,6,2011,3,21,46,1,12,2,"US-281                        ","                              ",202,29.51481944,-98.47704444,0,8,0,0,1,1,1,0,3,1,0,1,0,"0000000",88,88,88,88,88,88,0,0,0,1,0
48,481177,2,2,0,1,1,4,4,29,6090,21,6,2011,3,23,50,1,11,1,"I-410                         ","                              ",50,29.37563889,-98.638775,0,8,0,0,1,1,1,0,2,1,0,1,0,"0000000",88,88,88,88,88,88,0,0,0,1,1
48,481178,3,3,0,0,0,4,4,99,1540,21,6,2011,3,21,14,1,13,2,"US-190                        ","                              ",12,31.10103611,-97.92456111,0,12,2,0,1,1,1,0,2,10,0,10,0,"0000000",21,16,21,17,21,55,0,0,0,1,1
48,481179,2,2,0,0,0,2,2,181,1830,21,6,2011,3,14,10,1,12,2,"US-75                         ","                              ",61,33.67833333,-96.60856667,0,12,8,0,1,1,1,0,1,1,0,1,0,"0000000",88,88,88,88,88,88,0,0,0,1,0
48,481180,2,2,0,0,0,2,2,309,7210,21,6,2011,3,11,57,0,16,5,"BOSQUE BLVD                   ","NEW RD                        ",0,31.53965278,-97.18011111,0,12,6,0,2,2,1,0,1,1,0,1,0,"0000000",88,88,88,88,88,88,0,0,0,1,0