"STATE","ST_CASE","VE_TOTAL","VE_FORMS","PVH_INVL","PEDS","PERNOTMVIT","PERMVIT","PERSONS","COUNTY","CITY","DAY","MONTH","YEAR","DAY_WEEK","HOUR","MINUTE","NHS","ROAD_FNC","ROUTE","TWAY_ID","TWAY_ID2","MILEPT","LATITUDE","LONGITUD","SP_JUR","HARM_EV","MAN_COLL","RELJCT1","RELJCT2","TYP_INT","REL_ROAD","WRK_ZONE","LGT_COND","WEATHER1","WEATHER2","WEATHER","SCH_BUS","RAIL","NOT_HOUR","NOT_MIN","ARR_HOUR","ARR_MIN","HOSP_HR","HOSP_MN","CF1","CF2","CF3","FATALS","DRUNK_DR"
48,481181,1,1,0,0,0,1,1,29,6090,22,6,2011,4,0,9,0,16,5,"SPRING TIME DR                ","                              ",0,29.55276389,-98.61263889,0,42,0,0,1,1,4,0,3,1,0,1,0,"0000000",0,10,0,14,0,40,0,0,0,1,1
48,481182,1,1,0,0,0,1,1,29,6090,22,6,2011,4,1,30,1,13,8,"SL 345                        ","DATAPOINT                     ",243,29.51418333,-98.57039167,0,33,0,0,2,2,4,0,2,2,0,2,0,"0000000",88,88,88,88,88,88,0,0,0,1,1
48,481183,1,1,0,1,1,1,1,85,5390,22,6,2011,4,18,39,1,12,2,"US-75                         ","                              ",112,33.03495,-96.70598889,0,8,0,0,1,1,1,0,1,1,0,1,0,"0000000",18,46,18,53,19,8,0,0,0,1,0
48,481184,3,3,0,0,0,3,3,201,0,22,6,2011,4,13,30,1,13,3,"SR-6                          ","                              ",77,29.82768333,-95.6456,0,12,6,0,1,1,1,0,1,10,0,10,0,"0000000",99,99,99,99,99,99,0,0,0,1,0
48,481185,2,2,0,0,0,4,4,439,1654,22,6,2011,4,1,6,0,14,8,"FM 1187                       ","MAIN ST                       ",139,32.57663611,-97.33494167,0,12,6,0,2,2,1,1,2,2,0,2,0,"0000000",88,88,88,88,88,88,0,0,0,1,0
48,481186,1,1,0,1,1,1,1,441,0,22,6,2011,4,21,50,0,6,4,"107                           ","106                           ",0,32.31631111,-99.65689167,0,8,0,0,1,1,1,0,2,1,0,1,0,"0000000",21,53,22,16,22,37,0,0,0,1,0
48,481187,1,1,0,0,0,1,1,339,1510,23,6,2011,5,17,0,1,13,8,"SL 336                        ","                              ",69,30.29686389,-95.50683889,0,38,0,0,1,1,4,0,1,1,0,1,0,"0000000",16,58,17,4,17,29,0,0,0,1,0
48,481189,1,1,0,0,0,1,1,77,0,24,6,2011,6,11,5,0,4,8,"FM 810                        ","                              ",101,34.04814444,-98.27188889,0,1,0,0,1,1,4,0,1,1,0,1,0,"0000000",88,88,88,88,88,88,0,0,0,1,0
48,481190,2,2,0,0,0,3,3,183,4080,24,6,2011,6,17,43,0,16,5,"HIGH ST                       ","                              ",0,32.46166111,-94.73273056,0,12,6,0,8,1,1,0,1,1,0,1,0,"0000000",88,88,88,88,88,88,0,0,0,1,0
48,481191,3,3,0,0,0,3,3,355,1550,24,6,2011,6,22,16,1,12,3,"SR-358                        ","                              ",16,27.77881944,-97.46935833,0,12,2,1,18,1,1,0,2,1,0,1,0,"0000000",22,16,22,22,23,0,0,0,0,2,1
48,481192,1,1,0,0,0,2,2,419,1270,24,6,2011,6,20,10,1,13,3,"SR-87                         ","1039                          ",118,31.81781944,-94.19900278,0,42,0,0,3,3,4,0,2,1,0,1,0,"0000000",22,21,22,59,23,46,0,0,0,1,0
48,481193,2,2,0,0,0,3,3,451,6080,24,6,2011,6,22,0,1,13,2,"US-87                         ","OLDKNICKERBOCKER              ",278,31.441725,-100.44184444,0,12,6,0,2,2,1,0,3,1,0,1,0,"0000000",22,7,22,10,22,27,0,0,0,1,1
48,481194,2,2,0,0,0,6,6,121,4960,25,6,2011,7,18,52,1,11,1,"I-35                          ","SR-114                        ",30,33.02636944,-97.27433889,0,12,2,1,2,2,1,0,1,1,0,1,0,"0000000",19,7,19,21,19,39,0,0,0,1,0
48,481195,1,1,0,0,0,1,1,139,7270,25,6,2011,7,15,22,1,12,2,"US-287                        ","                              ",402,32.42642222,-96.86208889,0,21,0,1,18,1,3,0,1,1,0,1,0,"0000000",88,88,88,88,88,88,0,0,0,1,0
48,481196,2,2,0,0,0,2,2,201,0,25,6,2011,7,1,37,0,6,5,"SPRING CYPRESS                ","HUFFMEISTER                   ",0,29.98465833,-95.65701389,0,12,6,0,2,2,1,0,2,1,0,1,0,"0000000",1,38,1,45,2,11,0,0,0,1,1
48,481197,2,2,0,0,0,5,5,113,1730,26,6,2011,1,20,35,1,11,1,"I-35                          ","                              ",146,32.75344722,-96.8093,0,12,7,0,1,1,1,0,1,1,0,1,0,"0000000",20,43,20,47,88,88,0,0,0,1,1
48,481198,2,2,0,0,0,3,3,201,6247,26,6,2011,1,2,8,1,13,5,"NASA PKWY                     ","REPSDORPH RD                  ",93,29.56378611,-95.04317222,0,5,0,0,1,1,1,0,3,1,0,1,0,"0000000",88,88,88,88,88,88,14,0,0,1,0
48,481199,1,1,0,2,2,1,1,453,330,26,6,2011,1,2,21,1,11,7,"I-35                          ","                              ",256,30.36860278,-97.68108611,0,8,0,0,1,1,1,0,2,1,0,1,0,"0000000",88,88,88,88,88,88,0,0,0,2,0
48,481200,1,1,0,0,0,1,1,179,0,27,6,2011,2,10,50,1,1,1,"I-40                          ","                              ",172,35.22681667,-100.5517,0,1,0,0,1,1,3,0,1,1,0,1,0,"0000000",88,88,88,88,88,88,0,0,0,1,0
48,481201,1,1,0,3,3,1,1,131,0,28,6,2011,3,1,48,0,4,8,"FM1329                        ","                              ",311,27.301625,-98.27317222,0,8,0,0,1,1,1,0,2,1,0,1,0,"0000000",88,88,88,88,88,88,0,0,0,3,0
48,481202,1,1,0,1,1,1,1,355,1550,28,6,2011,3,21,40,0,16,5,"WINNEBAGO ST                  ","                              ",0,27.79923889,-97.40674167,0,8,0,0,1,1,1,0,3,1,0,1,0,"0000000",21,40,21,43,21,51,0,0,0,1,1
48,481203,2,2,0,0,0,3,3,227,0,29,6,2011,4,12,12,0,3,3,"SR-350                        ","                              ",46,32.31277778,-101.44323611,0,12,7,0,1,1,1,0,1,1,0,1,0,"0000000",12,17,12,23,13,11,0,0,0,1,0
48,481204,1,1,0,0,0,1,1,227,0,29,6,2011,4,14,20,1,1,1,"I-20                          ","                              ",185,32.22386111,-101.56476389,0,52,0,0,1,1,4,0,1,1,0,1,0,"0000000",88,88,88,88,88,88,0,0,0,1,1
48,481205,2,2,0,1,1,2,2,29,6090,30,6,2011,5,21,30,1,11,1,"I-35                          ","                              ",96,29.28965556,-98.64216389,0,8,0,0,1,1,1,0,8,98,0,98,0,"0000000",88,88,88,88,88,88,0,0,0,1,0
48,481206,1,1,0,1,1,1,1,201,0,30,6,2011,5,20,0,0,6,4,"CREEK VILLAGE DR              ","AZALEA VALLEY                 ",0,29.87926667,-95.70831944,0,8,0,0,2,2,1,0,5,1,0,1,0,"0000000",99,99,99,99,99,99,0,0,0,1,0
48,481207,2,2,0,0,0,5,5,375,0,30,6,2011,5,15,34,0,6,4,"E WILLOW CREEK DR             ","N EASTERN ST                  ",0,35.28001944,-101.77760556,0,12,6,0,2,2,1,0,1,1,0,1,0,"0000000",15,34,15,42,16,21,0,0,0,1,0
48,481208,1,1,0,1,1,1,1,201,3280,29,3,2011,3,8,10,0,16,5,"WESTPARK                      ","RAMPART                       ",0,29.72376389,-95.48902222,0,8,0,0,2,3,1,0,1,10,0,10,0,"0000000",8,13,8,14,8,30,0,0,0,1,0
48,481209,1,1,0,0,0,2,2,43,6827,8,4,2011,6,20,47,0,4,8,"FM170                         ","                              ",165,29.32722778,-103.55253611,0,1,0,0,1,1,4,0,5,1,0,1,0,"0000000",99,99,20,59,23,5,0,0,0,1,1
48,481754,1,1,0,0,0,1,1,29,6090,1,9,2011,5,2,30,0,16,5,"THOUSAND OAKS                 ","                              ",0,29.57628333,-98.440525,0,43,0,0,1,1,4,0,3,1,0,1,0,"0000000",88,88,88,88,88,88,0,0,0,1,1
48,481858,1,1,0,0,0,1,1,441,30,27,9,2011,3,15,14,0,16,5,"GRAPE ST                      ","                              ",0,32.44956944,-99.74172222,0,10,0,0,6,1,1,0,1,1,0,1,0,"796044Y",88,88,88,88,88,88,0,0,0,1,0
48,481859,4,4,0,0,0,9,9,85,5390,30,9,2011,6,15,11,1,12,7,"US-75                         ","                              ",108,33.04001667,-96.702675,0,12,6,1,5,1,1,0,1,1,0,1,0,"0000000",88,88,88,88,88,88,14,0,0,1,0
48,481860,2,2,0,0,0,2,2,201,0,30,9,2011,6,22,26,1,13,8,"FM 2100                       ","                              ",1,30.02209167,-95.0902,0,12,2,0,1,1,11,0,2,1,0,1,0,"0000000",22,45,23,3,23,26,0,0,0,1,2
48,481861,1,1,0,2,2,1,1,439,2450,15,5,2011,1,0,37,1,13,3,"SR-180                        ","CHESTER ST                    ",149,32.7461,-97.30186389,0,8,0,0,2,3,1,0,3,1,0,1,0,"0000000",88,88,88,88,88,88,0,0,0,1,1
48,481863,1,1,0,0,0,2,2,135,0,30,7,2011,7,2,48,0,6,4,"38TH                          ","                              ",0,31.88361667,-102.36812778,0,38,0,0,1,1,4,0,2,1,0,1,0,"0000000",99,99,99,99,2,55,20,0,0,1,1
48,481864,2,2,0,0,0,3,3,439,2450,1,8,2011,2,2,15,1,11,1,"I-30                          ","                              ",146,32.73838056,-97.47568611,0,12,1,0,1,1,1,0,3,1,0,1,0,"0000000",88,88,88,88,88,88,0,0,0,2,1
48,481865,1,1,0,0,0,1,1,201,3280,2,8,2011,3,2,0,0,16,5,"BRIAR FOREST DR               ","                              ",0,29.74851389,-95.58863889,0,42,0,0,1,1,3,0,3,1,0,1,0,"0000000",88,88,88,88,88,88,0,0,0,1,1
48,481866,1,1,0,0,0,1,1,29,6090,5,8,2011,6,6,30,0,16,5,"GILLETTE BLVD                 ","                              ",0,29.33036111,-98.507925,0,53,0,0,1,1,4,0,3,1,0,1,0,"0000000",88,88,88,88,88,88,0,0,0,1,1
48,481867,1,1,0,1,1,1,1,201,3280,11,8,2011,5,13,10,0,16,5,"LAKE HOUSTON PKWY             ","KINGWOOD DR                   ",0,30.05011944,-95.18435,0,8,0,0,2,2,1,0,1,1,0,1,0,"0000000",13,21,13,22,14,9,0,0,0,1,0
48,481868,1,1,0,0,0,1,1,13,0,15,8,2011,2,1,45,0,3,3,"SR-16                         ","                              ",257,28.81328611,-98.54001389,0,1,0,0,1,1,4,0,2,1,0,1,0,"0000000",88,88,88,88,88,88,0,0,0,1,0
48,481869,1,1,0,0,0,1,1,203,0,16,8,2011,3,6,48,0,4,8,"FM31                          ","                              ",75,32.467625,-94.26325278,0,38,0,0,1,1,4,0,2,1,0,1,0,"0000000",88,88,88,88,88,88,0,0,0,1,1
48,481870,1,1,0,1,1,1,1,3,0,18,8,2011,5,2,11,1,2,2,"US-385                        ","                              ",183,32.263875,-102.52857778,0,8,0,0,1,1,1,0,2,1,0,1,0,"0000000",88,88,88,88,88,88,0,0,0,1,0
48,481871,1,1,0,0,0,1,1,201,3280,21,8,2011,1,2,43,0,16,5,"BINGLE RD                     ","KEMPRIDGE ST                  ",0,29.81674167,-95.50106111,0,42,0,0,3,3,4,0,3,10,0,10,0,"0000000",2,43,2,48,3,28,0,0,0,1,1
48,481872,1,1,0,0,0,1,1,201,3280,21,8,2011,1,18,0,1,11,1,"I-10                          ","                              ",269,29.76736667,-95.36095278,0,25,0,1,5,1,4,0,1,1,0,1,0,"0000000",88,88,88,88,88,88,0,0,0,1,0
48,481873,2,2,0,0,0,2,2,201,1629,23,8,2011,3,15,0,0,4,8,"FM1942                        ","BOHEMIAN HALL RD              ",35,29.87659722,-95.02362778,0,12,2,0,2,3,1,0,1,1,0,1,0,"0000000",15,8,15,21,16,5,0,0,0,1,0
48,481874,1,1,0,0,0,1,1,499,0,23,8,2011,3,20,2,0,4,8,"FM852                         ","                              ",36,32.92417778,-95.2438,0,1,0,0,1,1,4,0,2,1,0,1,0,"0000000",88,88,88,88,88,88,0,0,0,1,0
48,481875,2,2,0,0,0,2,2,21,0,24,8,2011,4,8,17,0,3,3,"SR-95                         ","                              ",25,30.37498611,-97.36963611,0,12,6,0,1,1,1,0,1,1,0,1,0,"0000000",88,88,88,88,88,88,0,0,0,1,0
48,481876,2,2,0,0,0,4,4,71,0,25,8,2011,5,9,3,0,4,3,"SR-65                         ","                              ",4,29.78825278,-94.63434167,0,12,2,0,1,1,1,0,1,2,0,2,0,"0000000",99,99,99,99,99,99,0,0,0,1,0
48,481877,1,1,0,0,0,1,1,203,0,25,8,2011,5,14,20,0,4,8,"FM968                         ","                              ",180,32.52054444,-94.44583889,0,32,0,0,1,1,4,0,1,1,0,1,0,"0000000",88,88,88,88,88,88,0,0,0,1,0
48,481878,1,1,0,0,0,3,3,149,0,26,8,2011,6,23,57,0,4,8,"FM1291                        ","                              ",7,30.14111944,-96.79203889,0,1,0,0,1,1,1,0,2,1,0,1,0,"0000000",0,10,0,33,1,37,0,0,0,3,1
48,481879,2,2,0,0,0,3,3,201,0,28,8,2011,1,14,3,0,6,4,"SPRING STUEBNER RD            ","                              ",0,30.083725,-95.48958611,0,12,2,0,1,1,1,0,1,1,0,1,0,"0000000",14,3,14,11,15,0,0,0,0,1,0
48,481880,1,1,0,0,0,4,4,371,0,28,8,2011,1,10,0,1,1,1,"I-10                          ","                              ",8,30.89734722,-103.00438056,0,1,0,0,1,1,4,0,1,1,0,1,0,"0000000",10,3,10,8,10,37,0,0,0,2,0
48,481881,2,2,0,0,0,2,2,1,0,29,8,2011,2,12,15,1,2,2,"US-79                         ","                              ",81,31.69140278,-95.73113056,0,12,6,0,1,1,1,0,1,1,0,1,0,"0000000",88,88,88,88,88,88,0,0,0,1,0
48,481882,1,1,0,0,0,1,1,329,0,30,8,2011,3,9,22,0,6,4,"1090                          ","                              ",0,32.06137222,-101.92428611,0,1,0,0,1,1,4,0,1,1,0,1,0,"0000000",9,9,9,21,9,44,0,0,0,1,0
48,481883,2,2,0,0,0,2,2,423,0,1,9,2011,5,22,23,0,4,8,"FM346                         ","                              ",188,32.16818056,-95.13146944,0,12,6,0,1,1,1,0,2,10,0,10,0,"0000000",88,88,88,88,88,88,0,0,0,1,1
48,481884,1,1,0,0,0,3,3,453,0,1,9,2011,5,0,36,1,12,3,"SR-71                         ","                              ",2,30.18805556,-97.61713056,0,1,0,0,1,1,4,0,2,1,0,1,0,"0000000",0,36,0,49,1,18,0,0,0,1,1
48,481885,2,2,0,0,0,2,2,453,0,1,9,2011,5,7,13,0,6,4,"THAXTON RD                    ","                              ",0,30.12314444,-97.74153056,0,12,6,0,8,1,1,0,1,1,0,1,0,"0000000",7,15,7,26,7,58,0,0,0,1,0
48,481886,2,2,0,0,0,5,5,339,0,3,9,2011,7,23,13,1,2,3,"SR-105                        ","                              ",321,30.33148056,-95.30490556,0,12,2,0,1,1,1,1,2,2,0,2,0,"0000000",23,25,23,43,23,49,0,0,0,1,0
48,481887,1,1,0,0,0,2,2,453,0,3,9,2011,7,22,20,0,6,4,"DEE GABRIEL COLLINS           ","                              ",0,30.17498889,-97.71278889,0,52,0,0,1,1,4,0,2,1,0,1,0,"0000000",99,99,99,99,99,99,0,0,0,1,0
48,481888,4,4,0,0,0,10,10,201,3280,4,9,2011,1,0,20,0,16,5,"W BELLFORT AVE                ","S POST OAK BLVD               ",0,29.67063056,-95.46218056,0,12,1,0,3,2,1,0,3,2,0,2,0,"0000000",0,20,0,25,1,5,0,0,0,1,0
48,481889,4,4,0,0,0,8,8,53,0,5,9,2011,2,18,22,1,2,3,"SR-71                         ","401                           ",52,30.50023333,-98.26781389,0,12,1,0,3,2,1,0,1,1,0,1,0,"0000000",18,25,18,33,99,99,0,0,0,1,1
48,481890,1,1,0,1,1,2,2,55,0,5,9,2011,2,21,45,1,1,1,"I-10                          ","                              ",20,29.65397222,-97.56992222,0,8,0,0,1,1,1,0,2,1,0,1,0,"0000000",88,88,88,88,88,88,0,0,0,1,0
48,480114,1,1,0,0,0,2,2,201,0,26,1,2011,4,0,0,0,16,5,"WESTHEIMER PKWY               ","                              ",0,29.73702778,-95.72916389,0,42,0,0,1,1,3,0,2,10,0,10,0,"0000000",0,5,0,10,1,7,0,0,0,1,1
48,480115,1,1,0,1,1,2,2,361,7200,26,1,2011,4,18,16,1,11,7,"I-10                          ","                              ",116,30.13018056,-93.91916944,0,8,0,0,1,1,1,0,2,1,0,1,0,"0000000",88,88,88,88,88,88,0,0,0,1,0
48,480116,1,1,0,1,1,1,1,375,150,26,1,2011,4,0,40,0,16,5,"GEORGIA ST                    ","                              ",0,35.18643611,-101.86626389,0,8,0,0,1,1,1,0,3,1,0,1,0,"0000000",88,88,88,88,88,88,0,0,0,1,0
48,480117,1,1,0,1,1,1,1,113,1730,27,1,2011,5,20,31,0,16,5,"SHADY BROOK LN                ","BLACKWELL ST                  ",0,32.86740556,-96.76349167,0,8,0,0,1,1,1,0,2,1,0,1,0,"0000000",20,34,20,38,20,49,0,0,0,1,0
48,480118,2,2,0,0,0,2,2,113,2010,27,1,2011,5,13,54,0,16,5,"KATHERINE CRT                 ","ACTON AVE                     ",0,32.64211667,-96.90096389,0,12,6,0,2,2,1,0,1,1,0,1,0,"0000000",88,88,88,88,88,88,0,0,0,1,0
48,480119,2,2,0,0,0,5,5,161,0,27,1,2011,5,18,48,0,6,4,"930                           ","971                           ",0,31.68649167,-96.41776389,0,12,6,0,3,3,1,0,2,1,0,1,0,"0000000",19,9,19,29,20,24,0,0,0,1,1
48,480120,1,1,0,1,1,1,1,201,3280,27,1,2011,5,18,30,0,16,5,"GESSNER                       ","                              ",0,29.79131389,-95.54460556,0,8,0,0,1,1,1,0,3,1,0,1,0,"0000000",18,28,18,29,18,52,0,0,0,1,0
48,480122,2,2,0,0,0,2,2,439,2800,27,1,2011,5,10,30,1,12,3,"SR-360                        ","                              ",85,32.80161111,-97.05462222,0,12,6,0,1,1,1,0,1,1,0,1,0,"0000000",10,32,10,42,11,15,0,0,0,1,0
48,480123,1,1,0,0,0,1,1,453,330,27,1,2011,5,2,33,1,12,3,"SR-45                         ","                              ",51,30.17466389,-97.88861389,0,1,0,0,1,1,3,0,2,1,0,1,0,"0000000",2,33,2,38,3,14,0,0,0,1,1
48,480124,2,2,0,0,0,3,3,201,0,28,1,2011,6,12,24,1,11,1,"I-45                          ","                              ",408,29.99491111,-95.42484722,0,25,0,0,1,1,3,0,1,1,0,1,0,"0000000",12,24,12,41,13,32,19,0,0,1,0
48,480125,2,2,0,0,0,2,2,347,4810,28,1,2011,6,19,2,0,14,8,"BU59                          ","BEALL ST                      ",199,31.62869722,-94.65251111,0,12,6,0,2,3,1,0,3,1,0,1,0,"0000000",19,7,19,10,19,19,0,0,0,1,0
48,480126,3,3,0,0,0,5,5,367,7280,28,1,2011,6,11,43,1,11,1,"I-20                          ","                              ",216,32.74386111,-97.74476111,0,12,1,0,1,1,1,1,1,1,0,1,0,"0000000",99,99,99,99,99,99,0,0,0,1,0
48,480127,2,2,0,0,0,3,3,177,0,29,1,2011,7,11,17,1,2,2,"US-183                        ","                              ",140,29.46186944,-97.43705833,0,12,6,0,8,1,1,0,1,1,0,1,0,"0000000",99,99,99,99,99,99,0,0,0,1,0
48,480128,1,1,0,0,0,2,2,265,0,29,1,2011,7,0,30,0,4,3,"SR-39                         ","                              ",166,30.06895556,-99.28596944,0,42,0,0,1,1,4,0,2,10,0,10,0,"0000000",88,88,88,88,88,88,0,0,0,2,1
48,480129,1,1,0,0,0,6,6,337,0,29,1,2011,7,7,20,1,2,2,"US-287                        ","                              ",103,33.58108889,-97.90103611,0,1,0,0,1,1,4,0,1,1,0,1,0,"0000000",7,24,7,28,7,57,0,0,0,1,0
48,480130,1,1,0,1,1,1,1,29,6090,30,1,2011,1,2,40,1,13,8,"SL345                         ","DATAPOINT                     ",243,29.51418056,-98.57040556,0,8,0,0,2,2,1,0,3,1,0,1,0,"0000000",88,88,88,88,88,88,0,0,0,1,0
48,480131,2,1,1,0,0,1,1,141,2190,30,1,2011,1,21,11,1,13,3,"SR-20                         ","                              ",139,31.8329,-106.53692778,0,14,0,0,1,1,4,0,3,1,0,1,0,"0000000",88,88,88,88,88,88,0,0,0,1,1
48,480132,2,2,0,0,0,6,6,479,3899,30,1,2011,1,10,31,1,13,3,"SR-359                        ","                              ",61,27.48523611,-99.35844167,0,12,6,0,1,1,2,0,1,1,0,1,0,"0000000",10,37,10,46,11,11,0,0,0,1,0
48,480133,2,2,0,0,0,2,2,355,1550,31,1,2011,2,16,45,1,11,1,"I-37                          ","                              ",164,27.89402222,-97.62873889,0,12,1,0,1,1,1,0,1,10,0,10,0,"0000000",99,99,99,99,99,99,0,0,0,1,0
48,480134,2,2,0,0,0,4,4,477,0,1,1,2011,7,15,4,0,4,8,"FM 390                        ","                              ",57,30.29016389,-96.38856667,0,12,2,0,1,1,1,0,1,1,0,1,0,"0000000",88,88,88,88,88,88,0,0,0,1,0
48,480135,1,1,0,1,1,1,1,139,0,5,1,2011,4,1,23,1,11,1,"I-45                          ","                              ",192,32.4838,-96.66431944,0,8,0,0,1,1,1,0,2,1,0,1,0,"0000000",88,88,88,88,88,88,0,0,0,1,0
48,480136,1,1,0,1,1,2,2,257,0,5,1,2011,4,16,2,0,3,3,"SR-34                         ","                              ",81,32.62746111,-96.26700833,0,8,0,0,1,1,1,0,1,1,0,1,1,"0000000",88,88,88,88,88,88,0,0,0,1,0
48,480137,2,2,0,0,0,2,2,199,0,6,1,2011,5,19,53,1,2,3,"SR-105                        ","                              ",10,30.25094444,-94.63022778,0,12,2,0,1,1,1,0,2,1,0,1,0,"0000000",19,57,20,28,21,25,0,0,0,1,0
48,480138,1,1,0,0,0,1,1,231,0,6,1,2011,5,7,34,0,4,8,"FM 2101                       ","                              ",43,33.03763333,-96.05510833,0,38,0,0,1,1,4,0,1,1,0,1,0,"0000000",88,88,88,88,88,88,0,0,0,1,0
48,480139,1,1,0,0,0,1,1,339,6884,7,1,2011,6,2,20,0,14,3,"SR-242                        ","                              ",23,30.20295,-95.48727222,0,42,0,0,1,1,4,0,2,1,0,1,0,"0000000",2,22,2,28,3,11,0,0,0,1,1
48,480140,2,2,0,0,0,3,3,85,0,9,1,2011,1,10,8,1,2,3,"SR-121                        ","                              ",13,33.39346944,-96.38802778,0,12,6,0,1,1,1,0,1,3,0,3,0,"0000000",9,56,10,8,10,54,0,0,0,1,0
48,480141,2,2,0,0,0,3,3,231,0,9,1,2011,1,11,30,1,2,3,"SR-66                         ","                              ",78,33.08521389,-96.19886389,0,12,6,0,1,1,1,0,1,3,4,4,0,"0000000",11,39,11,45,13,5,0,0,0,2,0
48,480142,2,2,0,0,0,2,2,439,2450,10,1,2011,2,14,15,0,16,5,"MCCART                        ","                              ",0,32.68581944,-97.35313611,0,12,8,0,1,1,1,0,1,10,0,10,0,"0000000",14,18,14,21,15,1,0,0,0,1,1
48,480143,1,1,0,1,1,1,1,339,0,11,1,2011,3,23,5,0,6,4,"OLD HOUSTON RD                ","                              ",0,30.22565,-95.30331111,0,8,0,0,1,1,1,0,2,1,0,1,0,"0000000",88,88,88,88,88,88,0,0,0,1,0
48,480144,1,1,0,0,0,3,3,231,0,12,1,2011,4,21,30,0,4,8,"FM118                         ","                              ",18,33.2002,-96.07400278,0,42,0,0,1,1,4,0,2,1,0,1,0,"0000000",21,58,22,9,99,99,0,0,0,1,1
48,480145,3,3,0,0,0,3,3,453,0,12,1,2011,4,6,59,1,13,2,"US-290                        ","                              ",18,30.22644167,-97.94574444,0,12,2,0,1,1,1,0,3,1,0,1,0,"0000000",7,15,7,24,8,10,0,0,0,2,0
48,480146,1,1,0,0,0,1,1,157,0,13,1,2011,5,18,55,0,6,4,"REESE LAKE DR                 ","CANYON FIELDS DR              ",0,29.68983889,-95.82746111,0,33,0,0,3,3,4,0,3,10,0,10,0,"0000000",99,99,99,99,19,7,0,0,0,1,0
48,480147,1,1,0,0,0,1,1,339,0,15,1,2011,7,7,15,0,6,4,"FORD RD                       ","                              ",0,30.09651667,-95.21181111,0,38,0,0,1,1,4,0,1,2,0,2,0,"0000000",88,88,88,88,88,88,0,0,0,1,0
48,480664,1,1,0,0,0,1,1,149,0,15,4,2011,6,18,10,0,6,4,"THREE MILE RD                 ","                              ",0,29.775175,-97.19505,0,38,0,0,1,1,4,0,1,1,0,1,0,"0000000",18,20,18,30,19,18,0,0,0,1,1
48,480665,1,1,0,0,0,1,1,175,0,15,4,2011,6,0,10,1,2,2,"US-59                         ","                              ",173,28.52444444,-97.60518611,0,23,0,0,1,1,4,0,2,10,0,10,0,"0000000",99,99,99,99,99,99,0,0,0,1,1
48,480666,2,2,0,0,0,2,2,201,3280,15,4,2011,6,10,30,1,12,8,"SL8                           ","                              ",130,29.77069167,-95.56236389,0,12,7,0,1,1,1,0,1,1,0,1,0,"0000000",88,88,88,88,88,88,0,0,0,1,0
48,480667,1,1,0,0,0,4,4,361,0,15,4,2011,6,2,0,0,3,3,"SR-62                         ","HICORY BEND DR                ",16,30.235275,-93.8905,0,30,0,0,3,1,4,0,2,1,0,1,0,"0000000",2,7,2,21,3,23,0,0,0,1,1
48,480668,3,3,0,0,0,6,6,365,0,15,4,2011,6,18,51,0,3,2,"US-79                         ","107                           ",58,32.15981111,-94.416975,0,12,9,0,3,3,1,0,1,1,0,1,0,"0000000",18,53,19,1,19,50,0,0,0,1,0
48,480669,1,1,0,1,1,1,1,453,330,15,4,2011,6,22,17,1,13,8,"FM2304                        ","DITTMAR RD                    ",41,30.18595556,-97.81627222,0,33,0,0,3,2,4,0,3,1,0,1,0,"0000000",88,88,88,88,88,88,20,0,0,1,0
48,480670,1,1,0,1,1,1,1,61,3030,16,4,2011,7,2,9,0,16,5,"AUSTIN ST                     ","N 9TH ST                      ",0,26.20219444,-97.68683333,0,9,0,0,2,3,1,0,3,1,0,1,0,"0000000",2,15,2,24,2,39,0,0,0,1,1
48,480671,1,1,0,1,1,3,3,113,1730,16,4,2011,7,22,55,0,14,3,"SR-78                         ","                              ",140,32.82789722,-96.70914167,0,8,0,0,1,1,1,0,3,1,0,1,0,"0000000",23,1,23,5,23,16,0,0,0,1,0
48,480672,2,2,0,0,0,3,3,157,6568,16,4,2011,7,13,30,1,12,7,"US-59                         ","CORPORATE DR                  ",16,29.63181111,-95.58983056,0,12,1,0,2,3,1,0,1,1,0,1,0,"0000000",13,51,14,15,14,54,0,0,0,1,0
48,480673,2,2,0,0,0,2,2,177,0,16,4,2011,7,20,42,1,2,2,"US-87                         ","                              ",32,29.27369444,-97.73734444,0,12,2,0,1,1,1,0,2,1,0,1,0,"0000000",88,88,88,88,88,88,0,0,0,2,1
48,480674,1,1,0,0,0,1,1,201,3280,16,4,2011,7,21,15,1,11,1,"I-610RAMP                     ","                              ",67,29.74922222,-95.45625556,0,25,0,1,5,1,4,0,3,1,0,1,0,"0000000",21,15,21,28,21,43,0,0,0,1,1
48,480675,1,1,0,0,0,2,2,357,5300,16,4,2011,7,19,22,0,15,8,"SL 143                        ","COUNTY RD 17                  ",96,36.41818611,-100.78435556,0,43,0,0,2,4,4,0,1,1,0,1,0,"0000000",19,30,19,34,19,53,0,0,0,1,0
48,480676,1,1,0,0,0,1,1,363,4630,16,4,2011,7,0,50,1,13,2,"US-180                        ","12TH AVE                      ",348,32.806975,-98.12898056,0,24,0,0,3,3,3,0,3,1,0,1,0,"0000000",88,88,88,88,88,88,0,0,0,1,1
48,480677,2,2,0,0,0,4,4,385,0,16,4,2011,7,13,55,0,5,8,"RM 336                        ","                              ",155,29.86815833,-99.78934444,0,1,0,0,1,1,1,0,1,1,0,1,0,"0000000",88,88,88,88,88,88,0,0,0,1,0