"STATE","ST_CASE","VE_TOTAL","VE_FORMS","PVH_INVL","PEDS","PERNOTMVIT","PERMVIT","PERSONS","COUNTY","CITY","DAY","MONTH","YEAR","DAY_WEEK","HOUR","MINUTE","NHS","ROAD_FNC","ROUTE","TWAY_ID","TWAY_ID2","MILEPT","LATITUDE","LONGITUD","SP_JUR","HARM_EV","MAN_COLL","RELJCT1","RELJCT2","TYP_INT","REL_ROAD","WRK_ZONE","LGT_COND","WEATHER1","WEATHER2","WEATHER","SCH_BUS","RAIL","NOT_HOUR","NOT_MIN","ARR_HOUR","ARR_MIN","HOSP_HR","HOSP_MN","CF1","CF2","CF3","FATALS","DRUNK_DR"
48,480678,1,1,0,0,0,1,1,479,3899,16,4,2011,7,11,56,1,2,8,"FM 1472                       ","                              ",104,27.65539167,-99.56470556,0,1,0,0,1,1,4,0,1,1,0,1,0,"0000000",88,88,88,88,88,88,0,0,0,1,0
48,480679,1,1,0,0,0,1,1,61,0,17,4,2011,1,13,23,0,4,8,"FM 2925                       ","                              ",94,26.31064167,-97.51805,0,1,0,0,1,1,4,0,1,1,0,1,0,"0000000",88,88,88,88,88,88,0,0,0,1,1
48,480680,2,2,0,0,0,2,2,85,5390,17,4,2011,1,13,46,0,16,5,"INDEPENDENCE PKWY             ","                              ",0,33.04014444,-96.75324722,0,12,6,0,8,1,1,0,1,1,0,1,0,"0000000",13,46,13,50,13,59,0,0,0,1,0
48,480681,1,1,0,0,0,6,6,113,1730,17,4,2011,1,20,50,0,16,5,"WEBB CHAPEL EXT               ","                              ",0,32.8607,-96.865425,0,30,0,0,1,1,4,0,3,1,0,1,0,"0000000",21,0,21,4,21,29,0,0,0,1,0
48,480682,2,2,0,0,0,2,2,113,9997,17,4,2011,1,23,5,1,12,3,"SR-121                        ","                              ",5,32.97671944,-97.02500278,0,12,2,0,1,1,1,0,2,1,0,1,0,"0000000",23,38,23,59,0,24,0,0,0,1,1
48,480683,2,2,0,0,0,4,4,141,2190,17,4,2011,1,7,57,1,13,3,"SR-20                         ","SL375                         ",334,31.67993056,-106.31245,0,12,6,0,2,2,1,0,1,1,0,1,0,"0000000",8,7,8,18,8,43,0,0,0,1,0
48,480684,2,2,0,0,0,2,2,175,0,17,4,2011,1,12,29,0,3,2,"US-183                        ","OLD GOLIAD RD                 ",63,28.70734722,-97.38746944,0,12,6,0,2,3,1,0,1,10,0,10,0,"0000000",12,30,12,36,13,23,0,0,0,1,0
48,480685,1,1,0,1,1,2,2,201,9997,17,4,2011,1,0,4,1,13,8,"FM528                         ","                              ",21,29.52391667,-95.14730833,0,8,0,0,1,1,1,0,2,1,0,1,0,"0000000",0,8,0,17,0,33,0,0,0,1,1
48,480686,2,2,0,0,0,3,3,201,3280,17,4,2011,1,15,19,0,16,5,"ALMEDA GENOA RD               ","MYKAWA RD                     ",0,29.62086667,-95.30463056,0,12,6,0,2,2,1,0,1,1,0,1,0,"0000000",88,88,88,88,88,88,0,0,0,1,0
48,480687,2,2,0,0,0,1,1,245,490,17,4,2011,1,21,31,1,11,7,"I-10                          ","                              ",4,30.07591944,-94.13591667,0,12,7,0,1,1,1,0,6,1,0,1,0,"0000000",21,33,21,33,21,53,0,0,0,1,1
48,480688,2,2,0,0,0,2,2,273,3700,17,4,2011,1,18,22,1,12,7,"SR-77                         ","LOUISIANA AVE                 ",46,27.51135556,-97.84099722,0,12,1,0,2,3,1,8,1,1,0,1,0,"0000000",18,24,18,27,19,8,0,0,0,1,0
48,480689,1,1,0,0,0,3,3,329,0,17,4,2011,1,7,38,0,4,8,"FM1788                        ","                              ",214,31.78958889,-102.17677778,0,1,0,0,1,1,4,0,1,1,0,1,0,"0000000",7,41,8,9,8,26,0,0,0,1,0
48,480690,1,1,0,0,0,1,1,365,0,17,4,2011,1,6,28,1,2,2,"US-79                         ","                              ",162,32.22635278,-94.22263889,0,53,0,0,1,1,4,0,4,1,0,1,0,"0000000",88,88,88,88,88,88,0,0,0,1,1
48,480691,1,1,0,0,0,2,2,201,0,18,4,2011,2,0,53,1,11,1,"I-45                          ","                              ",427,30.02305556,-95.42879722,0,59,0,0,1,1,10,0,3,1,0,1,0,"0000000",0,58,1,5,2,19,0,0,0,1,1
48,480692,1,1,0,1,1,1,1,439,260,18,4,2011,2,21,10,1,13,8,"FM 157                        ","                              ",181,32.69319444,-97.12735833,0,8,0,0,1,1,1,0,3,1,0,1,0,"0000000",21,7,21,10,21,27,0,0,0,1,0
48,480693,1,1,0,0,0,5,5,157,4655,19,4,2011,3,7,25,0,16,5,"FORT BEND PKWY                ","                              ",0,29.53536389,-95.50331111,0,24,0,0,1,1,4,8,1,1,0,1,0,"0000000",88,88,88,88,88,88,0,0,0,1,0
48,480694,1,1,0,0,0,2,2,167,0,19,4,2011,3,4,45,0,6,4,"ELM                           ","                              ",0,29.50764444,-94.99654722,0,18,0,0,1,1,1,0,2,10,0,10,0,"0000000",4,49,4,56,5,40,0,0,0,1,0
48,480695,2,2,0,0,0,2,2,303,6410,19,4,2011,3,14,15,1,13,2,"US-84                         ","                              ",334,33.46135833,-101.672225,0,12,2,0,1,1,1,0,1,1,0,1,0,"0000000",88,88,88,88,88,88,0,0,0,1,0
48,480696,1,1,0,0,0,1,1,423,0,19,4,2011,3,7,25,0,3,3,"SR-64                         ","                              ",283,32.30295278,-95.169725,0,32,0,0,1,1,4,0,1,1,0,1,0,"0000000",88,88,88,88,88,88,0,0,0,1,0
48,481210,1,1,0,0,0,4,4,389,0,22,4,2011,6,15,53,1,1,1,"I-20                          ","                              ",311,31.32662222,-103.76332778,0,1,0,0,1,1,3,0,1,1,0,1,0,"0000000",99,99,99,99,99,99,0,0,0,2,0
48,481211,2,2,0,1,1,2,2,201,3280,30,4,2011,7,1,50,1,13,2,"US-90A                        ","ALLEGHENY                     ",120,29.70150278,-95.37181111,0,8,0,0,2,2,1,0,3,2,0,2,0,"0000000",88,88,88,88,88,88,0,0,0,1,0
48,481212,1,1,0,0,0,1,1,201,3280,8,5,2011,1,6,20,1,12,7,"SL 8                          ","DICKINSON RD                  ",273,29.60438611,-95.20946111,0,33,0,1,2,3,4,0,1,10,0,10,0,"0000000",6,20,6,25,6,56,0,0,0,1,0
48,481213,1,1,0,0,0,1,1,5,4160,15,5,2011,1,2,59,1,13,2,"US-59                         ","                              ",29,31.28495,-94.73068056,0,1,0,0,1,1,4,0,3,1,0,1,0,"0000000",88,88,88,88,88,88,0,0,0,1,1
48,481214,3,3,0,0,0,5,5,27,6810,15,5,2011,1,16,14,1,11,1,"I-35                          ","                              ",211,31.08763889,-97.39635278,0,12,2,0,5,1,1,0,1,1,0,1,0,"0000000",16,16,16,20,16,42,0,0,0,1,0
48,481215,1,1,0,0,0,1,1,339,0,28,5,2011,7,6,26,0,3,8,"FM 1314                       ","                              ",166,30.13681389,-95.28974444,0,32,0,0,1,1,4,0,1,1,0,1,0,"0000000",88,88,88,88,88,88,0,0,0,1,1
48,481216,1,1,0,0,0,2,2,473,0,28,5,2011,7,1,45,0,4,8,"FM 359                        ","                              ",130,30.0404,-96.03811389,0,52,0,0,1,1,4,0,2,1,0,1,0,"0000000",2,2,2,10,3,29,0,0,0,1,1
48,481217,1,1,0,0,0,1,1,481,0,30,5,2011,2,15,0,0,6,4,"135                           ","                              ",0,29.36727222,-96.06808889,0,32,0,0,1,1,4,0,1,1,0,1,0,"0000000",15,11,15,31,16,5,0,0,0,1,0
48,481218,2,2,0,0,0,3,3,223,1680,2,6,2011,5,15,17,1,1,1,"I-30                          ","                              ",3,33.12957222,-95.85794444,0,12,1,0,1,1,1,1,1,1,0,1,0,"0000000",88,88,88,88,88,88,0,0,0,1,0
48,481219,2,2,0,0,0,2,2,21,0,3,6,2011,6,21,31,0,3,3,"SR-95                         ","                              ",34,30.29568333,-97.34398611,0,12,2,0,8,1,1,0,2,1,0,1,0,"0000000",21,34,21,40,22,48,0,0,0,1,0
48,481220,1,1,0,0,0,1,1,229,0,4,6,2011,7,4,13,0,4,8,"BI 10                         ","                              ",21,31.17260278,-105.34708056,0,59,0,0,1,1,4,0,2,1,0,1,0,"0000000",4,20,5,0,6,16,0,0,0,1,1
48,481221,1,1,0,0,0,1,1,201,480,5,6,2011,1,2,6,1,12,3,"SR-146                        ","                              ",150,29.73231389,-94.99445556,0,1,0,0,1,1,3,0,2,1,0,1,0,"0000000",2,17,2,34,3,8,0,0,0,1,0
48,481222,1,1,0,0,0,7,7,313,0,5,6,2011,1,12,42,1,1,1,"I-45                          ","                              ",131,31.01661389,-95.92454167,0,1,0,0,1,1,4,0,1,1,0,1,0,"0000000",12,54,13,2,14,4,0,0,0,1,0
48,481223,1,1,0,0,0,2,2,339,0,5,6,2011,1,15,10,0,6,4,"FOSTORIA                      ","                              ",0,30.30804444,-95.15283333,0,1,0,0,1,1,4,0,1,10,0,10,0,"0000000",15,6,15,26,16,16,0,0,0,1,0
48,481224,1,1,0,0,0,1,1,491,1242,7,6,2011,3,14,22,0,16,4,"180                           ","FAIRWEATHER                   ",0,30.52442778,-97.86412778,0,1,0,0,1,1,1,1,1,1,0,1,0,"0000000",14,22,14,33,14,54,0,0,0,1,0
48,481225,2,2,0,0,0,2,2,453,0,8,6,2011,4,9,40,1,13,2,"US-183                        ","                              ",324,30.13992778,-97.69648333,0,53,0,0,1,1,4,0,1,1,0,1,0,"0000000",88,88,88,88,88,88,0,0,0,1,1
48,481226,2,2,0,0,0,2,2,139,0,9,6,2011,5,6,8,0,4,8,"FM 66                         ","                              ",119,32.33783889,-96.94392778,0,12,1,0,1,1,1,0,4,1,0,1,0,"0000000",6,9,6,20,6,49,0,0,0,1,1
48,481227,1,1,0,0,0,1,1,453,330,9,6,2011,5,13,42,0,14,8,"FM 2304                       ","                              ",51,30.17308611,-97.82400556,0,1,0,0,8,1,1,0,1,1,0,1,0,"0000000",13,43,13,48,14,11,0,0,0,1,0
48,481228,1,1,0,0,0,1,1,277,0,10,6,2011,6,10,5,0,6,4,"33900                         ","                              ",0,33.76529444,-95.55719722,0,1,0,0,1,1,4,0,1,1,0,1,0,"0000000",99,99,99,99,99,99,0,0,0,1,1
48,481229,2,1,1,0,0,1,1,291,0,10,6,2011,6,19,3,1,2,3,"SR-105                        ","                              ",198,30.24704167,-94.71338611,0,34,0,0,1,1,4,0,1,1,0,1,0,"0000000",19,15,19,38,20,12,0,0,0,1,0
48,481230,4,4,0,0,0,10,10,309,7210,10,6,2011,6,2,25,1,13,1,"I-35                          ","                              ",129,31.5172,-97.13745556,0,25,0,0,1,1,3,0,3,1,0,1,0,"0000000",88,88,88,88,88,88,0,0,0,1,0
48,481231,1,1,0,0,0,1,1,37,0,11,6,2011,7,20,50,1,11,1,"I-30                          ","                              ",335,33.46498056,-94.19028056,0,57,0,0,1,1,3,0,5,1,0,1,0,"0000000",88,88,88,88,88,88,0,0,0,1,1
48,481232,1,1,0,1,1,0,0,141,2190,11,6,2011,7,8,15,0,16,5,"EASTSIDE                      ","                              ",0,31.77067778,-106.38883889,0,8,0,0,1,1,7,0,1,1,0,1,0,"0000000",88,88,88,88,88,88,0,0,0,1,0
48,481233,1,1,0,0,0,2,2,113,1730,12,6,2011,1,22,40,1,13,8,"SPUR 482                      ","                              ",103,32.85791944,-96.88391667,0,21,0,1,18,1,8,0,3,1,0,1,0,"0000000",22,46,22,49,23,11,0,0,0,1,1
48,481234,2,2,0,0,0,2,2,157,0,12,6,2011,1,12,10,0,6,4,"COLONY LAKE ESTATES           ","AVENUE E                      ",0,29.60795833,-95.57474167,0,12,6,0,2,3,1,0,1,1,0,1,0,"0000000",99,99,99,99,99,99,0,0,0,1,0
48,481235,2,2,0,0,0,4,4,177,0,13,6,2011,2,10,44,0,4,3,"SR-80                         ","                              ",229,29.29757778,-97.763525,0,1,0,0,8,1,1,0,1,1,0,1,0,"0000000",99,99,99,99,88,88,0,0,0,2,0
48,481236,2,2,0,0,0,3,3,183,0,13,6,2011,2,18,30,0,3,2,"US-259                        ","FM 2751                       ",93,32.58965833,-94.74047778,0,12,6,0,2,2,1,0,1,1,0,1,0,"0000000",18,31,18,41,18,57,0,0,0,1,0
48,481237,1,1,0,0,0,2,2,449,0,16,6,2011,5,14,16,0,4,3,"SR-49                         ","                              ",50,33.13519167,-94.90432778,0,1,0,0,1,1,1,0,1,1,0,1,0,"0000000",14,19,14,32,14,50,0,0,0,1,0
48,481238,2,2,0,0,0,2,2,473,0,17,6,2011,6,13,38,1,2,2,"US-290                        ","OLD HOWTH                     ",64,30.11639167,-96.08386389,0,12,6,0,2,2,1,0,1,1,0,1,0,"0000000",13,40,13,58,14,44,0,0,0,1,0
48,481239,2,2,0,0,0,4,4,367,0,18,6,2011,7,18,37,0,6,4,"FLAT ROCK RD                  ","                              ",0,32.86138056,-97.55707778,0,12,6,0,1,1,1,0,1,1,0,1,0,"0000000",88,88,88,88,88,88,0,0,0,1,0
48,481240,1,1,0,0,0,1,1,401,0,18,6,2011,7,14,3,0,6,4,"CR 2183                       ","                              ",0,32.28148333,-94.56975278,0,42,0,0,1,1,4,0,1,1,0,1,0,"0000000",14,3,14,12,15,1,0,0,0,1,0
48,481241,1,1,0,0,0,1,1,181,0,20,6,2011,2,17,27,0,4,8,"FM121                         ","                              ",55,33.43795556,-96.48985278,0,38,0,0,1,1,4,0,1,10,0,10,0,"0000000",88,88,88,88,88,88,0,0,0,1,0
48,481242,2,2,0,0,0,2,2,209,0,21,6,2011,3,8,1,0,4,8,"RR12                          ","                              ",22,30.25100556,-98.05755,0,12,2,0,1,1,1,0,1,1,0,1,0,"0000000",8,2,8,9,8,53,0,0,0,1,0
48,482094,1,1,0,0,0,1,1,499,0,14,10,2011,6,5,2,0,4,8,"FM 2869                       ","                              ",113,32.91848889,-95.26907778,0,1,0,0,1,1,4,0,2,1,0,1,0,"0000000",5,5,5,16,6,5,0,0,0,1,0
48,482095,2,2,0,0,0,3,3,309,7210,15,10,2011,7,20,57,0,14,8,"FM 2476                       ","CORPORATION PKWY              ",14,31.49353333,-97.16651111,0,12,1,0,3,2,1,0,3,1,0,1,0,"0000000",21,0,21,5,21,32,0,0,0,1,1
48,482096,1,1,0,0,0,1,1,375,0,15,10,2011,7,23,20,1,2,2,"US-87                         ","                              ",192,35.38447222,-101.83242778,0,1,0,0,1,1,3,0,2,1,0,1,0,"0000000",88,88,88,88,88,88,0,0,0,1,1
48,482097,2,2,0,0,0,2,2,357,0,16,10,2011,1,20,5,0,4,3,"SR-15                         ","                              ",38,36.28435278,-101.04231944,0,12,2,0,1,1,1,0,2,1,0,1,0,"0000000",20,12,20,28,21,1,0,0,0,1,2
48,482098,2,2,0,0,0,2,2,485,7490,16,10,2011,1,0,11,1,12,3,"SR-287 RAMP                   ","                              ",307,33.94535,-98.52093056,0,12,2,1,5,1,1,0,3,1,0,1,0,"0000000",88,88,88,88,88,88,0,0,0,1,1
48,482099,1,1,0,1,1,1,1,139,3430,17,10,2011,2,20,58,1,1,1,"I-35                          ","                              ",81,32.19799444,-96.89818889,0,8,0,1,18,1,1,0,8,98,0,98,0,"0000000",88,88,88,88,88,88,0,0,0,1,0
48,482100,1,1,0,0,0,1,1,201,0,17,10,2011,2,13,29,1,13,8,"FM 529                        ","HUFFMEISTER                   ",137,29.87947778,-95.62878056,0,33,0,0,2,2,4,0,1,1,0,1,0,"0000000",13,40,13,56,14,26,0,0,0,1,0
48,482101,2,2,0,0,0,3,3,201,0,17,10,2011,2,13,55,1,13,2,"US-90                         ","LINDSTROM                     ",201,29.922925,-95.04125556,0,12,6,0,2,2,1,0,1,1,0,1,0,"0000000",99,99,99,99,99,99,0,0,0,2,0
48,482102,1,1,0,0,0,1,1,309,7210,17,10,2011,2,16,5,0,16,5,"SANGER AVE                    ","                              ",0,31.52479444,-97.18900833,0,38,0,0,1,1,4,0,1,1,0,1,0,"0000000",88,88,88,88,88,88,0,0,0,1,0
48,482103,1,1,0,0,0,1,1,439,2450,17,10,2011,2,15,41,0,16,5,"BEACH ST                      ","                              ",0,32.85673333,-97.28991111,0,1,0,0,1,1,1,0,1,10,0,10,0,"0000000",15,42,15,55,16,15,20,0,0,1,0
48,482104,1,1,0,0,0,1,1,453,330,17,10,2011,2,15,23,1,12,8,"SL1                           ","                              ",179,30.25548611,-97.80121389,0,1,0,0,1,1,3,0,1,1,0,1,0,"0000000",15,24,15,31,15,56,0,0,0,1,0
48,482105,1,1,0,0,0,1,1,5,0,19,10,2011,4,10,57,0,4,8,"FM2109                        ","                              ",152,31.18548611,-94.40871667,0,42,0,0,1,1,4,0,1,1,0,1,0,"0000000",88,88,88,88,88,88,0,0,0,1,0
48,482106,2,2,0,0,0,2,2,373,0,20,10,2011,5,10,18,1,13,2,"US-190                        ","                              ",9,30.710725,-94.91751389,0,12,6,0,1,1,1,0,1,1,0,1,0,"0000000",99,99,99,99,99,99,0,0,0,1,0
48,482107,3,3,0,0,0,3,3,29,6090,23,10,2011,1,2,30,1,11,1,"I-410                         ","                              ",207,29.52020833,-98.49197778,0,12,1,0,1,1,1,0,3,1,0,1,0,"0000000",3,33,3,34,3,38,0,0,0,1,1
48,482108,2,2,0,0,0,2,2,371,2440,24,10,2011,2,19,40,1,13,8,"BI10G                         ","                              ",18,30.89407222,-102.90695278,0,12,6,0,8,1,1,0,3,1,0,1,0,"0000000",19,43,19,46,19,53,0,0,0,1,0
48,482109,1,1,0,1,1,4,4,29,6090,26,10,2011,4,17,27,0,16,5,"GENERAL MCMULLEN              ","CERALVO ST                    ",0,29.40914722,-98.55678056,0,8,0,0,3,2,1,0,1,1,0,1,0,"0000000",17,27,17,34,17,35,0,0,0,1,0
48,482110,2,2,0,0,0,2,2,291,1770,26,10,2011,4,7,23,0,3,2,"US-90                         ","FM1413                        ",27,29.98766389,-94.96544167,0,12,6,0,2,2,1,0,2,5,0,5,0,"0000000",88,88,88,88,88,88,0,0,0,1,0
48,482111,2,2,0,0,0,2,2,201,0,16,5,2011,2,16,45,0,6,4,"LOUETTA RD                    ","                              ",0,30.03623889,-95.49609167,0,1,0,0,8,1,1,0,1,1,0,1,0,"0000000",16,48,16,52,18,16,0,0,0,1,0
48,482112,1,1,0,1,1,1,1,439,2450,15,6,2011,4,2,59,1,12,3,"SR-121                        ","                              ",78,32.76735556,-97.30850556,0,8,0,1,18,1,1,0,3,1,0,1,0,"0000000",88,88,88,88,88,88,0,0,0,1,0
48,482113,1,1,0,0,0,1,1,441,0,20,7,2011,4,18,50,1,2,2,"US-83                         ","                              ",136,32.10853333,-99.888275,0,38,0,0,1,1,4,0,2,1,0,1,0,"0000000",19,18,19,35,20,6,0,0,0,1,0
48,482114,1,1,0,1,1,1,1,201,3280,27,7,2011,4,21,30,0,16,5,"HOMESTEAD RD                  ","                              ",0,29.835175,-95.30204167,0,8,0,0,1,1,1,0,3,1,0,1,0,"0000000",88,88,88,88,88,88,0,0,0,1,0
48,482115,1,1,0,0,0,1,1,121,7353,17,8,2011,4,1,30,1,13,3,"SR-170                        ","                              ",10,32.99925,-97.21421667,0,1,0,1,19,1,4,1,2,1,0,1,0,"0000000",1,33,1,41,2,10,0,0,0,1,0
48,482116,1,1,0,0,0,1,1,201,3280,23,8,2011,3,21,28,1,11,1,"I-45                          ","                              ",277,29.81203889,-95.373975,0,33,0,1,19,1,8,0,3,1,0,1,0,"0000000",88,88,88,88,88,88,0,0,0,1,1
48,482117,1,1,0,0,0,4,4,297,0,27,8,2011,7,16,31,1,2,2,"US-281                        ","                              ",242,28.33991389,-98.12358611,0,1,0,0,1,1,3,0,1,1,0,1,0,"0000000",17,26,17,34,18,10,0,0,0,3,1
48,482118,1,1,0,0,0,1,1,85,1730,1,9,2011,5,21,52,0,16,5,"PRESIDENT GEORGE BUSH TURNPIKE","                              ",0,33.01248333,-96.82700278,0,43,0,1,19,1,4,0,3,1,0,1,0,"0000000",21,47,21,55,22,13,0,0,0,1,0
48,482119,1,1,0,0,0,1,1,277,0,13,9,2011,3,6,16,1,2,2,"US-82                         ","                              ",8,33.59966944,-95.84411944,0,11,0,0,1,1,1,0,2,1,0,1,0,"0000000",88,88,88,88,88,88,0,0,0,1,0
48,482120,2,2,0,2,2,1,1,375,150,13,9,2011,3,8,24,1,13,8,"SL 335                        ","                              ",219,35.20394444,-101.74201944,0,12,2,0,8,1,11,0,1,10,0,10,0,"0000000",9,5,9,13,9,39,0,0,0,1,0
48,482121,1,1,0,0,0,2,2,67,0,14,9,2011,4,1,2,0,5,8,"FM-2888                       ","                              ",76,33.13225833,-94.57668056,0,38,0,0,1,1,4,0,2,10,0,10,0,"0000000",1,6,1,30,2,41,0,0,0,1,1
48,482122,1,1,0,1,1,4,4,37,0,17,9,2011,7,10,8,0,4,8,"FM 2149                       ","                              ",100,33.36741944,-94.31804167,0,15,0,0,1,1,1,0,1,10,0,10,0,"0000000",88,88,88,88,88,88,0,0,0,1,0
48,482123,1,1,0,0,0,2,2,283,0,17,9,2011,7,12,46,1,1,7,"I-35                          ","                              ",332,28.20980833,-99.30569167,0,1,0,0,1,1,1,0,1,10,0,10,0,"0000000",13,4,13,39,14,42,20,0,0,1,1
48,482124,1,1,0,0,0,1,1,67,0,18,9,2011,1,0,19,0,3,3,"SR-49                         ","                              ",109,32.97998056,-94.5995,0,1,0,0,1,1,4,0,2,1,0,1,0,"0000000",88,88,88,88,88,88,0,0,0,1,1
48,482125,3,3,0,2,2,2,2,215,0,18,9,2011,1,22,5,1,13,3,"SR-495                        ","                              ",176,26.19873333,-98.08769722,0,12,1,0,1,1,1,0,2,2,0,2,0,"0000000",22,11,22,21,22,42,23,0,0,2,1
48,482126,1,1,0,0,0,5,5,453,0,18,9,2011,1,22,30,0,6,5,"OLD LOCKHART RD               ","                              ",0,30.05891389,-97.70453889,0,32,0,0,1,1,4,0,2,1,0,1,0,"0000000",22,44,22,58,23,48,0,0,0,1,1
48,480148,2,2,0,0,0,2,2,439,2450,15,1,2011,7,12,43,1,13,3,"SR-183                        ","                              ",116,32.79516111,-97.30060833,0,12,6,0,8,1,1,0,1,10,0,10,0,"0000000",88,88,88,88,88,88,0,0,0,1,0
48,480149,1,1,0,0,0,1,1,467,0,16,1,2011,1,0,10,1,1,1,"I-20                          ","                              ",275,32.50605556,-95.63928056,0,30,0,0,1,1,4,0,3,2,0,2,0,"0000000",88,88,88,88,88,88,0,0,0,1,0
48,480150,1,1,0,0,0,1,1,473,0,18,1,2011,3,19,40,0,4,8,"FM1488                        ","                              ",153,30.17795,-95.86662778,0,24,0,0,1,1,4,0,2,1,0,1,0,"0000000",88,88,88,88,88,88,0,0,0,1,0
48,480151,3,3,0,0,0,3,3,57,0,19,1,2011,4,7,10,0,3,3,"SR-35                         ","                              ",6,28.67891389,-96.45215556,0,12,7,0,1,1,1,0,1,1,0,1,0,"0000000",6,54,7,8,8,11,0,0,0,1,0
48,480152,2,2,0,0,0,3,3,339,0,20,1,2011,5,4,10,0,15,8,"SL 494                        ","FARRIS GREEN RD               ",325,30.10513889,-95.22879722,0,12,2,0,3,3,1,0,3,10,0,10,0,"0000000",4,14,4,28,5,12,0,0,0,1,1
48,480153,1,1,0,0,0,1,1,365,0,20,1,2011,5,22,23,0,5,8,"FM 10                         ","                              ",52,32.09487222,-94.36325556,0,59,0,0,1,1,4,0,2,10,0,10,0,"0000000",88,88,88,88,88,88,0,0,0,1,0
48,480154,1,1,0,0,0,1,1,471,0,21,1,2011,6,7,20,0,4,8,"FM 1696                       ","                              ",80,30.75303889,-95.74235,0,1,0,0,1,1,4,0,1,1,0,1,0,"0000000",88,88,88,88,88,88,0,0,0,1,0
48,480155,2,2,0,0,0,5,5,201,3280,22,1,2011,7,4,32,0,16,5,"DOWLING                       ","POLK                          ",0,29.74746944,-95.35469444,0,12,6,0,2,2,1,0,3,1,0,1,0,"0000000",4,32,4,43,5,1,0,0,0,1,1
48,480156,1,1,0,0,0,1,1,339,0,23,1,2011,1,1,33,0,6,4,"RAYFORD                       ","                              ",0,30.12741944,-95.42898333,0,26,0,0,6,1,3,0,3,1,0,1,0,"435470L",88,88,88,88,88,88,0,0,0,1,1
48,480157,2,2,0,0,0,2,2,291,0,27,1,2011,5,16,44,0,3,3,"SR-146                        ","                              ",260,30.11660833,-94.73775278,0,12,6,0,1,1,1,0,1,1,0,1,0,"0000000",16,47,17,0,17,25,0,0,0,1,0
48,480158,2,2,0,0,0,3,3,449,0,27,1,2011,5,19,35,0,3,3,"SR-11                         ","FM 2348                       ",15,33.03507778,-94.86204722,0,12,6,0,2,3,1,0,2,1,0,1,0,"0000000",19,36,19,59,20,15,0,0,0,1,0
48,480159,2,2,0,0,0,2,2,51,0,28,1,2011,6,18,20,1,2,3,"SR-21                         ","                              ",62,30.48141111,-96.76044444,0,12,6,0,1,1,1,0,5,1,0,1,0,"0000000",18,19,18,29,19,4,20,0,0,1,1
48,480160,2,2,0,0,0,2,2,381,0,28,1,2011,6,17,39,0,5,8,"FM 2590                       ","SUNDOWN LN                    ",70,35.10218889,-101.93786111,0,12,1,0,2,2,1,0,2,1,0,1,0,"0000000",99,99,99,99,99,99,0,0,0,1,0
48,480161,2,2,0,0,0,4,4,5,4160,29,1,2011,7,21,34,0,15,8,"SL287                         ","FM1194                        ",0,31.35068333,-94.76471389,0,12,6,0,2,2,1,0,3,1,0,1,0,"0000000",21,40,21,44,21,58,0,0,0,1,1
48,480162,1,1,0,0,0,1,1,113,1730,29,1,2011,7,2,30,1,11,1,"I-20                          ","                              ",55,32.67258056,-96.96104167,0,30,0,0,1,1,4,0,2,1,0,1,0,"0000000",88,88,88,88,88,88,0,0,0,1,1
48,480163,1,1,0,0,0,1,1,201,0,29,1,2011,7,3,30,1,11,1,"I-10                          ","                              ",23,29.78531111,-95.77558889,0,18,0,0,1,1,2,1,3,1,0,1,0,"0000000",88,88,88,88,88,88,0,0,0,1,1
48,480164,1,1,0,1,1,1,1,201,3280,29,1,2011,7,2,44,1,13,8,"FM1093                        ","                              ",120,29.73771944,-95.49691944,0,8,0,0,1,1,1,0,3,1,0,1,0,"0000000",88,88,88,88,88,88,0,0,0,1,1
48,480165,1,1,0,0,0,3,3,375,0,29,1,2011,7,16,0,1,2,2,"US-87                         ","                              ",102,35.61725556,-101.95973333,0,1,0,0,1,1,4,0,1,1,0,1,0,"0000000",16,15,16,40,17,10,0,0,0,1,1
48,480166,1,1,0,0,0,1,1,113,1730,30,1,2011,1,20,1,0,16,5,"REGAL ROW                     ","                              ",0,32.82848611,-96.88513889,0,33,0,0,1,1,8,0,3,1,0,1,0,"0000000",99,99,99,99,99,99,0,0,0,1,0
48,480167,1,1,0,1,1,1,1,231,0,30,1,2011,1,1,50,9,9,3,"SR-11                         ","                              ",29,33.35913889,-96.04156944,0,8,0,0,1,1,1,0,2,1,0,1,0,"0000000",88,88,88,88,88,88,0,0,0,1,0
48,480168,1,1,0,0,0,1,1,467,0,30,1,2011,1,20,35,0,6,4,"2304                          ","                              ",0,32.4501,-95.926125,0,38,0,0,1,1,4,0,2,1,0,1,0,"0000000",88,88,88,88,88,88,0,0,0,1,1
48,480169,2,2,0,0,0,2,2,21,0,31,1,2011,2,6,34,0,3,3,"SR-95                         ","                              ",33,30.29672222,-97.34470278,0,12,6,0,1,1,1,0,2,10,0,10,0,"0000000",88,88,88,88,88,88,0,0,0,2,0