"STATE","ST_CASE","VE_TOTAL","VE_FORMS","PVH_INVL","PEDS","PERNOTMVIT","PERMVIT","PERSONS","COUNTY","CITY","DAY","MONTH","YEAR","DAY_WEEK","HOUR","MINUTE","NHS","ROAD_FNC","ROUTE","TWAY_ID","TWAY_ID2","MILEPT","LATITUDE","LONGITUD","SP_JUR","HARM_EV","MAN_COLL","RELJCT1","RELJCT2","TYP_INT","REL_ROAD","WRK_ZONE","LGT_COND","WEATHER1","WEATHER2","WEATHER","SCH_BUS","RAIL","NOT_HOUR","NOT_MIN","ARR_HOUR","ARR_MIN","HOSP_HR","HOSP_MN","CF1","CF2","CF3","FATALS","DRUNK_DR"
48,480170,1,1,0,0,0,4,4,47,0,31,1,2011,2,20,51,0,4,8,"FM755                         ","                              ",96,26.85784444,-98.30776667,0,1,0,0,1,1,4,0,2,1,0,1,0,"0000000",21,24,21,55,23,10,0,0,0,1,0
48,480172,1,1,0,1,1,1,1,309,5845,31,1,2011,2,18,31,1,13,2,"US-77                         ","                              ",61,31.47299444,-97.11775,0,8,0,0,1,1,1,0,3,10,0,10,0,"0000000",18,33,18,37,18,59,0,0,0,1,0
48,480173,1,1,0,0,0,1,1,113,1730,1,2,2011,3,16,35,0,16,5,"SAM HOUSTON RD                ","                              ",0,32.77669444,-96.65998889,0,10,0,0,6,1,1,0,1,10,0,10,0,"798432J",88,88,88,88,88,88,0,0,0,1,0
48,480174,2,1,1,0,0,1,1,157,4655,1,2,2011,3,21,12,0,16,5,"CROW VALLEY DR                ","                              ",0,29.56066389,-95.54511389,0,14,0,0,1,1,2,0,3,1,0,1,0,"0000000",88,88,88,88,88,88,0,0,0,1,0
48,480175,2,2,0,0,0,2,2,331,0,1,2,2011,3,16,55,1,2,2,"US-79                         ","                              ",120,30.73416389,-96.79826389,0,12,8,0,1,1,1,0,1,10,0,10,0,"0000000",88,88,88,88,88,88,0,0,0,1,0
48,480176,2,2,0,0,0,6,6,27,570,2,2,2011,4,14,15,1,13,7,"US-190                        ","CONNELL                       ",272,31.04765833,-97.47256944,0,12,6,0,2,2,1,1,1,1,0,1,0,"0000000",14,17,14,25,14,45,0,0,0,1,0
48,480177,2,2,0,0,0,4,4,11,0,3,2,2011,5,16,53,1,2,2,"US-287                        ","4                             ",32,35.17316944,-101.56057778,0,12,6,0,2,2,1,0,1,1,0,1,0,"0000000",16,53,17,1,18,7,0,0,0,1,0
48,480178,1,1,0,0,0,4,4,283,0,3,2,2011,5,20,12,1,1,1,"I-35                          ","                              ",66,28.51783333,-99.21580556,0,24,0,0,1,1,4,0,2,3,0,3,0,"0000000",99,99,99,99,99,99,0,0,0,1,0
48,480179,1,1,0,0,0,2,2,297,0,3,2,2011,5,20,38,1,2,2,"US-59                         ","                              ",119,28.33313056,-98.08505833,0,1,0,0,1,1,3,0,2,3,0,3,0,"0000000",20,41,20,44,22,4,0,0,0,1,0
48,480180,3,3,0,0,0,6,6,453,0,3,2,2011,5,23,23,1,11,1,"I-35                          ","                              ",9,30.44686111,-97.66746944,0,12,10,0,1,1,1,0,3,3,0,3,0,"0000000",99,99,23,27,0,7,0,0,0,1,0
48,480181,1,1,0,0,0,2,2,479,0,3,2,2011,5,19,2,1,1,1,"I-35                          ","                              ",72,27.76125278,-99.43806111,0,1,0,0,1,1,1,0,2,3,0,3,0,"0000000",88,88,88,88,88,88,0,0,0,1,0
48,480697,2,2,0,0,0,2,2,183,0,20,4,2011,4,12,6,0,3,3,"SR-149                        ","                              ",331,32.37272778,-94.61956667,0,12,6,0,1,1,1,0,1,1,0,1,0,"0000000",12,6,12,17,12,57,0,0,0,1,0
48,480698,2,2,0,0,0,2,2,201,0,20,4,2011,4,3,40,0,14,8,"FM 2920                       ","HANNOVER WOODS                ",188,30.07038333,-95.44964444,0,12,6,0,2,2,1,0,3,10,0,10,0,"0000000",3,45,3,49,5,50,0,0,0,1,1
48,480699,1,1,0,1,1,1,1,27,6810,20,4,2011,4,5,33,1,11,1,"I-35                          ","                              ",241,31.11106944,-97.35643056,0,8,0,0,1,1,1,0,3,1,0,1,0,"0000000",88,88,88,88,88,88,0,0,0,1,0
48,480700,1,1,0,0,0,1,1,113,1730,21,4,2011,5,10,51,0,16,5,"MARSALIS                      ","                              ",0,32.73251667,-96.81443333,0,30,0,0,1,1,3,0,1,2,0,2,0,"0000000",10,55,10,57,11,8,0,0,0,1,0
48,480701,2,2,0,0,0,3,3,299,0,21,4,2011,5,17,30,0,3,3,"SR-29                         ","                              ",40,30.74325556,-98.89751944,0,12,2,0,1,1,1,0,1,1,0,1,0,"0000000",17,19,17,35,18,20,0,0,0,1,0
48,480702,3,3,0,0,0,6,6,61,940,22,4,2011,6,15,48,1,13,3,"SR-100                        ","                              ",39,26.07499444,-97.5198,0,12,6,0,1,1,1,0,1,1,0,1,0,"0000000",88,88,88,88,88,88,0,0,0,2,0
48,480703,1,1,0,1,1,1,1,141,2190,22,4,2011,6,2,10,1,11,7,"I-10                          ","LEE TREVINO                   ",313,31.74,-106.32455556,0,8,0,1,2,2,1,0,3,1,0,1,0,"0000000",88,88,88,88,88,88,0,0,0,1,0
48,480704,1,1,0,0,0,3,3,213,0,22,4,2011,6,23,2,0,5,8,"FM 607                        ","                              ",0,32.28925,-95.63694167,0,42,0,0,1,1,4,1,2,1,0,1,0,"0000000",23,14,23,28,0,6,0,0,0,2,1
48,480705,2,2,0,0,0,3,3,237,0,22,4,2011,6,10,50,1,2,2,"US-281                        ","                              ",340,33.17537222,-98.11424722,0,12,1,0,4,1,1,0,1,1,0,1,0,"0000000",10,51,10,58,12,0,0,0,0,1,0
48,480706,2,2,0,0,0,3,3,251,1030,22,4,2011,6,18,1,0,14,8,"SS 50                         ","CLARK ST                      ",6,32.54329167,-97.31813333,0,12,6,0,2,2,1,0,1,1,0,1,0,"0000000",88,88,88,88,88,88,0,0,0,1,0
48,480707,2,2,0,0,0,2,2,351,0,22,4,2011,6,17,10,0,4,8,"FM-82                         ","                              ",2,30.639875,-93.8748,0,12,2,0,1,1,1,0,1,1,0,1,0,"0000000",17,16,17,39,18,21,0,0,0,1,0
48,480708,1,1,0,0,0,2,2,363,4630,22,4,2011,6,1,4,0,16,5,"16TH                          ","                              ",0,32.79629444,-98.09506944,0,33,0,0,1,1,4,0,3,1,0,1,0,"0000000",1,8,1,40,2,37,0,0,0,2,1
48,480709,1,1,0,0,0,1,1,419,0,22,4,2011,6,19,35,0,4,8,"FM 138                        ","                              ",104,31.77295278,-94.26919722,0,38,0,0,1,1,4,0,1,1,0,1,0,"0000000",99,99,99,99,99,99,0,0,0,1,1
48,480710,2,2,0,0,0,7,7,423,7070,22,4,2011,6,21,6,1,13,8,"SS 147                        ","BOIS D'ARC                    ",10,32.359575,-95.30282778,0,12,6,0,2,2,1,0,3,10,0,10,0,"0000000",21,21,21,22,21,38,0,0,0,1,1
48,480711,2,2,0,0,0,2,2,29,6090,23,4,2011,7,18,59,0,16,5,"UTSA BLVD                     ","AMBERDALE OAK                 ",0,29.57716944,-98.62843611,0,12,1,0,2,3,1,0,5,1,0,1,0,"0000000",18,59,19,11,19,39,0,0,0,1,1
48,480712,2,2,0,0,0,2,2,113,1730,23,4,2011,7,6,10,1,11,1,"I-635                         ","                              ",26,32.89324444,-96.71067778,0,52,0,0,1,1,10,0,2,1,0,1,0,"0000000",6,17,6,22,6,47,0,0,0,1,1
48,480713,2,2,0,0,0,2,2,157,5970,23,4,2011,7,3,13,1,12,3,"SR-36                         ","                              ",110,29.56978056,-95.85210833,0,12,2,0,1,1,1,1,2,1,0,1,0,"0000000",3,16,3,28,3,56,0,0,0,1,2
48,480714,1,1,0,0,0,2,2,303,0,23,4,2011,7,18,20,0,6,4,"5700                          ","                              ",0,33.72330556,-101.83575278,0,1,0,0,1,1,4,0,1,1,0,1,0,"0000000",88,88,88,88,88,88,0,0,0,2,1
48,480715,2,2,0,0,0,4,4,303,4140,23,4,2011,7,23,57,0,16,5,"MARTIN LUTHER KING            ","CORNELL ST                    ",0,33.60221667,-101.81845556,0,12,6,0,2,2,1,0,3,1,0,1,0,"0000000",0,0,0,10,0,30,0,0,0,1,1
48,480716,1,1,0,0,0,1,1,367,0,23,4,2011,7,4,0,0,4,8,"FM 1542                       ","                              ",47,32.92990278,-97.59531944,0,53,0,0,1,1,4,0,2,1,0,1,0,"0000000",88,88,88,88,88,88,0,0,0,1,0
48,480717,2,2,0,0,0,3,3,367,0,23,4,2011,7,18,35,0,4,3,"SR-171                        ","                              ",152,32.59232778,-97.68265,0,12,99,0,8,1,1,0,1,1,0,1,0,"0000000",18,40,18,52,19,41,0,0,0,1,0
48,480718,1,1,0,1,1,1,1,453,330,23,4,2011,7,23,44,1,13,8,"SL 343                        ","                              ",59,30.23903889,-97.78876944,0,9,0,0,1,1,1,0,3,1,0,1,0,"0000000",23,45,23,49,0,3,0,0,0,1,0
48,480719,2,2,0,0,0,7,7,61,940,24,4,2011,1,15,26,0,14,8,"BU 77Z                        ","WILDROSE ST                   ",13,25.9395,-97.50981111,0,12,1,0,3,2,1,0,1,1,0,1,0,"0000000",15,27,15,33,15,53,0,0,0,1,0
48,480720,1,1,0,0,0,4,4,201,0,24,4,2011,1,3,35,9,9,5,"SAM HOUSTON PKWY              ","                              ",0,99.9999,999.9999,0,39,0,9,5,1,8,0,3,1,0,1,0,"0000000",3,41,3,48,4,31,0,0,0,1,1
48,480721,1,1,0,0,0,1,1,201,3280,24,4,2011,1,23,57,1,11,1,"I-45                          ","                              ",173,29.69525833,-95.286075,0,21,0,1,18,1,8,0,3,1,0,1,0,"0000000",23,58,0,5,0,33,0,0,0,1,1
48,480722,1,1,0,1,1,3,3,209,6170,24,4,2011,1,3,3,1,11,7,"I-35                          ","                              ",61,29.86355,-97.94614722,0,8,0,0,1,1,1,0,3,1,0,1,0,"0000000",88,88,88,88,88,88,0,0,0,1,1
48,480723,2,2,0,0,0,3,3,327,4470,24,4,2011,1,12,42,0,4,2,"US-190                        ","                              ",208,30.92384444,-99.78568056,0,12,2,0,1,1,1,0,1,2,0,2,0,"0000000",12,43,12,47,13,15,0,0,0,2,0
48,480724,1,1,0,0,0,2,2,347,0,24,4,2011,1,15,47,0,6,4,"COUNTY ROAD 817               ","                              ",0,31.80243333,-94.74776111,0,53,0,0,1,1,4,0,1,10,0,10,0,"0000000",15,50,16,23,17,3,0,0,0,1,0
48,480725,1,1,0,0,0,1,1,459,0,24,4,2011,1,1,10,0,4,8,"FM 1650                       ","                              ",47,32.68228889,-94.80503889,0,1,0,0,1,1,4,0,2,1,0,1,0,"0000000",88,88,88,88,88,88,0,0,0,1,1
48,480726,1,1,0,0,0,1,1,29,6090,25,4,2011,2,0,54,1,11,1,"I-410                         ","                              ",129,29.48407222,-98.59646111,0,25,0,0,1,1,10,0,3,1,0,1,0,"0000000",88,88,88,88,88,88,0,0,0,1,0
48,480727,2,2,0,2,2,4,4,141,2190,25,4,2011,2,19,59,0,16,5,"N. COPIA ST                   ","                              ",0,31.79850556,-106.45412778,0,12,2,0,1,1,1,0,1,1,0,1,0,"0000000",99,99,99,99,99,99,0,0,0,1,0
48,480728,1,1,0,0,0,2,2,225,0,25,4,2011,2,23,0,0,3,3,"SR-21                         ","                              ",4,31.39496944,-95.36216111,0,18,0,0,1,1,1,0,2,2,0,2,0,"0000000",23,15,23,24,0,7,0,0,0,1,1
48,480729,2,2,0,0,0,2,2,441,30,25,4,2011,2,8,55,0,14,8,"FM 1750                       ","INDUSTRIAL                    ",33,32.40150556,-99.70799722,0,12,6,0,2,2,1,0,1,1,0,1,0,"0000000",8,58,9,10,9,34,0,0,0,1,0
48,481243,4,1,3,0,1,1,2,453,5325,21,6,2011,3,22,50,0,16,5,"SUNFLOWER DR                  ","                              ",0,30.43847222,-97.60565,0,33,0,0,1,1,4,0,3,10,0,10,0,"0000000",88,88,88,88,88,88,0,0,0,1,0
48,481244,1,1,0,0,0,3,3,113,2590,22,6,2011,4,18,9,0,16,5,"LARIAT LN                     ","                              ",0,32.9192,-96.68631389,0,42,0,0,1,1,4,0,1,1,0,1,0,"0000000",18,9,18,12,18,29,0,0,0,2,1
48,481245,2,2,0,0,0,2,2,201,3280,22,6,2011,4,8,39,0,16,5,"ELDRIDGE PKWY                 ","                              ",0,29.82459722,-95.606375,0,12,2,0,1,1,1,0,1,2,0,2,0,"0000000",8,58,9,9,9,30,0,0,0,1,0
48,481246,2,2,0,0,0,2,2,177,0,23,6,2011,5,21,0,1,2,2,"US-183                        ","                              ",95,29.54779444,-97.47958056,0,12,1,0,8,1,1,0,2,1,0,1,0,"0000000",99,99,99,99,99,99,0,0,0,1,0
48,481247,1,1,0,0,0,3,3,309,7210,23,6,2011,5,23,58,0,16,5,"N 11TH ST                     ","COLUMBUS AVE                  ",0,31.55361111,-97.139225,0,30,0,0,3,2,4,0,3,1,0,1,0,"0000000",88,88,88,88,88,88,20,0,0,2,1
48,481248,2,2,0,0,0,2,2,61,1481,24,6,2011,6,6,51,0,14,8,"FM508                         ","S BREEDLOVE RD                ",23,26.24838056,-97.69754167,0,12,6,0,2,2,1,0,1,1,0,1,0,"0000000",99,99,99,99,99,99,0,0,0,1,0
48,481249,1,1,0,0,0,1,1,459,0,24,6,2011,6,20,34,0,4,3,"SR-154                        ","                              ",37,32.73495556,-95.00489444,0,11,0,0,1,1,1,0,5,1,0,1,0,"0000000",88,88,88,88,88,88,0,0,0,1,0
48,481250,1,1,0,0,0,1,1,31,0,25,6,2011,7,10,27,0,3,2,"US-281                        ","                              ",373,29.97163611,-98.411375,0,1,0,0,1,1,4,0,1,10,0,10,0,"0000000",88,88,88,88,88,88,0,0,0,1,0
48,481251,1,1,0,0,0,1,1,71,0,25,6,2011,7,20,4,1,1,1,"I-10                          ","                              ",124,29.83974167,-94.70475556,0,1,0,0,1,1,1,0,1,1,0,1,0,"0000000",88,88,88,88,88,88,0,0,0,1,0
48,481252,2,2,0,1,1,2,2,113,1730,25,6,2011,7,4,38,1,11,1,"I-30                          ","                              ",256,32.79597222,-96.69121111,0,8,0,0,1,1,1,0,3,1,0,1,0,"0000000",88,88,88,88,88,88,0,0,0,1,0
48,481253,1,1,0,0,0,2,2,223,0,25,6,2011,7,15,55,0,6,4,"2421                          ","                              ",0,33.02426667,-95.43915556,0,38,0,0,1,1,4,0,1,1,0,1,0,"0000000",16,12,16,39,17,17,0,0,0,1,1
48,481254,2,2,0,0,0,3,3,257,0,25,6,2011,7,18,10,0,14,8,"FM 548                        ","                              ",33,32.77922778,-96.40412778,0,12,6,0,1,1,4,0,1,1,0,1,0,"0000000",18,22,18,49,19,12,0,0,0,2,1
48,481255,1,1,0,1,1,1,1,303,4140,25,6,2011,7,21,44,1,13,2,"US-84                         ","                              ",25,33.568825,-101.85534167,0,8,0,0,1,1,1,0,3,1,0,1,0,"0000000",21,47,21,51,22,14,0,0,0,1,0
48,481256,4,4,0,0,0,5,5,317,0,25,6,2011,7,3,38,1,1,1,"I-20                          ","                              ",31,32.10707778,-101.85000556,0,12,2,0,1,1,1,0,2,1,0,1,0,"0000000",3,47,4,0,4,46,0,0,0,1,0
48,481257,2,2,0,0,0,5,5,343,0,25,6,2011,7,15,20,1,1,1,"I-30                          ","                              ",4,33.27548889,-94.80628333,0,12,1,0,1,1,1,0,1,1,0,1,0,"0000000",15,29,15,31,16,9,19,0,0,3,0
48,481258,3,2,1,0,0,2,2,439,7258,25,6,2011,7,2,34,9,19,2,"US-377                        ","HIGHTOWER DR                  ",82,32.87418333,-97.26203889,0,12,2,0,2,2,1,0,3,1,0,1,0,"0000000",2,42,2,57,3,22,0,0,0,1,1
48,481259,2,2,0,0,0,4,4,39,4306,26,6,2011,1,21,10,1,13,3,"SR-6                          ","                              ",59,29.46742778,-95.35683333,0,12,2,0,8,1,1,0,3,1,0,1,0,"0000000",99,99,99,99,99,99,0,0,0,1,0
48,481260,2,2,0,0,0,8,8,73,0,26,6,2011,1,14,20,1,2,2,"US-79                         ","                              ",66,31.92093611,-95.36846389,0,12,2,0,1,1,1,0,1,1,0,1,0,"0000000",14,31,15,0,15,54,0,0,0,4,0
48,481261,1,1,0,0,0,1,1,141,2190,26,6,2011,1,1,40,1,11,1,"I-10                          ","                              ",240,31.77753333,-106.42407222,0,52,0,1,18,1,10,0,3,1,0,1,0,"0000000",88,88,88,88,88,88,0,0,0,1,1
48,481262,2,2,0,0,0,2,2,439,3347,26,6,2011,1,1,45,1,13,3,"SR-10                         ","BROWN / NORWOOD DR            ",46,32.809025,-97.16908056,0,12,1,0,3,2,1,0,2,1,0,1,0,"0000000",88,88,88,88,88,88,0,0,0,1,0
48,481263,1,1,0,0,0,1,1,39,0,27,6,2011,2,21,39,1,13,3,"SR-6                          ","                              ",2,29.49845556,-95.44395278,0,32,0,0,1,1,4,0,2,10,0,10,0,"0000000",88,88,88,88,88,88,0,0,0,1,1
48,481264,2,2,0,0,0,2,2,113,1730,27,6,2011,2,16,19,1,13,8,"STATE LOOP 12                 ","DALLAS NORTH TOLLWAY          ",241,32.86548056,-96.81170833,0,12,6,1,5,1,1,0,1,1,0,1,0,"0000000",16,21,16,29,16,45,0,0,0,1,0
48,481265,1,1,0,0,0,1,1,429,0,27,6,2011,2,16,3,0,14,8,"FM 287                        ","                              ",5,32.76688333,-98.89406389,0,42,0,0,1,1,4,0,1,1,0,1,0,"0000000",88,88,88,88,88,88,0,0,0,1,0
48,481266,2,2,0,0,0,3,3,113,1730,28,6,2011,3,23,5,0,16,5,"COLE AVE                      ","                              ",0,32.81600833,-96.79270833,0,12,6,0,8,1,1,0,3,1,0,1,0,"0000000",23,12,23,17,23,32,0,0,0,1,2
48,481267,1,1,0,0,0,1,1,113,3880,28,6,2011,3,0,50,0,16,5,"HOUSTON SCHOOL                ","                              ",0,32.56081111,-96.80541944,0,42,0,0,1,1,4,0,2,1,0,1,0,"0000000",99,99,99,99,88,88,20,0,0,1,1
48,481268,2,2,0,0,0,2,2,157,4655,28,6,2011,3,8,0,1,13,3,"SR-6                          ","LAKE SHORE HARBOUR            ",96,29.5355,-95.52228889,0,12,11,0,2,3,1,1,1,1,0,1,0,"0000000",88,88,88,88,88,88,0,0,0,1,0
48,481269,1,1,0,0,0,1,1,171,0,28,6,2011,3,19,36,0,4,8,"FM 2093                       ","                              ",109,30.24900278,-99.08289444,0,38,0,0,1,1,4,0,1,1,0,1,0,"0000000",88,88,88,88,88,88,0,0,0,1,0
48,481270,1,1,0,1,1,1,1,201,3280,28,6,2011,3,0,40,1,11,1,"I-45                          ","                              ",86,29.61488333,-95.21493056,0,8,0,1,18,1,1,0,3,1,0,1,0,"0000000",88,88,88,88,88,88,0,0,0,1,1
48,481271,1,1,0,0,0,1,1,401,0,28,6,2011,3,22,30,0,4,8,"FM225                         ","                              ",134,32.08090278,-94.80454444,0,18,0,0,1,1,1,0,2,1,0,1,0,"0000000",22,49,22,59,23,29,0,0,0,1,0
48,481272,2,2,0,0,0,6,6,405,0,28,6,2011,3,14,0,0,3,3,"SR-21                         ","217                           ",82,31.53257222,-94.17053889,0,12,1,0,3,3,1,0,1,1,0,1,0,"0000000",88,88,88,88,88,88,0,0,0,1,1
48,481274,2,2,0,0,0,2,2,419,0,29,6,2011,4,17,42,1,2,2,"US-96                         ","                              ",67,31.890725,-94.21545,0,12,1,0,8,1,1,0,1,1,0,1,0,"0000000",99,99,99,99,99,99,0,0,0,1,0
48,481275,2,2,0,0,0,2,2,459,0,29,6,2011,4,7,40,0,5,8,"FM49                          ","                              ",58,32.71367778,-95.06298333,0,12,6,0,8,1,1,0,1,1,0,1,0,"0000000",7,49,8,7,8,33,0,0,0,1,0
48,481276,1,1,0,1,1,2,2,113,4530,30,6,2011,5,2,31,1,11,1,"I-635                         ","                              ",37,32.74988056,-96.61507778,0,8,0,0,5,1,1,0,2,1,0,1,0,"0000000",88,88,88,88,88,88,20,0,0,1,1
48,481961,2,2,0,0,0,2,2,325,0,13,9,2011,3,6,8,0,3,3,"SR-173                        ","                              ",340,29.20268611,-98.98439167,0,12,2,0,1,1,1,0,2,1,0,1,0,"0000000",88,88,88,88,88,88,0,0,0,1,1
48,481962,2,2,0,0,0,3,3,389,0,13,9,2011,3,20,54,0,3,3,"SR-17                         ","                              ",167,31.3239,-103.54408333,0,12,2,0,1,1,1,0,2,1,0,1,0,"0000000",99,99,99,99,99,99,0,0,0,1,1
48,481963,1,1,0,1,1,1,1,251,0,14,9,2011,4,12,50,0,4,8,"FM 4                          ","                              ",27,32.34036944,-97.33199444,0,8,0,0,1,1,1,0,1,1,0,1,0,"0000000",88,88,88,88,88,88,0,0,0,1,0
48,481964,3,3,0,0,0,9,9,63,0,16,9,2011,6,17,17,1,2,2,"US-271                        ","1262                          ",62,32.90270556,-94.95279444,0,12,1,0,2,2,1,0,1,1,0,1,0,"0000000",17,29,17,59,18,43,0,0,0,1,0
48,481965,1,1,0,0,0,1,1,41,0,18,9,2011,1,22,30,0,6,4,"IGN RD                       ","                              ",0,30.55012222,-96.31726389,0,1,0,0,1,1,4,0,2,1,0,1,0,"0000000",22,35,22,55,23,19,0,0,0,1,0
48,481966,1,1,0,1,1,1,1,41,970,18,9,2011,1,21,17,1,13,8,"FM 2818                       ","                              ",80,30.64126389,-96.38489444,0,8,0,0,1,1,1,0,2,1,0,1,0,"0000000",21,17,21,22,88,88,0,0,0,1,0
48,481967,2,2,0,0,0,3,3,89,0,18,9,2011,1,20,57,1,1,7,"I-10                          ","                              ",216,29.71207778,-96.49228611,0,12,2,0,1,1,1,0,2,10,0,10,0,"0000000",21,4,21,10,99,99,0,0,0,1,1
48,481968,1,1,0,0,0,1,1,201,0,18,9,2011,1,0,40,0,16,5,"ALDINE MAIL                   ","                              ",0,29.90232222,-95.35590833,0,42,0,0,1,1,4,0,2,1,0,1,0,"0000000",0,49,0,54,1,28,0,0,0,1,1
48,481969,1,1,0,0,0,1,1,507,0,18,9,2011,1,2,30,0,4,8,"FM 187                        ","                              ",121,28.96399444,-99.60541944,0,1,0,0,1,1,4,0,2,1,0,1,0,"0000000",88,88,88,88,88,88,0,0,0,1,1
48,481970,2,2,0,0,0,3,3,107,5620,21,9,2011,4,7,0,1,2,2,"US-82                         ","                              ",111,33.67438056,-101.38717778,0,12,6,0,1,1,1,0,1,1,0,1,0,"0000000",7,20,7,26,8,47,0,0,0,1,0
48,481971,2,2,0,0,0,3,3,61,3030,24,9,2011,7,22,43,0,14,8,"FM 507                        ","                              ",34,26.20116111,-97.67768333,0,12,6,0,8,1,1,0,3,1,0,1,0,"0000000",22,49,22,57,23,11,0,0,0,1,0
48,481972,2,2,0,0,0,2,2,347,0,25,9,2011,1,23,7,0,3,3,"SR-7                          ","                              ",16,31.60339444,-94.61045556,0,12,6,0,1,1,1,0,2,1,0,1,0,"0000000",88,88,88,88,88,88,0,0,0,1,0
48,481973,2,2,0,0,0,2,2,39,190,26,9,2011,2,10,52,1,13,3,"SR-35                         ","FM 523                        ",306,29.20285,-95.39501389,0,12,6,0,2,2,1,0,1,1,0,1,0,"0000000",10,57,11,12,11,50,0,0,0,1,0
48,481974,2,2,0,0,0,3,3,73,0,27,9,2011,3,8,0,1,2,2,"US-79                         ","                              ",110,31.89273611,-95.43074444,0,12,6,0,1,1,1,0,1,1,0,1,0,"0000000",8,10,8,30,9,5,0,0,0,1,0
48,481975,2,2,0,0,0,3,3,163,5260,30,9,2011,6,17,0,1,13,8,"BI35                          ","MARGO DR                      ",31,28.8999,-99.092825,0,12,6,0,2,3,11,0,1,1,0,1,0,"0000000",17,15,17,43,18,19,0,0,0,1,0
48,481976,3,3,0,0,0,4,4,355,0,30,9,2011,6,15,0,1,2,7,"US-77                         ","48                            ",24,27.83051667,-97.63450556,0,12,6,1,2,2,1,0,1,1,0,1,0,"0000000",14,51,14,57,15,38,0,0,0,1,0
48,481977,1,1,0,1,1,1,1,39,7350,7,9,2011,4,7,43,0,3,3,"SR-35                         ","16TH ST                       ",475,29.14426667,-95.64682778,0,9,0,0,2,2,1,1,1,1,0,1,0,"0000000",99,99,99,99,99,99,0,0,0,1,0
48,481978,1,1,0,1,1,1,1,439,260,21,9,2011,4,20,31,1,13,8,"FM 157                        ","                              ",114,32.77231944,-97.09711944,0,8,0,0,1,1,1,0,3,1,0,1,0,"0000000",20,31,20,32,20,57,0,0,0,1,0
48,481979,1,1,0,1,1,1,1,355,1550,23,9,2011,6,23,7,0,14,8,"SS 407                        ","FLOOD ST                      ",120,27.79721111,-97.44759167,0,8,0,0,3,3,1,0,3,1,0,1,0,"0000000",88,88,88,88,88,88,0,0,0,1,1
48,481980,1,1,0,0,0,1,1,181,1830,30,9,2011,6,2,0,0,16,5,"THERESA DR                    ","FLOWERS DR                    ",0,33.72224444,-96.56318611,0,35,0,0,1,1,4,0,2,1,0,1,0,"0000000",88,88,88,88,88,88,0,0,0,1,1
48,481981,3,3,0,0,0,4,4,141,2190,17,9,2011,7,16,43,1,13,8,"FM659                         ","                              ",73,31.73716389,-106.29245556,0,12,6,0,1,1,1,0,1,1,0,1,0,"0000000",16,47,16,50,17,21,0,0,0,1,1
48,481982,2,2,0,0,0,5,5,339,0,17,9,2011,7,17,22,0,15,8,"FM1485                        ","                              ",230,30.20209444,-95.25524167,0,12,2,0,1,1,1,0,1,2,0,2,0,"0000000",17,25,17,41,18,33,0,0,0,2,0
48,481983,2,2,0,0,0,3,3,65,0,21,9,2011,4,9,56,1,1,1,"I-40                          ","                              ",178,35.20783611,-101.31826667,0,12,11,0,1,1,1,0,1,1,0,1,0,"0000000",10,0,10,29,11,6,0,0,0,2,0
48,481984,1,1,0,0,0,4,4,39,0,22,9,2011,5,7,28,0,3,3,"SR-35                         ","                              ",429,29.14226667,-95.57285833,0,1,0,0,1,1,1,0,1,1,0,1,0,"0000000",7,40,7,51,8,21,0,0,0,1,0
48,481985,1,1,0,0,0,1,1,201,3280,25,9,2011,1,6,47,0,16,5,"TIDWELL RD                    ","                              ",0,29.85101111,-95.23868056,0,1,0,0,1,1,1,0,3,10,0,10,0,"0000000",6,47,6,49,7,7,0,0,0,1,0
48,481986,1,1,0,0,0,1,1,201,3280,26,9,2011,2,14,10,0,16,5,"BEAMER                        ","                              ",0,29.60719167,-95.22816111,0,1,0,0,1,1,1,0,1,1,0,1,0,"0000000",88,88,88,88,88,88,0,0,0,1,1
48,481987,1,1,0,0,0,5,5,339,0,28,9,2011,4,15,28,0,6,4,"SORTERS RD                    ","                              ",0,30.08727222,-95.27395278,0,1,0,0,1,1,4,0,1,1,0,1,0,"0000000",15,28,15,37,16,13,0,0,0,3,0
48,481988,1,1,0,0,0,1,1,453,330,29,9,2011,5,1,50,0,16,5,"METRIC BLVD                   ","                              ",0,30.40909722,-97.69669444,0,33,0,0,1,1,3,0,3,1,0,1,0,"0000000",88,88,88,88,88,88,0,0,0,1,0
48,481989,1,1,0,0,0,1,1,497,0,29,9,2011,5,7,48,0,4,8,"FM51                          ","                              ",292,33.08983333,-97.64721389,0,42,0,0,1,1,4,0,1,1,0,1,0,"0000000",99,99,99,99,99,99,0,0,0,1,0
48,481990,2,2,0,0,0,2,2,201,5230,30,9,2011,6,11,11,1,12,7,"SR-225                        ","SL8                           ",72,29.71161111,-95.15305556,0,12,6,0,2,2,1,0,1,1,0,1,0,"0000000",99,99,99,99,99,99,0,0,0,1,0
48,481991,1,1,0,0,0,1,1,61,3030,1,10,2011,7,2,9,1,13,8,"SS 206                        ","                              ",130,26.18992222,-97.67047222,0,30,0,0,1,1,4,0,3,1,0,1,0,"0000000",2,14,2,19,3,19,0,0,0,1,0