"STATE","ST_CASE","VE_TOTAL","VE_FORMS","PVH_INVL","PEDS","PERNOTMVIT","PERMVIT","PERSONS","COUNTY","CITY","DAY","MONTH","YEAR","DAY_WEEK","HOUR","MINUTE","NHS","ROAD_FNC","ROUTE","TWAY_ID","TWAY_ID2","MILEPT","LATITUDE","LONGITUD","SP_JUR","HARM_EV","MAN_COLL","RELJCT1","RELJCT2","TYP_INT","REL_ROAD","WRK_ZONE","LGT_COND","WEATHER1","WEATHER2","WEATHER","SCH_BUS","RAIL","NOT_HOUR","NOT_MIN","ARR_HOUR","ARR_MIN","HOSP_HR","HOSP_MN","CF1","CF2","CF3","FATALS","DRUNK_DR"
48,481992,1,1,0,2,2,1,1,167,2570,1,10,2011,7,1,3,0,16,5,"SEAWALL BLVD                  ","                              ",0,29.27101944,-94.81956944,0,8,0,0,1,1,1,0,3,1,0,1,0,"0000000",1,4,1,9,1,37,0,0,0,1,1
48,481993,1,1,0,1,1,1,1,201,3280,1,10,2011,7,2,29,0,16,5,"SAM HOUSTON TOLLWAY           ","                              ",0,29.93930833,-95.33519167,0,8,0,0,1,1,1,0,2,1,0,1,0,"0000000",88,88,88,88,88,88,0,0,0,1,0
48,480182,1,1,0,0,0,1,1,169,0,4,2,2011,6,5,0,1,2,2,"US-84                         ","                              ",347,33.00155833,-101.16055278,0,32,0,0,1,1,4,0,2,1,0,1,0,"0000000",88,88,88,88,88,88,0,0,0,1,0
48,480183,3,1,2,1,1,1,1,201,3280,4,2,2011,6,5,50,1,11,1,"I-10                          ","                              ",368,29.77066111,-95.21435833,0,14,0,0,1,1,2,0,2,10,0,10,0,"0000000",88,88,88,88,88,88,0,0,0,1,0
48,480184,3,3,0,2,2,4,4,201,3280,4,2,2011,6,16,7,1,12,2,"US-59RAMP                     ","                              ",82,29.72546389,-95.47843333,0,12,1,0,5,1,1,0,3,3,0,3,0,"0000000",3,57,4,24,5,3,19,0,0,1,0
48,480185,1,1,0,1,1,1,1,371,0,4,2,2011,6,21,52,1,1,1,"I-10                          ","                              ",550,30.861275,-102.57958056,0,8,0,0,1,1,1,0,2,1,0,1,0,"0000000",88,88,88,88,88,88,0,0,0,1,0
48,480186,2,2,0,0,0,2,2,213,0,5,2,2011,7,13,50,1,2,3,"SR-21                         ","                              ",350,32.3057,-95.567925,0,12,6,0,1,1,1,0,1,1,0,1,0,"0000000",13,54,14,3,14,48,0,0,0,1,0
48,480187,1,1,0,0,0,1,1,297,0,5,2,2011,7,0,32,0,5,8,"FM 3024                       ","                              ",50,28.26241111,-97.93261667,0,38,0,0,1,1,4,0,2,3,0,3,0,"0000000",88,88,88,88,88,88,0,0,0,1,1
48,480188,2,2,0,0,0,2,2,423,7070,5,2,2011,7,12,17,1,13,2,"US-69                         ","                              ",124,32.36905,-95.32986667,0,12,6,0,8,1,1,0,1,1,0,1,0,"0000000",12,21,12,27,12,53,0,0,0,1,0
48,480189,1,1,0,0,0,1,1,201,0,6,2,2011,1,2,14,0,16,5,"LOUETTA                       ","                              ",0,30.00525556,-95.55245556,0,59,0,0,1,1,4,0,2,1,0,1,0,"0000000",2,15,2,26,2,44,0,0,0,1,1
48,480190,1,1,0,0,0,1,1,201,3280,6,2,2011,1,2,20,0,16,5,"HOMESTEAD                     ","                              ",0,29.81632222,-95.30187778,0,33,0,0,1,1,2,0,3,1,0,1,0,"0000000",88,88,88,88,88,88,0,0,0,1,1
48,480191,1,1,0,0,0,1,1,259,0,6,2,2011,1,10,40,1,1,1,"I-10                          ","                              ",239,29.73870556,-98.68758889,0,35,0,0,1,1,4,0,1,1,0,1,0,"0000000",88,88,88,88,88,88,0,0,0,1,0
48,480192,2,2,0,0,0,3,3,375,0,6,2,2011,1,1,15,1,13,2,"US-287                        ","FM 1912                       ",104,35.18857222,-101.65378611,0,12,6,0,2,3,1,0,2,10,0,10,0,"0000000",88,88,88,88,88,88,0,0,0,2,1
48,480193,1,1,0,0,0,1,1,469,7190,6,2,2011,1,3,37,0,16,5,"DELMAR                        ","                              ",0,28.79126667,-96.96438333,0,42,0,0,1,1,4,0,2,10,0,10,0,"0000000",88,88,88,88,88,88,0,0,0,1,1
48,480194,2,2,0,1,1,2,2,113,1730,7,2,2011,2,22,39,1,11,1,"I-20                          ","                              ",128,32.64298611,-96.84145,0,8,0,0,1,1,1,0,2,1,0,1,0,"0000000",88,88,88,88,88,88,0,0,0,1,0
48,480195,1,1,0,1,1,2,2,201,3280,7,2,2011,2,16,15,1,12,3,"SR-288                        ","SOUTHMORE BLVD                ",24,29.72248889,-95.37755833,0,9,0,1,2,2,1,0,1,10,0,10,0,"0000000",16,14,16,16,16,27,0,0,0,1,0
48,480196,1,1,0,0,0,2,2,201,3580,7,2,2011,2,2,44,0,16,5,"KATY HOCKLEY                  ","                              ",0,29.81500833,-95.82454444,0,42,0,0,1,1,4,0,3,1,0,1,0,"0000000",4,54,5,15,5,47,0,0,0,1,1
48,480197,2,2,0,0,0,2,2,347,0,8,2,2011,3,6,15,0,3,3,"SR-21                         ","                              ",247,31.573125,-94.56593611,0,12,2,0,1,1,1,0,2,1,0,1,0,"0000000",6,15,6,26,6,48,0,0,0,1,0
48,480198,2,2,0,0,0,4,4,5,0,9,2,2011,4,0,35,1,2,2,"US-69                         ","                              ",176,31.42893889,-94.81328889,0,12,2,0,1,1,1,0,3,1,0,1,0,"0000000",0,45,0,54,1,26,0,0,0,1,1
48,480199,1,1,0,0,0,1,1,29,6090,9,2,2011,4,2,6,0,16,5,"THOUSANDSOAKS                 ","                              ",0,29.542075,-98.39676389,0,1,0,0,1,1,1,0,3,2,0,2,0,"0000000",88,88,88,88,88,88,0,0,0,1,1
48,480200,1,1,0,0,0,4,4,75,0,9,2,2011,4,8,0,1,2,2,"US-62                         ","                              ",188,34.55091389,-100.20276944,0,1,0,0,1,1,4,0,1,4,0,4,0,"0000000",8,8,8,31,8,54,0,0,0,1,0
48,480201,2,2,0,1,1,2,2,201,3280,2,1,2011,1,5,0,1,12,2,"US-59                         ","                              ",111,29.70216667,-95.51587222,0,8,0,0,1,1,1,0,2,1,0,1,0,"0000000",88,88,88,88,88,88,0,0,0,1,1
48,480202,2,2,0,0,0,6,6,245,490,3,1,2011,2,2,34,0,14,8,"FM364                         ","                              ",123,30.10496389,-94.18991111,0,12,1,0,1,1,1,0,2,1,0,1,0,"0000000",2,35,2,40,3,7,0,0,0,1,1
48,480203,1,1,0,0,0,1,1,55,0,4,1,2011,3,23,15,0,4,8,"FM1854                        ","                              ",19,29.94965556,-97.58871944,0,42,0,0,1,1,4,0,2,2,5,2,0,"0000000",88,88,88,88,88,88,0,0,0,1,1
48,480204,1,1,0,0,0,1,1,491,3925,7,1,2011,6,4,46,1,13,2,"US-183                        ","                              ",204,30.552925,-97.84168889,0,42,0,0,1,1,4,0,2,1,0,1,0,"0000000",4,48,4,52,5,25,0,0,0,1,1
48,480205,1,1,0,0,0,1,1,303,4140,11,1,2011,3,7,6,1,12,2,"US-82                         ","                              ",194,33.59225,-101.84067222,0,24,0,1,18,1,4,0,4,1,0,1,0,"0000000",7,9,7,18,7,49,0,0,0,1,0
48,480206,2,2,0,0,0,2,2,233,780,16,1,2011,1,20,24,0,14,8,"FM1551                        ","                              ",23,35.64053889,-101.41375556,0,12,6,0,8,1,1,0,2,5,0,5,0,"0000000",88,88,88,88,88,88,0,0,0,1,2
48,480207,1,1,0,2,2,1,1,85,4230,18,1,2011,3,20,36,1,12,2,"US-75                         ","                              ",129,33.22778333,-96.63352222,0,8,0,0,1,1,1,1,2,1,0,1,0,"0000000",20,41,20,51,21,18,0,0,0,1,1
48,480208,2,2,0,0,0,3,3,135,5030,22,1,2011,7,19,30,1,13,2,"US-385                        ","                              ",182,31.90351389,-102.39168333,0,12,1,0,1,1,1,0,3,1,0,1,0,"0000000",19,33,19,36,19,52,0,0,0,1,2
48,480209,2,2,0,0,0,2,2,201,3280,29,1,2011,7,1,30,1,11,1,"I-10RAMP                      ","I-610                         ",337,29.77264722,-95.26526111,0,12,2,1,5,1,1,0,3,1,0,1,0,"0000000",1,42,1,48,2,46,0,0,0,1,1
48,480210,1,1,0,0,0,1,1,339,0,30,1,2011,1,4,30,0,6,4,"NICHOLS SAWMILL RD            ","                              ",0,30.15824444,-95.75297222,0,32,0,0,1,1,4,0,2,1,0,1,0,"0000000",88,88,88,88,88,88,0,0,0,1,1
48,480212,1,1,0,0,0,1,1,183,0,12,2,2011,7,7,10,0,14,3,"SR-42                         ","                              ",60,32.47026111,-94.85063333,0,42,0,0,1,1,4,0,2,1,0,1,0,"0000000",88,88,88,88,88,88,0,0,0,1,1
48,480213,1,1,0,1,1,2,2,355,1550,12,2,2011,7,0,2,0,16,5,"EMBASSY                       ","                              ",0,27.715275,-97.38956111,0,8,0,0,8,1,1,0,3,1,0,1,0,"0000000",88,88,88,88,88,88,0,0,0,1,0
48,480214,3,3,0,0,0,6,6,85,1535,13,2,2011,1,14,10,0,3,3,"SR-78                         ","546                           ",228,33.08052222,-96.42435833,0,12,1,0,2,2,1,0,1,1,0,1,0,"0000000",14,28,14,42,15,19,0,0,0,1,0
48,480215,1,1,0,0,0,2,2,113,1730,13,2,2011,1,4,38,1,11,1,"I-35                          ","                              ",104,32.70098889,-96.82423889,0,21,0,1,18,1,4,0,3,1,0,1,0,"0000000",4,37,4,41,5,14,0,0,0,2,0
48,480730,1,1,0,0,0,2,2,293,0,26,4,2011,3,22,5,0,3,3,"SR-14                         ","                              ",10,31.40055,-96.58745556,0,42,0,0,1,1,4,0,2,2,0,2,0,"0000000",22,5,22,21,22,52,0,0,0,1,0
48,480731,2,2,0,0,0,2,2,309,0,26,4,2011,3,15,40,1,2,3,"SR-31                         ","                              ",115,31.68078611,-96.96690833,0,12,8,0,1,1,1,1,1,1,0,1,0,"0000000",88,88,88,88,88,88,0,0,0,1,0
48,480732,1,1,0,0,0,3,3,29,6090,27,4,2011,4,0,15,1,12,2,"US-281                        ","                              ",202,29.51879722,-98.47928056,0,21,0,0,1,1,4,0,3,1,0,1,0,"0000000",99,99,99,99,99,99,0,0,0,2,1
48,480733,2,2,0,0,0,3,3,73,0,27,4,2011,4,13,0,1,2,2,"US-175                        ","                              ",1,32.03968611,-95.435775,0,12,2,0,1,1,1,0,1,1,0,1,0,"0000000",13,16,13,27,14,4,0,0,0,1,0
48,480734,1,1,0,0,0,2,2,201,0,27,4,2011,4,2,30,1,13,8,"FM1960                        ","                              ",263,29.99946944,-95.15919722,0,32,0,0,1,1,4,0,2,1,0,1,0,"0000000",2,47,3,2,3,31,0,0,0,2,1
48,480735,3,3,0,1,1,7,7,309,7210,27,4,2011,4,11,3,0,16,5,"CLAY AVE                      ","S 12TH ST                     ",0,31.54715556,-97.13328056,0,12,11,0,2,2,1,0,1,1,0,1,0,"0000000",11,6,11,12,11,49,20,0,0,1,0
48,480736,1,1,0,0,0,1,1,423,0,27,4,2011,4,14,54,0,6,4,"313                           ","                              ",0,32.47125,-95.24459722,0,1,0,0,1,1,4,0,1,1,0,1,0,"0000000",99,99,99,99,99,99,0,0,0,1,0
48,480737,1,1,0,0,0,1,1,27,6810,28,4,2011,5,6,25,1,13,3,"SR-53                         ","SS290                         ",100,31.09726667,-97.34319722,0,59,0,0,3,2,3,0,3,1,0,1,0,"0000000",99,99,6,28,6,48,0,0,0,1,0
48,480738,4,4,0,0,0,4,4,259,0,28,4,2011,5,16,55,1,1,1,"I-10                          ","                              ",234,29.74486389,-98.69418611,0,57,0,0,1,1,3,0,1,1,0,1,0,"0000000",16,57,17,5,17,25,0,0,0,1,0
48,480739,2,2,0,0,0,3,3,339,1510,28,4,2011,5,17,49,1,13,3,"SR-105                        ","                              ",260,30.327,-95.49913889,0,12,6,0,8,1,1,0,1,1,0,1,0,"0000000",99,99,17,53,18,41,0,0,0,1,0
48,480740,1,1,0,0,0,1,1,455,0,28,4,2011,5,3,0,0,3,3,"SR-94                         ","                              ",91,31.16800278,-95.0602,0,32,0,0,1,1,4,0,2,1,0,1,0,"0000000",88,88,88,88,88,88,0,0,0,1,1
48,480741,1,1,0,0,0,2,2,61,0,29,4,2011,6,3,30,0,14,8,"FM 1419                       ","                              ",75,25.86066944,-97.39051111,0,38,0,0,1,1,4,0,2,1,0,1,0,"0000000",3,50,4,2,4,22,0,0,0,1,1
48,480742,6,5,1,0,0,7,7,113,1730,29,4,2011,6,19,9,0,16,5,"HAMPTON                       ","CALYPSO                       ",0,32.79131944,-96.85639444,0,12,6,0,2,2,1,0,1,1,0,1,0,"0000000",88,88,88,88,88,88,0,0,0,1,0
48,480743,2,2,0,0,0,3,3,203,4360,29,4,2011,6,10,51,1,13,2,"US-59                         ","                              ",24,32.53689722,-94.34974167,0,1,0,0,8,1,1,0,1,1,0,1,0,"0000000",10,53,10,55,11,10,0,0,0,1,1
48,480744,1,1,0,1,1,1,1,29,6090,30,4,2011,7,0,59,1,11,1,"I-410                         ","                              ",108,29.45784444,-98.62594444,0,8,0,0,1,1,1,0,3,1,0,1,0,"0000000",88,88,88,88,88,88,0,0,0,1,0
48,480745,1,1,0,0,0,3,3,61,940,30,4,2011,7,2,23,1,13,8,"FM 802                        ","                              ",62,25.94964444,-97.52020556,0,31,0,0,1,1,3,0,3,1,0,1,0,"432642G",2,23,2,32,2,45,0,0,0,1,1
48,480746,2,2,0,0,0,8,8,201,0,30,4,2011,7,9,35,0,6,7,"US-90                         ","UVALDE                        ",87,29.828925,-95.18253889,0,12,6,0,2,2,1,0,1,10,0,10,0,"0000000",9,53,10,6,10,40,0,0,0,1,0
48,480747,1,1,0,1,1,2,2,225,0,30,4,2011,7,0,25,0,4,8,"FM 2110                       ","                              ",20,31.285525,-95.47752778,0,8,0,0,1,1,1,0,2,1,0,1,0,"0000000",88,88,88,88,88,88,0,0,0,1,0
48,480748,1,1,0,0,0,3,3,265,0,30,4,2011,7,17,13,1,1,1,"I-10                          ","                              ",254,30.05685,-99.04140278,0,1,0,0,1,1,4,0,1,10,0,10,0,"0000000",17,17,17,25,18,0,0,0,0,1,0
48,480749,2,2,0,0,0,2,2,329,4560,30,4,2011,7,1,44,1,11,7,"I-20                          ","SR-349                        ",90,31.97304722,-102.07421944,0,12,6,1,2,2,1,0,2,1,0,1,0,"0000000",1,45,1,49,2,7,0,0,0,1,1
48,480750,2,2,0,0,0,2,2,343,0,30,4,2011,7,7,5,0,3,2,"US-259                        ","                              ",37,33.25732222,-94.74350556,0,12,6,0,1,1,2,0,1,10,0,10,0,"0000000",7,28,7,47,8,39,0,0,0,1,0
48,480751,1,1,0,1,1,1,1,363,0,9,4,2011,7,23,50,1,1,1,"I-20                          ","                              ",203,32.63395278,-98.06915833,0,8,0,0,1,1,1,0,3,1,0,1,0,"0000000",88,88,88,88,88,88,0,0,0,1,0
48,480752,1,1,0,0,0,2,2,373,0,9,4,2011,7,2,58,0,3,8,"FM356                         ","                              ",2,30.84465278,-95.173875,0,1,0,0,1,1,1,0,2,1,0,1,0,"0000000",3,0,3,14,3,48,0,0,0,1,1
48,480753,1,1,0,0,0,1,1,459,0,9,4,2011,7,20,59,0,4,8,"FM2088                        ","                              ",70,32.84159444,-95.04899444,0,42,0,0,1,1,4,0,2,1,0,1,0,"0000000",88,88,88,88,88,88,0,0,0,1,1
48,480754,2,2,0,0,0,2,2,201,0,10,4,2011,1,0,55,0,6,4,"RANKIN RD                     ","                              ",0,29.96584444,-95.41545278,0,12,6,0,8,1,1,0,2,10,0,10,0,"0000000",88,88,88,88,88,88,0,0,0,1,1
48,480755,2,2,0,0,0,2,2,215,4197,10,4,2011,1,22,36,0,16,5,"S 2ND ST                      ","W JACKSON AVE                 ",0,26.19311389,-98.22280833,0,12,6,0,2,2,1,0,3,1,0,1,0,"0000000",22,39,22,40,22,54,0,0,0,1,0
48,480756,1,1,0,0,0,1,1,299,0,10,4,2011,1,13,16,0,6,4,"321                           ","                              ",0,30.70695,-98.4721,0,1,0,0,1,1,4,0,1,1,0,1,0,"0000000",88,88,88,88,88,88,0,0,0,1,1
48,480757,1,1,0,0,0,1,1,401,4895,10,4,2011,1,1,33,0,4,3,"SR-42                         ","                              ",81,32.26238611,-94.93054444,0,42,0,0,1,1,4,0,2,1,0,1,0,"0000000",99,99,99,99,99,99,0,0,0,1,1
48,480758,2,2,0,0,0,3,3,423,7070,10,4,2011,1,20,5,1,13,3,"SR-64                         ","LYONS                         ",90,32.3502,-95.32623333,0,12,2,0,2,2,1,0,3,10,0,10,0,"0000000",20,13,20,16,20,42,0,0,0,2,1
48,480759,2,2,0,0,0,3,3,5,3330,11,4,2011,2,8,25,1,2,2,"US-69                         ","                              ",101,31.27435,-94.57279167,0,12,2,0,1,1,1,0,1,1,0,1,0,"0000000",99,99,99,99,99,99,0,0,0,1,0
48,480760,1,1,0,0,0,1,1,141,2190,11,4,2011,2,1,49,1,2,8,"SL375                         ","                              ",200,31.87150833,-106.34260278,0,26,0,0,1,1,3,0,3,1,0,1,0,"0000000",88,88,88,88,88,88,0,0,0,1,0
48,480761,2,1,1,0,0,3,3,183,4080,11,4,2011,2,0,5,0,14,8,"FM1845                        ","                              ",161,32.50910556,-94.7955,0,14,0,0,1,1,4,0,3,1,0,1,0,"0000000",0,7,0,11,0,22,0,0,0,2,1
48,480762,1,1,0,0,0,3,3,187,6290,11,4,2011,2,0,28,0,14,8,"BS123B                        ","ABARCUS ST                    ",68,29.53841389,-97.96839167,0,32,0,0,1,1,4,0,2,1,0,1,0,"0000000",99,99,99,99,99,99,0,0,0,1,0
48,481277,4,4,0,0,0,4,4,121,1190,30,6,2011,5,22,47,1,12,3,"SR-121                        ","                              ",83,33.02393889,-96.93305833,0,12,1,0,1,1,1,0,3,1,0,1,0,"0000000",22,48,22,58,23,27,0,0,0,2,0
48,481278,2,2,0,0,0,3,3,485,7490,30,6,2011,5,21,34,1,13,8,"SL473                         ","33RD ST                       ",11,33.88063333,-98.49399444,0,12,6,0,2,2,1,0,3,1,0,1,0,"0000000",21,35,21,41,21,57,0,0,0,2,0
48,481279,2,2,0,0,0,2,2,479,3899,10,4,2011,1,5,40,0,16,5,"INTERNATIONAL BLVD            ","                              ",0,27.57942778,-99.49194167,0,12,2,0,1,1,1,0,3,1,0,1,0,"0000000",99,99,5,46,6,15,0,0,0,1,0
48,481280,3,3,0,0,0,3,3,29,6090,21,4,2011,5,23,21,1,12,2,"US-90                         ","                              ",90,29.39616944,-98.51440556,0,25,0,0,1,1,3,0,3,10,0,10,0,"0000000",23,22,23,30,23,59,0,0,0,1,1
48,481281,1,1,0,0,0,1,1,49,0,30,4,2011,7,12,25,0,4,8,"PR 15                         ","                              ",56,31.85531111,-99.04470833,8,1,0,0,1,1,4,0,1,1,0,1,0,"0000000",12,24,12,46,13,37,0,0,0,1,0
48,481282,1,1,0,0,0,1,1,29,0,4,5,2011,4,20,15,0,4,8,"FM 2790                       ","                              ",37,29.22510833,-98.71001111,0,38,0,0,1,1,4,0,1,1,0,1,0,"0000000",88,88,88,88,88,88,0,0,0,1,1
48,481283,1,1,0,1,1,2,2,491,6780,5,5,2011,5,14,53,0,16,5,"WASHBURN ST                   ","SEVENTH ST                    ",0,30.57368889,-97.40771944,0,8,0,0,3,2,1,0,1,1,0,1,0,"0000000",88,88,88,88,88,88,0,0,0,1,0
48,481284,3,3,0,0,0,6,6,93,0,24,5,2011,3,16,16,1,2,3,"SR-6                          ","OLD COMANCHE RD               ",81,32.125325,-98.55869167,0,12,1,0,2,3,1,0,1,1,0,1,0,"0000000",16,19,16,25,17,5,0,0,0,1,0
48,481285,2,2,0,0,0,5,5,235,0,16,6,2011,5,22,49,0,3,2,"US-67                         ","                              ",16,31.24054444,-100.82153333,0,12,2,0,1,1,1,0,2,1,0,1,0,"0000000",23,5,23,29,23,59,0,0,0,4,0
48,481286,1,1,0,0,0,1,1,339,0,18,6,2011,7,14,55,0,4,8,"FM 2854                       ","                              ",43,30.34588056,-95.65225,0,1,0,0,1,1,4,0,1,1,0,1,0,"0000000",16,41,16,47,17,22,0,0,0,1,1
48,481287,1,1,0,0,0,2,2,37,0,19,6,2011,1,17,45,0,14,2,"US-82                         ","                              ",63,33.44930278,-94.17055,0,1,0,0,1,1,1,0,1,1,0,1,0,"0000000",17,48,17,53,18,52,0,0,0,1,1
48,481288,3,3,0,0,0,4,4,471,0,22,6,2011,4,10,30,1,11,1,"I-45                          ","                              ",166,30.72105278,-95.571625,0,12,6,1,5,1,1,0,1,2,0,2,0,"0000000",99,99,99,99,99,99,0,0,0,1,0
48,481289,2,2,0,0,0,2,2,61,0,25,6,2011,7,2,15,1,13,8,"BU 83                         ","                              ",18,26.15625556,-97.83327222,0,12,6,0,8,1,1,0,3,10,0,10,0,"0000000",88,88,88,88,88,88,0,0,0,2,1
48,481290,2,2,0,0,0,3,3,141,2190,25,6,2011,7,2,55,1,11,1,"I-10                          ","                              ",187,31.75901389,-106.498825,0,31,0,0,1,1,4,0,3,1,0,1,0,"0000000",99,99,99,99,99,99,14,0,0,2,0
48,481291,3,3,0,0,0,6,6,201,3280,25,6,2011,7,3,15,1,11,1,"I-45                          ","                              ",268,29.79871944,-95.37160556,0,12,7,0,1,1,1,0,3,1,0,1,0,"0000000",3,27,3,38,4,5,0,0,0,1,1
48,481292,1,1,0,0,0,1,1,201,3280,25,6,2011,7,19,0,0,16,5,"ALMEDA GENOA RD               ","                              ",0,29.62812222,-95.29176111,0,43,0,0,1,1,4,0,1,1,0,1,0,"0000000",19,0,19,14,19,41,0,0,0,1,1
48,481293,1,1,0,0,0,6,6,21,0,1,7,2011,6,13,55,0,3,3,"SR-95                         ","JORDAN LN                     ",32,30.29866667,-97.34549722,0,1,0,0,3,3,1,0,1,1,0,1,0,"0000000",14,5,14,27,15,2,0,0,0,1,1
48,481294,2,1,1,1,1,1,1,27,0,1,7,2011,6,23,53,1,1,1,"I-35                          ","                              ",76,30.93215,-97.54137778,0,14,0,0,1,1,2,0,3,1,0,1,0,"0000000",23,54,0,12,0,42,23,0,0,1,1
48,481295,1,1,0,0,0,5,5,105,0,1,7,2011,6,17,0,1,1,1,"I-10                          ","                              ",555,30.70164167,-101.22259722,0,42,0,0,1,1,4,0,1,1,0,1,0,"0000000",17,9,17,19,18,34,0,0,0,1,0
48,481296,1,1,0,1,1,2,2,439,2255,1,7,2011,6,21,42,1,13,3,"SR-10                         ","                              ",84,32.82605833,-97.10753611,0,8,0,0,1,1,1,0,3,1,0,1,0,"0000000",99,99,21,45,22,12,0,0,0,1,0
48,481297,1,1,0,1,1,1,1,453,330,1,7,2011,6,21,37,1,12,3,"SR-71                         ","                              ",126,30.21893333,-97.67015278,0,8,0,0,1,1,1,0,2,1,0,1,0,"0000000",88,88,88,88,88,88,0,0,0,1,0
48,481298,2,2,0,0,0,7,7,507,0,1,7,2011,6,17,15,0,3,2,"US-57                         ","                              ",20,28.93871667,-99.81999722,0,12,1,0,1,1,1,0,1,2,0,2,0,"0000000",88,88,88,88,88,88,0,0,0,5,0
48,481300,1,1,0,0,0,1,1,201,0,2,7,2011,7,15,49,0,6,4,"CROSBY DAYTON RD              ","                              ",0,29.93508611,-95.03463611,0,59,0,0,1,1,4,0,1,1,0,1,0,"0000000",88,88,88,88,88,88,0,0,0,1,0
48,481301,1,1,0,1,1,3,3,201,0,2,7,2011,7,21,35,1,11,1,"I-10                          ","                              ",266,29.78511667,-95.6648,0,8,0,0,1,1,1,0,2,10,0,10,0,"0000000",88,88,88,88,88,88,0,0,0,1,0
48,481302,2,2,0,0,0,8,8,371,0,2,7,2011,7,23,42,1,2,2,"US-285                        ","                              ",12,31.1052,-103.2353,0,12,2,0,1,1,1,0,2,1,0,1,0,"0000000",99,99,99,99,99,99,0,0,0,3,0
48,481303,1,1,0,1,1,1,1,439,502,2,7,2011,7,5,20,0,16,5,"BROWN                         ","                              ",0,32.83218889,-97.16274444,0,8,0,0,1,1,1,0,3,1,0,1,0,"0000000",5,27,5,29,6,1,0,0,0,1,0
48,481304,1,1,0,0,0,3,3,27,3690,3,7,2011,1,6,18,1,13,3,"SR-195                        ","                              ",6,31.12168889,-97.74261389,0,59,0,0,1,1,4,0,1,1,0,1,0,"0000000",6,22,6,26,6,43,0,0,0,2,0
48,481305,2,2,0,0,0,6,6,167,1920,3,7,2011,1,18,26,1,11,1,"I-45                          ","                              ",125,29.44798056,-95.07596389,0,25,0,0,1,1,3,0,1,1,0,1,0,"0000000",19,18,19,36,20,6,0,0,0,1,0
48,481306,1,1,0,0,0,3,3,187,4870,3,7,2011,1,5,40,1,13,3,"SR-46                         ","                              ",32,29.65699722,-98.04636111,0,32,0,0,1,1,4,0,2,1,0,1,0,"0000000",6,5,6,12,6,45,0,0,0,1,0
48,481307,1,1,0,0,0,2,2,201,3280,3,7,2011,1,2,10,1,11,1,"I-10                          ","                              ",243,29.77733056,-95.41196667,0,33,0,0,5,1,10,0,3,10,0,10,0,"0000000",99,99,99,99,99,99,0,0,0,2,1
48,481308,1,1,0,0,0,2,2,201,5230,3,7,2011,1,16,46,0,16,5,"RED BLUFF RD                  ","                              ",0,29.63354167,-95.10685,0,1,0,0,1,1,4,0,1,1,0,1,0,"0000000",88,88,88,88,88,88,0,0,0,2,0
48,481309,2,2,0,0,0,3,3,339,0,3,7,2011,1,17,10,0,4,8,"FM 830                        ","                              ",26,30.40413333,-95.53236944,0,12,6,0,1,1,1,0,1,10,0,10,0,"0000000",16,56,17,4,17,42,0,0,0,1,0
48,481310,2,1,1,0,2,2,4,359,0,3,7,2011,1,6,5,1,1,1,"I-40                          ","                              ",158,35.25707778,-102.49447778,0,14,0,0,1,1,8,0,2,1,0,1,0,"0000000",88,88,88,88,88,88,0,0,0,2,1
48,481891,1,1,0,0,0,1,1,325,0,5,9,2011,2,23,3,0,5,8,"FM 2200                       ","                              ",43,29.26826389,-99.27355556,0,38,0,0,1,1,4,0,2,1,0,1,0,"0000000",88,88,88,88,88,88,20,0,0,1,0
48,481994,1,1,0,0,0,2,2,309,0,1,10,2011,7,14,10,0,6,4,"OLD OGLESBY RD                ","                              ",0,31.42265,-97.48186111,0,1,0,0,1,1,4,0,1,1,0,1,0,"0000000",14,39,15,2,15,21,0,0,0,1,0
48,481995,2,2,0,0,0,2,2,401,0,1,10,2011,7,11,18,0,4,8,"FM 95                         ","                              ",246,31.97542222,-94.67014444,0,12,2,0,1,1,1,0,1,1,0,1,0,"0000000",99,99,99,99,99,99,0,0,0,1,0
48,481996,1,1,0,0,0,1,1,453,0,1,10,2011,7,7,34,0,6,5,"LITTIG RD                     ","                              ",0,30.334775,-97.51164722,0,38,0,0,1,1,4,0,2,1,0,1,0,"0000000",88,88,88,88,88,88,0,0,0,1,1
48,481997,2,2,0,0,0,5,5,499,0,1,10,2011,7,21,36,0,4,8,"FM 515                        ","1516                          ",10,32.87911944,-95.64711111,0,12,6,0,2,2,1,0,2,1,0,1,0,"0000000",21,43,21,58,22,32,0,0,0,1,0
48,481998,1,1,0,0,0,1,1,11,0,2,10,2011,1,16,38,0,5,8,"FM 1258                       ","                              ",89,35.00050833,-101.47014444,0,43,0,0,1,1,4,0,1,1,0,1,0,"0000000",88,88,88,88,88,88,0,0,0,1,1