"STATE","ST_CASE","VE_TOTAL","VE_FORMS","PVH_INVL","PEDS","PERNOTMVIT","PERMVIT","PERSONS","COUNTY","CITY","DAY","MONTH","YEAR","DAY_WEEK","HOUR","MINUTE","NHS","ROAD_FNC","ROUTE","TWAY_ID","TWAY_ID2","MILEPT","LATITUDE","LONGITUD","SP_JUR","HARM_EV","MAN_COLL","RELJCT1","RELJCT2","TYP_INT","REL_ROAD","WRK_ZONE","LGT_COND","WEATHER1","WEATHER2","WEATHER","SCH_BUS","RAIL","NOT_HOUR","NOT_MIN","ARR_HOUR","ARR_MIN","HOSP_HR","HOSP_MN","CF1","CF2","CF3","FATALS","DRUNK_DR"
48,480823,1,1,0,0,0,4,4,51,0,23,4,2011,7,23,5,0,3,8,"FM-60                         ","                              ",81,30.48046389,-96.49037222,0,42,0,0,1,1,4,0,2,10,0,10,0,"0000000",23,5,23,17,23,59,0,0,0,1,1
48,480824,1,1,0,0,0,1,1,89,0,23,4,2011,7,23,22,0,6,4,"MENTZ                         ","                              ",0,29.7281,-96.46113611,0,1,0,0,1,1,4,0,2,1,0,1,0,"0000000",88,88,88,88,88,88,0,0,0,1,0
48,480825,1,1,0,0,0,3,3,201,3280,23,4,2011,7,5,5,0,16,8,"EL CAMINO REAL                ","                              ",0,29.56158611,-95.12666389,0,30,0,0,1,1,3,0,3,1,0,1,0,"0000000",5,24,5,33,5,54,0,0,0,1,1
48,480826,1,1,0,0,0,2,2,209,0,23,4,2011,7,1,0,0,4,8,"FM 2325                       ","                              ",122,30.01035278,-98.11899722,0,34,0,0,1,1,4,0,2,1,0,1,0,"0000000",88,88,88,88,88,88,0,0,0,1,0
48,480827,1,1,0,0,0,1,1,277,0,23,4,2011,7,19,25,0,6,4,"44800                         ","                              ",0,33.70354444,-95.35354444,0,11,0,0,1,1,1,0,1,1,0,1,0,"0000000",88,88,88,88,88,88,0,0,0,1,0
48,480828,1,1,0,0,0,1,1,303,4140,23,4,2011,7,2,43,1,12,2,"US-62RAMP                     ","                              ",112,33.55460278,-101.93750833,0,59,0,1,5,1,10,0,3,1,0,1,0,"0000000",88,88,88,88,88,88,0,0,0,1,1
48,480829,2,1,1,0,1,1,2,367,7280,23,4,2011,7,0,45,1,11,1,"I-20                          ","                              ",171,32.72834167,-97.81911389,0,14,0,0,1,1,2,0,2,1,0,1,0,"0000000",88,88,88,88,88,88,20,0,0,1,0
48,480830,1,1,0,0,0,5,5,395,0,23,4,2011,7,3,16,0,4,8,"FM-46                         ","                              ",207,31.07980833,-96.55006667,0,1,0,0,1,1,4,0,2,1,0,1,0,"0000000",3,39,3,58,5,9,0,0,0,1,0
48,480831,2,2,0,0,0,4,4,473,0,23,4,2011,7,18,8,0,4,8,"FM359                         ","                              ",354,29.75208333,-95.94531944,0,12,6,0,1,1,4,0,1,1,0,1,0,"0000000",18,14,18,37,19,8,0,0,0,1,0
48,480832,1,1,0,0,0,1,1,61,940,24,4,2011,1,17,56,0,16,5,"DANA AVE                      ","                              ",0,25.95125278,-97.46789167,0,35,0,0,1,1,4,0,1,1,0,1,0,"0000000",17,57,18,5,18,39,0,0,0,1,0
48,481346,2,2,0,0,0,7,7,29,6090,15,7,2011,6,17,55,1,11,1,"I-35                          ","                              ",268,29.44141944,-98.43863611,0,12,6,0,1,1,1,0,1,1,0,1,0,"0000000",17,56,18,12,18,42,0,0,0,1,0
48,481347,2,2,0,0,0,2,2,73,3470,15,7,2011,6,3,49,1,13,2,"US-79                         ","                              ",56,31.96948056,-95.23469167,0,12,2,0,1,1,1,0,6,1,0,1,0,"0000000",99,99,99,99,99,99,0,0,0,1,0
48,481348,4,4,0,0,0,8,8,209,6170,15,7,2011,6,17,50,1,13,3,"SR-123                        ","                              ",104,29.86419444,-97.93885556,0,12,1,0,8,1,1,0,1,1,0,1,0,"0000000",17,51,17,55,18,31,0,0,0,1,1
48,481349,3,1,2,0,0,1,1,491,3981,15,7,2011,6,8,36,0,3,3,"SR-29                         ","                              ",88,30.65856944,-97.89017778,0,43,0,0,1,1,4,0,1,1,0,1,0,"0000000",88,88,88,88,88,88,0,0,0,1,0
48,481350,2,2,0,1,1,3,3,29,6090,16,7,2011,7,1,41,1,11,1,"I-37                          ","                              ",120,29.43405556,-98.47801111,0,8,0,1,18,1,1,0,3,1,0,1,0,"0000000",1,47,1,56,2,21,0,0,0,1,1
48,481351,1,1,0,1,1,1,1,355,1550,16,7,2011,7,21,45,1,12,3,"SR-358                        ","                              ",103,27.70469444,-97.36394444,0,8,0,0,1,1,1,0,3,1,0,1,0,"0000000",21,46,21,50,22,3,0,0,0,1,0
48,481352,2,2,0,0,0,3,3,5,0,17,7,2011,1,13,58,1,2,3,"SR-103                        ","                              ",38,31.39185556,-94.90055833,0,12,6,0,1,1,1,0,1,1,0,1,0,"0000000",99,99,99,99,99,99,0,0,0,1,0
48,481353,1,1,0,0,0,3,3,201,0,17,7,2011,1,1,20,0,6,4,"SJOLANDER RD                  ","ARCHER RD                     ",0,29.79459444,-94.93505556,0,32,0,0,3,2,4,0,3,10,0,10,0,"0000000",1,33,1,38,2,23,0,0,0,1,1
48,481354,2,2,0,0,0,4,4,439,260,17,7,2011,1,23,19,0,15,3,"SR-360                        ","                              ",174,32.67325278,-97.0625,0,1,0,1,18,1,1,0,2,1,0,1,0,"0000000",88,88,88,88,88,88,0,0,0,1,0
48,481355,1,1,0,1,1,1,1,29,6090,19,7,2011,3,3,9,1,13,8,"SS 536                        ","                              ",5,29.41069167,-98.49933889,0,8,0,0,1,1,1,0,3,1,0,1,0,"0000000",88,88,88,88,88,88,0,0,0,1,1
48,481356,7,7,0,0,0,7,7,157,6660,19,7,2011,3,17,34,1,12,2,"US-59                         ","                              ",94,29.56151944,-95.68901389,0,12,1,1,18,1,1,0,1,1,0,1,0,"0000000",17,35,17,41,18,14,0,0,0,1,0
48,481357,2,2,0,0,0,3,3,201,0,20,7,2011,4,20,55,0,6,5,"LOUETTA RD                    ","HAUDE RD                      ",0,30.0533,-95.461075,0,12,6,0,2,3,1,0,3,1,0,1,0,"0000000",21,0,21,7,21,43,0,0,0,1,0
48,481358,1,1,0,0,0,1,1,459,5115,20,7,2011,4,8,30,0,4,8,"FM 1649                       ","FIFTH                         ",104,32.79555278,-94.72413611,0,32,0,0,2,3,4,0,1,1,0,1,0,"0000000",8,35,8,41,9,24,0,0,0,1,0
48,481359,2,2,0,0,0,3,3,29,6090,21,7,2011,5,21,41,1,11,1,"I-35                          ","JUDSON                        ",365,29.55218333,-98.35505,0,12,1,0,1,1,1,0,3,1,0,1,0,"0000000",88,88,88,88,88,88,0,0,0,1,1
48,481360,1,1,0,1,1,1,1,251,1370,23,7,2011,7,3,45,1,13,8,"BU 67                         ","                              ",77,32.36406667,-97.35651111,0,8,0,0,1,1,1,0,2,1,0,1,0,"0000000",88,88,88,88,88,88,0,0,0,1,0
48,481361,2,2,0,0,0,2,2,375,150,23,7,2011,7,0,9,1,13,2,"US-60                         ","COLUMBINE                     ",134,35.22200278,-101.771025,0,12,6,0,2,3,1,0,3,1,0,1,0,"0000000",88,88,88,88,88,88,0,0,0,1,0
48,481362,1,1,0,1,1,2,2,113,1730,24,7,2011,1,9,55,1,11,1,"I-30                          ","                              ",78,32.76670833,-96.89836389,0,8,0,0,1,1,1,0,1,1,0,1,0,"0000000",88,88,88,88,88,88,0,0,0,1,0
48,481363,1,1,0,0,0,1,1,329,0,23,4,2011,7,23,55,0,6,4,"1140                          ","                              ",0,32.03167778,-102.00410833,0,10,0,0,6,1,4,0,2,1,0,1,0,"796345U",88,88,88,88,88,88,0,0,0,1,1
48,481364,2,2,0,0,0,2,2,3,0,30,5,2011,2,11,36,1,2,2,"US-385                        ","                              ",196,32.24681667,-102.52243889,0,1,0,0,1,1,1,0,1,1,0,1,0,"0000000",99,99,99,99,99,99,0,0,0,1,0
48,481365,2,1,1,0,0,1,1,29,0,6,6,2011,2,23,43,0,4,2,"US-281                        ","                              ",103,29.18673889,-98.48080278,0,43,0,0,1,1,4,0,2,1,0,1,0,"0000000",88,88,88,88,88,88,0,0,0,1,1
48,481366,3,3,0,0,0,3,3,135,0,8,6,2011,4,16,25,1,13,8,"SL338                         ","YUKIN RD                      ",256,31.92299167,-102.34846111,0,12,6,0,2,2,1,0,1,1,0,1,0,"0000000",16,26,16,35,16,56,0,0,0,1,0
48,481367,1,1,0,0,0,3,3,299,0,8,6,2011,4,17,29,0,6,4,"RIVER PARK DR                 ","                              ",0,30.7522,-98.73636111,0,1,0,0,1,1,4,0,1,1,0,1,0,"0000000",99,99,99,99,99,99,0,0,0,1,0
48,481368,2,2,0,0,0,5,5,135,0,12,6,2011,1,3,0,1,1,1,"I-20                          ","                              ",35,31.67456667,-102.70345556,0,12,2,0,1,1,1,0,2,1,0,1,0,"0000000",3,8,3,47,4,7,0,0,0,3,1
48,481369,2,2,0,0,0,4,4,453,330,12,6,2011,1,21,11,1,11,7,"I-35                          ","US-290                        ",220,30.32269167,-97.70611944,0,12,6,1,2,2,1,0,3,1,0,1,0,"0000000",21,12,21,15,21,40,0,0,0,1,0
48,481370,1,1,0,1,1,1,1,215,0,14,6,2011,3,22,27,0,6,4,"HUTTO RD                      ","                              ",0,26.18858889,-98.06504722,0,8,0,0,1,1,1,0,2,1,0,1,0,"0000000",88,88,88,88,88,88,0,0,0,1,0
48,481371,1,1,0,1,1,1,1,91,4870,18,6,2011,7,13,26,1,11,1,"I-35                          ","                              ",0,29.65204444,-98.19128611,0,8,0,0,1,1,3,0,1,1,0,1,0,"0000000",13,36,13,42,14,1,23,0,0,1,0
48,481372,2,2,0,0,0,2,2,491,5990,18,6,2011,7,17,11,1,11,1,"I-25                          ","                              ",35,30.52603333,-97.69023056,0,12,7,0,1,1,1,0,1,1,0,1,0,"0000000",88,88,88,88,88,88,0,0,0,1,0
48,481373,1,1,0,0,0,1,1,491,0,18,6,2011,7,0,30,0,6,4,"MONAHANS                      ","                              ",0,30.57857778,-97.77368333,0,33,0,0,1,1,4,0,2,1,0,1,0,"0000000",0,26,0,41,1,7,0,0,0,1,1
48,481374,1,1,0,0,0,1,1,223,0,23,6,2011,5,23,46,0,3,3,"SR-11                         ","                              ",85,32.98995278,-95.33315556,0,42,0,0,1,1,4,0,2,1,0,1,0,"0000000",88,88,88,88,88,88,0,0,0,1,1
48,481375,1,1,0,0,0,2,2,29,6090,24,6,2011,6,14,28,1,1,1,"I-10                          ","                              ",42,29.69162778,-98.64643333,0,1,0,0,1,1,3,0,1,10,0,10,0,"0000000",14,30,15,1,15,24,0,0,0,1,0
48,481376,1,1,0,0,0,1,1,201,0,30,6,2011,5,19,45,0,6,5,"FALLBROOK DR                  ","                              ",0,29.92460833,-95.58559167,0,33,0,0,1,1,3,0,1,1,0,1,0,"0000000",19,57,20,1,20,16,0,0,0,1,0
48,481377,2,2,0,0,0,2,2,343,5090,30,6,2011,5,18,57,0,3,2,"US-67                         ","FM-144                        ",65,33.18089167,-94.74389167,0,12,6,0,2,2,1,0,1,10,0,10,0,"0000000",88,88,88,88,88,88,0,0,0,1,0
48,481378,2,2,0,0,0,2,2,343,0,1,7,2011,6,19,53,0,3,3,"SR-49                         ","                              ",2,33.08576111,-94.80754444,0,12,6,0,1,1,1,0,1,2,0,2,0,"0000000",19,50,19,59,20,25,0,0,0,1,0
48,481755,2,2,0,0,0,3,3,113,2800,1,9,2011,5,18,28,1,11,1,"I-20                          ","SR-161                        ",17,32.67655278,-97.02393333,0,12,6,1,2,2,1,1,1,1,0,1,0,"0000000",18,32,18,48,19,2,0,0,0,1,0
48,481757,2,2,0,0,0,2,2,249,0,1,9,2011,5,16,13,0,4,8,"FM738                         ","JENNIFER LP                   ",21,27.98890556,-97.93898333,0,12,6,0,2,3,1,0,1,1,0,1,0,"0000000",16,28,16,45,17,29,0,0,0,1,1
48,481758,2,2,0,0,0,3,3,439,260,1,9,2011,5,17,49,0,16,5,"NATHAN LOWE RD                ","PETRA DR                      ",0,32.65529167,-97.12301389,0,12,6,0,2,2,1,0,1,1,0,1,0,"0000000",17,49,17,57,18,10,0,0,0,1,1
48,481759,2,2,0,0,0,4,4,91,4870,2,9,2011,6,22,49,0,4,8,"FM1101                        ","CREEKSIDE CROSSING            ",35,29.72156389,-98.06430833,0,12,6,0,2,2,1,0,2,1,0,1,0,"0000000",22,56,23,3,23,39,0,0,0,1,0
48,481760,1,1,0,0,0,2,2,277,5220,2,9,2011,6,12,2,0,16,5,"SYCAMORE                      ","                              ",0,33.64786389,-95.54636111,0,42,0,0,1,1,4,0,1,10,0,10,0,"0000000",12,22,12,59,13,42,0,0,0,1,1
48,481761,1,1,0,0,0,1,1,307,0,2,9,2011,6,8,35,0,3,3,"SR-71                         ","                              ",71,31.03061389,-99.22965278,0,1,0,0,1,1,4,0,1,1,0,1,0,"0000000",88,88,88,88,88,88,0,0,0,1,0
48,481762,1,1,0,0,0,1,1,309,0,2,9,2011,6,23,30,0,6,4,"SPEEGLEVILLE RD               ","                              ",0,31.55883889,-97.26129444,0,23,0,0,1,1,4,0,2,1,0,1,0,"0000000",88,88,88,88,88,88,0,0,0,1,1
48,481763,3,2,1,0,0,2,2,355,1550,2,9,2011,6,6,13,1,12,3,"SR-358                        ","                              ",73,27.72508056,-97.405875,0,45,0,1,18,1,1,1,3,1,0,1,0,"0000000",88,88,88,88,88,88,0,0,0,1,0
48,481764,1,1,0,0,0,1,1,113,1730,3,9,2011,7,15,7,1,11,1,"I-635 RAMP                    ","                              ",54,32.92480556,-96.76285278,0,25,0,1,5,1,4,0,1,1,0,1,0,"0000000",88,88,88,88,88,88,0,0,0,1,0
48,481765,3,3,0,1,1,5,5,113,2590,3,9,2011,7,21,2,1,11,1,"I-635                         ","                              ",123,32.86226667,-96.65851389,0,8,0,0,1,1,1,0,3,1,0,1,0,"0000000",88,88,88,88,88,88,0,0,0,1,0
48,481766,1,1,0,1,1,1,1,231,1060,3,9,2011,7,20,51,0,4,8,"FM 36                         ","                              ",70,33.06883333,-96.23020278,0,15,0,0,1,1,1,0,2,1,0,1,0,"0000000",99,99,99,99,99,99,0,0,0,1,1
48,481767,1,1,0,1,1,1,1,453,330,3,9,2011,7,21,51,0,16,5,"TANNEY ST                     ","DENFIELD ST                   ",0,30.27252778,-97.68936667,0,8,0,0,2,2,1,0,2,1,0,1,0,"0000000",21,52,21,57,22,30,0,0,0,1,0
48,481768,1,1,0,0,0,1,1,15,6280,4,9,2011,1,17,54,1,1,1,"I-10                          ","                              ",46,29.75859722,-96.22209722,0,57,0,0,1,1,3,0,1,10,0,10,0,"0000000",88,88,88,88,88,88,0,0,0,1,0
48,481769,2,2,0,0,0,2,2,29,6090,4,9,2011,1,17,24,0,3,2,"US-181                        ","SR-122                        ",6,29.3077,-98.38979444,0,12,6,0,2,3,1,0,1,1,0,1,0,"0000000",17,53,18,0,18,17,0,0,0,1,1
48,481770,2,2,0,1,1,2,2,439,260,4,9,2011,1,0,23,1,11,1,"I-20                          ","                              ",95,32.67765,-97.09760278,0,8,0,0,1,1,1,0,2,1,0,1,0,"0000000",88,88,88,88,88,88,0,0,0,1,0
48,481771,1,1,0,0,0,2,2,29,6090,5,9,2011,2,21,50,1,11,7,"I-10E                         ","                              ",105,29.44722222,-98.35291389,0,5,0,0,1,1,1,0,2,1,0,1,0,"0000000",88,88,88,88,88,88,0,0,0,1,0
48,481773,1,1,0,0,0,1,1,167,3920,6,9,2011,3,4,4,0,16,5,"SOUTH SHORE BLVD              ","                              ",0,29.52591667,-95.04807222,0,33,0,0,1,1,4,0,3,1,0,1,0,"0000000",88,88,88,88,88,88,0,0,0,1,1
48,481774,1,1,0,0,0,2,2,231,2860,6,9,2011,3,18,36,0,16,5,"OLD MILL RD                   ","                              ",0,33.06576667,-96.094075,0,58,0,0,1,1,5,0,1,1,0,1,0,"0000000",18,51,19,3,19,46,0,0,0,1,0
48,481775,3,3,0,0,0,3,3,439,2800,6,9,2011,3,16,40,0,16,5,"LAKE RIDGE PKWY               ","LYNN RD                       ",0,32.64143889,-97.04825278,0,12,6,0,2,2,1,0,1,1,0,1,0,"0000000",16,48,17,3,17,22,0,0,0,1,0
48,481776,1,1,0,2,2,2,2,453,330,6,9,2011,3,2,10,1,12,8,"SL 1                          ","                              ",99,30.34813889,-97.74991111,0,8,0,0,1,1,1,0,3,1,0,1,0,"0000000",88,88,88,88,88,88,19,0,0,2,0
48,481777,2,2,0,0,0,5,5,5,0,7,9,2011,4,6,25,1,2,3,"SR-103                        ","                              ",79,31.34352222,-94.59026944,0,12,6,0,1,1,1,0,4,1,0,1,0,"0000000",88,88,88,88,88,88,0,0,0,1,0
48,481778,1,1,0,0,0,1,1,29,4015,7,9,2011,4,22,26,0,4,8,"SL 1604                       ","                              ",60,29.56723889,-98.33238889,0,25,0,0,1,1,3,0,3,1,0,1,0,"0000000",88,88,88,88,88,88,0,0,0,1,1
48,481779,2,2,0,0,0,2,2,29,6090,7,9,2011,4,20,41,1,11,1,"I-35                          ","                              ",217,29.41846944,-98.50223889,0,20,0,0,1,1,8,1,3,1,0,1,0,"0000000",88,88,88,88,88,88,4,0,0,1,1
48,481780,2,2,0,0,0,2,2,211,0,7,9,2011,4,16,50,0,4,3,"SR-33                         ","                              ",265,35.81301111,-100.00511111,0,12,2,0,1,1,1,0,1,1,0,1,0,"0000000",17,8,17,40,18,59,0,0,0,2,0
48,481781,2,2,0,0,0,3,3,361,0,7,9,2011,4,5,54,0,3,8,"FM1006                        ","                              ",22,30.04940833,-93.77258611,0,12,6,0,8,1,1,0,3,1,0,1,0,"0000000",99,99,6,5,6,34,0,0,0,1,0
48,481782,2,2,0,0,0,2,2,113,3880,8,9,2011,5,2,25,1,11,1,"I-20                          ","                              ",182,32.65364722,-96.75903889,0,12,1,0,1,1,1,0,2,1,0,1,0,"0000000",88,88,88,88,88,88,20,0,0,1,1
48,481783,2,2,0,0,0,2,2,201,0,8,9,2011,5,17,55,1,11,1,"I-45                          ","                              ",456,30.059325,-95.43299722,0,12,1,0,1,1,1,0,1,1,0,1,0,"0000000",88,88,88,88,88,88,0,0,0,1,0
48,481784,1,1,0,0,0,2,2,355,0,8,9,2011,5,17,35,0,6,4,"79                            ","                              ",0,27.652575,-97.74928333,0,1,0,0,1,1,4,0,1,1,0,1,0,"0000000",99,99,99,99,99,99,0,0,0,1,1
48,481785,2,2,0,0,0,3,3,29,6090,9,9,2011,6,9,52,1,13,8,"SL13                          ","                              ",83,29.41081111,-98.40556111,0,12,2,0,1,1,1,0,1,1,0,1,0,"0000000",9,52,10,8,10,24,0,0,0,1,0
48,481786,2,2,0,0,0,2,2,493,0,9,9,2011,6,18,30,1,2,2,"US-87                         ","                              ",91,29.32318611,-98.092975,0,12,2,0,1,1,1,0,1,1,0,1,0,"0000000",88,88,88,88,88,88,0,0,0,1,0
48,481787,1,1,0,0,0,2,2,29,6090,10,9,2011,7,2,12,0,16,5,"BLANCO RD                     ","                              ",0,29.48633056,-98.50787778,0,33,0,0,1,1,4,0,3,1,0,1,0,"0000000",2,14,2,18,2,43,0,0,0,1,1
48,481788,2,2,0,0,0,6,6,113,1870,10,9,2011,7,16,7,0,16,5,"PLEASANT RUN RD               ","                              ",0,32.60427222,-96.88254722,0,12,2,0,1,1,1,0,1,1,0,1,0,"0000000",16,7,16,11,17,0,0,0,0,1,0
48,481789,1,1,0,0,0,1,1,139,9997,10,9,2011,7,3,12,1,13,2,"US-287                        ","                              ",38,32.50348333,-97.05466111,0,52,0,0,1,1,4,0,2,1,0,1,0,"0000000",88,88,88,88,88,88,0,0,0,1,1
48,480287,1,1,0,0,0,2,2,105,0,5,3,2011,7,19,30,0,4,2,"US-190                        ","                              ",34,30.90072222,-101.82718333,0,52,0,0,1,1,4,0,2,1,0,1,0,"0000000",99,99,99,99,99,99,0,0,0,1,0
48,480288,1,1,0,0,0,2,2,201,0,5,3,2011,7,4,36,0,6,4,"GRANT                         ","                              ",0,29.96723611,-95.57761944,0,33,0,0,1,1,4,0,2,2,0,2,0,"0000000",4,39,4,43,6,13,0,0,0,1,1
48,480289,1,1,0,0,0,1,1,29,6090,6,3,2011,1,22,15,1,11,1,"I-10                          ","                              ",23,29.61964722,-98.60791944,0,57,0,0,1,1,3,1,2,1,0,1,0,"0000000",88,88,88,88,88,88,0,0,0,1,1
48,480290,2,2,0,0,0,2,2,203,0,6,3,2011,1,5,25,0,4,3,"SR-154                        ","                              ",39,32.67338056,-94.64371389,0,12,2,0,1,1,1,0,2,1,0,1,0,"0000000",5,25,5,35,6,13,0,0,0,1,1
48,480291,1,1,0,0,0,1,1,453,330,6,3,2011,1,19,12,0,16,5,"SOUTHWEST PKWY                ","                              ",0,30.24148056,-97.83660556,0,42,0,0,1,1,3,0,2,1,0,1,0,"0000000",88,88,88,88,88,88,0,0,0,1,0
48,480292,1,1,0,0,0,1,1,201,0,7,3,2011,2,2,0,0,16,5,"LAUDER RD                     ","                              ",0,29.91088333,-95.32547222,0,32,0,0,1,1,4,0,2,10,0,10,0,"0000000",88,88,88,88,88,88,0,0,0,1,1
48,480294,1,1,0,0,0,2,2,161,0,9,2,2011,4,9,27,1,1,1,"I-45                          ","                              ",158,31.69353889,-96.16813056,0,1,0,0,1,1,4,0,1,3,0,3,0,"0000000",99,99,99,99,99,99,0,0,0,1,0
48,480295,1,1,0,0,0,1,1,373,0,9,2,2011,4,20,41,0,3,2,"US-287                        ","                              ",25,31.00656111,-94.9623,0,42,0,0,1,1,4,0,2,1,0,1,0,"0000000",88,88,88,88,88,88,0,0,0,1,1
48,480296,1,1,0,0,0,1,1,439,260,9,2,2011,4,16,20,1,11,1,"I-20                          ","                              ",93,32.67767222,-97.10105278,0,1,0,0,1,1,1,0,1,1,0,1,0,"0000000",88,88,88,88,88,88,0,0,0,1,0
48,480297,1,1,0,0,0,1,1,91,4870,10,2,2011,5,2,22,1,11,7,"I-35                          ","                              ",85,29.71375556,-98.08952222,0,33,0,0,1,1,4,0,3,1,0,1,0,"0000000",88,88,88,88,88,88,20,0,0,1,1
48,480298,1,1,0,0,0,1,1,201,0,10,2,2011,5,15,4,0,14,8,"FM525                         ","                              ",16,29.93178611,-95.38510278,0,32,0,0,1,1,4,0,1,1,0,1,0,"0000000",88,88,88,88,88,88,0,0,0,1,0
48,480299,2,2,0,0,0,3,3,339,0,4,2,2011,6,6,45,1,2,3,"SR-105                        ","                              ",305,30.33300833,-95.332675,0,23,0,0,1,1,4,0,2,3,0,3,0,"0000000",88,88,88,88,88,88,0,0,0,2,0
48,480300,2,2,0,0,0,5,5,3,0,5,2,2011,7,13,34,0,3,8,"FM1788                        ","                              ",125,32.15178611,-102.33661667,0,12,2,0,1,1,2,0,1,1,0,1,0,"0000000",88,88,88,88,88,88,0,0,0,5,1
48,480301,1,1,0,0,0,2,2,115,0,6,2,2011,1,1,45,1,2,3,"SR-137                        ","                              ",49,32.89737778,-102.09630278,0,1,0,0,1,1,4,0,2,1,0,1,0,"0000000",1,57,2,10,2,46,0,0,0,1,1
48,480302,1,1,0,0,0,1,1,185,0,6,2,2011,1,16,28,0,4,8,"FM 244                        ","                              ",31,30.57288333,-96.05363611,0,1,0,0,1,1,4,0,1,1,0,1,0,"0000000",16,28,16,49,17,39,0,0,0,1,1
48,480303,1,1,0,0,0,1,1,507,0,6,2,2011,1,16,30,0,5,8,"FM 2691                       ","                              ",148,28.68230278,-100.04270556,0,43,0,0,1,1,4,0,1,1,0,1,0,"0000000",88,88,88,88,88,88,0,0,0,1,0
48,480304,2,2,0,0,0,2,2,339,6884,7,2,2011,2,17,45,0,16,5,"MILLBEND                      ","SAWDUST                       ",0,30.13345278,-95.47234167,0,1,0,0,2,3,1,0,1,1,0,1,0,"0000000",17,46,17,54,18,16,0,0,0,1,0
48,480305,1,1,0,0,0,1,1,291,0,8,2,2011,3,15,28,1,2,3,"SR-105                        ","                              ",31,30.32206389,-95.04464167,0,24,0,0,1,1,4,0,1,1,0,1,0,"0000000",99,99,99,99,99,99,0,0,0,1,0
48,480306,2,2,0,0,0,3,3,201,3280,12,2,2011,7,10,4,0,19,2,"US-90                         ","                              ",99999,99.9999,999.9999,0,12,2,0,1,1,1,0,1,1,0,1,0,"0000000",10,4,10,10,10,43,0,0,0,1,0
48,480307,1,1,0,0,0,3,3,201,3280,13,2,2011,1,23,50,1,12,2,"US-59RAMP                     ","                              ",37,29.66696111,-95.55213056,0,1,0,1,5,1,10,0,3,10,0,10,0,"0000000",23,50,0,1,0,32,0,0,0,1,1
48,480308,1,1,0,0,0,1,1,215,0,15,2,2011,3,23,15,0,15,8,"FM 493                        ","                              ",207,26.20651389,-98.03712778,0,1,0,0,1,1,4,0,2,1,0,1,0,"0000000",88,88,88,88,88,88,0,0,0,1,1
48,480309,1,1,0,0,0,1,1,3,0,16,2,2011,4,11,35,0,3,8,"FM 1788                       ","                              ",161,32.09711667,-102.30454722,0,1,0,0,1,1,4,0,1,1,0,1,0,"0000000",88,88,88,88,88,88,0,0,0,1,0
48,480310,2,2,0,0,0,6,6,201,3280,16,2,2011,4,15,8,1,11,7,"I-610                         ","CRESTMONT                     ",101,29.68848889,-95.33186667,0,12,6,1,2,2,1,0,1,10,0,10,0,"0000000",15,8,15,38,15,54,0,0,0,1,0
48,480311,1,1,0,0,0,1,1,285,0,16,2,2011,4,0,30,0,4,3,"SR-111                        ","                              ",171,29.17036389,-96.92664444,0,42,0,0,1,1,4,0,2,1,0,1,0,"0000000",88,88,88,88,88,88,0,0,0,1,1
48,480312,3,3,0,0,0,5,5,487,7180,19,2,2011,7,10,40,1,13,2,"US-183                        ","BISMARK                       ",31,34.14710278,-99.28434167,0,12,6,0,2,2,1,0,1,1,0,1,0,"0000000",10,41,10,46,99,99,0,0,0,1,0
48,480313,2,2,0,0,0,2,2,61,0,21,2,2011,2,9,20,0,4,8,"FM 800                        ","FM1479                        ",124,26.11977778,-97.73223056,0,12,6,0,2,2,1,0,1,1,0,1,0,"0000000",9,23,9,31,9,54,0,0,0,1,0
48,480314,2,2,0,0,0,2,2,61,940,23,2,2011,4,23,33,0,14,8,"FM 1847                       ","EVENT CENTER                  ",117,25.95971944,-97.48620556,0,12,6,0,8,1,1,0,3,1,0,1,0,"0000000",23,33,23,41,23,56,0,0,0,1,1
48,480315,1,1,0,1,1,1,1,113,1730,23,2,2011,4,6,19,0,16,5,"MEYERS                        ","                              ",0,32.77094722,-96.76575278,0,8,0,0,1,1,1,0,3,10,0,10,0,"0000000",6,24,6,26,6,42,0,0,0,1,0
48,480316,2,2,0,0,0,2,2,181,6350,23,2,2011,4,20,49,1,13,2,"US-82                         ","                              ",223,33.67098056,-96.63791944,0,1,0,0,1,1,1,0,2,10,0,10,0,"0000000",88,88,88,88,88,88,0,0,0,1,0
48,480317,3,3,0,0,0,5,5,439,260,24,2,2011,5,14,19,1,13,8,"SP 303                        ","DANIEL                        ",189,32.70803333,-97.08944722,0,12,6,0,2,2,1,0,1,1,0,1,0,"0000000",14,19,14,23,15,3,0,0,0,1,0
48,480318,2,2,0,0,0,2,2,39,0,26,2,2011,7,18,23,1,2,3,"SR-36                         ","                              ",241,29.02130833,-95.5563,0,1,0,0,8,1,1,0,2,1,0,1,0,"0000000",88,88,88,88,88,88,0,0,0,1,0