"STATE","ST_CASE","VE_TOTAL","VE_FORMS","PVH_INVL","PEDS","PERNOTMVIT","PERMVIT","PERSONS","COUNTY","CITY","DAY","MONTH","YEAR","DAY_WEEK","HOUR","MINUTE","NHS","ROAD_FNC","ROUTE","TWAY_ID","TWAY_ID2","MILEPT","LATITUDE","LONGITUD","SP_JUR","HARM_EV","MAN_COLL","RELJCT1","RELJCT2","TYP_INT","REL_ROAD","WRK_ZONE","LGT_COND","WEATHER1","WEATHER2","WEATHER","SCH_BUS","RAIL","NOT_HOUR","NOT_MIN","ARR_HOUR","ARR_MIN","HOSP_HR","HOSP_MN","CF1","CF2","CF3","FATALS","DRUNK_DR"
48,480319,1,1,0,0,0,1,1,141,2190,26,2,2011,7,0,35,1,13,3,"SR-20                         ","                              ",160,31.81106111,-106.51236667,0,33,0,0,1,1,4,0,3,1,0,1,0,"0000000",88,88,88,88,88,88,0,0,0,1,1
48,480320,1,1,0,0,0,4,4,13,0,27,2,2011,1,16,40,0,4,8,"FM 140                        ","                              ",96,28.82300278,-98.68177778,0,42,0,0,1,1,4,0,1,1,0,1,0,"0000000",16,18,16,43,17,4,0,0,0,1,0
48,480833,1,1,0,0,0,1,1,167,6860,24,4,2011,1,16,9,0,14,8,"FM517                         ","                              ",152,29.47367778,-94.98701944,0,59,0,0,1,1,4,0,1,1,0,1,0,"0000000",88,88,88,88,88,88,0,0,0,1,0
48,480834,3,3,0,0,0,4,4,201,3280,24,4,2011,1,20,2,1,13,3,"SR-3                          ","TRISTAR                       ",84,29.59644722,-95.17303611,0,12,6,0,2,3,1,0,3,1,0,1,0,"0000000",20,2,20,5,20,30,0,0,0,1,0
48,480835,1,1,0,2,2,3,3,245,2905,25,4,2011,2,20,37,0,16,5,"CLEVELAND                     ","                              ",0,29.94822222,-93.91186389,0,9,0,0,1,1,1,0,3,10,0,10,0,"0000000",20,41,20,49,21,4,0,0,0,1,1
48,480836,1,1,0,0,0,1,1,339,0,27,4,2011,4,22,15,0,6,4,"FIRETOWER RD                  ","                              ",0,30.22432778,-95.27026111,0,1,0,0,1,1,4,0,2,1,0,1,0,"0000000",99,99,99,99,99,99,0,0,0,1,1
48,480837,1,1,0,0,0,2,2,459,0,25,4,2011,2,14,44,0,6,4,"APRICOT RD                    ","                              ",0,32.70010278,-94.96298889,0,53,0,0,1,1,4,0,1,10,0,10,0,"0000000",14,47,14,51,15,29,0,0,0,1,0
48,480838,3,3,0,0,0,4,4,481,7410,27,4,2011,4,17,10,1,13,2,"US-59                         ","                              ",152,29.26584722,-96.15645278,0,12,2,0,1,1,1,0,1,1,0,1,0,"0000000",17,24,17,47,18,23,0,0,0,2,2
48,480840,1,1,0,1,1,1,1,201,3280,28,4,2011,5,14,4,1,13,8,"FM1093                        ","                              ",110,29.73749444,-95.51284167,0,8,0,0,1,1,1,0,1,1,0,1,0,"0000000",88,88,88,88,88,88,0,0,0,1,0
48,480841,1,1,0,0,0,1,1,187,0,29,4,2011,6,6,39,0,4,8,"FM 2438                       ","                              ",53,29.579775,-97.85062222,0,42,0,0,1,1,4,0,1,1,0,1,0,"0000000",7,8,7,17,8,8,0,0,0,1,0
48,480842,1,1,0,0,0,1,1,201,3280,29,4,2011,6,0,35,0,16,5,"PINELOCH                      ","                              ",0,29.59051667,-95.12943056,0,33,0,0,1,1,4,0,3,1,0,1,0,"0000000",0,47,1,2,1,19,0,0,0,1,1
48,480843,1,1,0,0,0,1,1,209,0,29,4,2011,6,4,49,0,6,4,"FITZHUGH RD                   ","                              ",0,30.252025,-98.06997222,0,18,0,0,1,1,1,0,2,1,0,1,0,"0000000",88,88,88,88,88,88,19,0,0,1,0
48,480844,2,2,0,0,0,4,4,257,0,29,4,2011,6,21,34,1,2,2,"US-175                        ","FAIR RD                       ",76,32.55114444,-96.285425,0,12,1,0,3,2,1,0,2,1,0,1,0,"0000000",21,36,21,43,22,14,0,0,0,1,1
48,480845,1,1,0,1,1,1,1,439,2450,29,4,2011,6,21,36,1,11,1,"I-35                          ","                              ",33,32.58475278,-97.31965556,0,8,0,0,1,1,1,0,3,1,0,1,0,"0000000",21,36,21,45,22,10,0,0,0,1,0
48,480846,2,2,0,0,0,2,2,483,0,29,4,2011,6,16,38,0,3,2,"US-83                         ","FM 1046                       ",36,35.57524167,-100.310225,0,12,6,0,2,2,1,0,1,1,0,1,0,"0000000",99,99,99,99,99,99,0,0,0,1,0
48,480847,2,2,0,0,0,4,4,215,0,30,4,2011,7,20,40,0,3,8,"FM 88                         ","                              ",16,26.41961111,-97.95638611,0,1,0,0,8,1,1,0,2,1,0,1,0,"0000000",88,88,88,88,88,88,0,0,0,1,1
48,480848,1,1,0,1,1,1,1,85,7620,1,5,2011,1,2,53,0,14,3,"SR-78                         ","                              ",356,33.00555,-96.54945,0,9,0,0,1,1,1,0,2,10,0,10,0,"0000000",88,88,88,88,88,88,0,0,0,1,1
48,480849,2,1,1,0,0,1,1,113,3420,1,5,2011,1,1,34,0,16,5,"CONFLANS                      ","                              ",0,32.82179167,-96.98515278,0,30,0,0,1,1,4,0,3,10,0,10,0,"0000000",88,88,88,88,88,88,14,0,0,1,1
48,480850,2,2,0,1,1,6,6,183,0,1,5,2011,1,1,2,1,13,3,"SR-149                        ","                              ",242,32.42590556,-94.716225,0,8,0,0,1,1,1,1,2,1,0,1,0,"0000000",88,88,88,88,88,88,0,0,0,1,0
48,480851,3,3,0,0,0,4,4,201,0,1,5,2011,1,10,45,0,6,5,"WARREN RANCH                  ","                              ",0,29.96903889,-95.84261111,0,12,6,0,1,1,1,0,1,1,0,1,0,"0000000",10,57,11,10,11,48,0,0,0,1,0
48,480852,1,1,0,0,0,2,2,217,0,1,5,2011,1,1,30,0,4,8,"FM-933                        ","                              ",5,31.93176944,-97.31310278,0,53,0,0,1,1,4,0,2,1,0,1,0,"0000000",1,34,2,5,2,34,0,0,0,1,1
48,480853,2,2,0,0,0,2,2,245,490,1,5,2011,1,0,37,1,13,2,"US-90                         ","FM 364                        ",0,30.06737778,-94.18968889,0,12,1,0,2,2,1,0,3,1,0,1,0,"0000000",0,38,0,41,1,4,0,0,0,1,1
48,480854,3,2,1,0,0,2,2,285,0,1,5,2011,1,8,54,0,4,2,"US-77                         ","SH-95                         ",291,29.31874167,-97.144325,0,12,6,0,2,4,1,0,1,10,0,10,0,"0000000",88,88,88,88,88,88,0,0,0,1,0
48,480855,1,1,0,1,1,1,1,149,0,2,5,2011,2,22,51,0,4,3,"SR-159                        ","                              ",40,29.921975,-96.8501,0,8,0,0,1,1,1,0,2,2,0,2,0,"0000000",22,53,22,58,23,37,0,0,0,1,0
48,480856,2,1,1,0,0,1,1,291,1770,2,5,2011,2,1,17,0,15,8,"FM 686                        ","615                           ",59,30.10329444,-94.97624444,0,14,0,0,1,1,4,1,2,10,0,10,0,"0000000",88,88,88,88,88,88,0,0,0,1,0
48,480857,2,2,0,0,0,2,2,381,150,2,5,2011,2,18,8,1,11,1,"I-27                          ","                              ",109,35.1471,-101.88639167,0,12,2,0,1,1,1,0,1,1,0,1,0,"0000000",18,9,18,17,18,36,0,0,0,1,0
48,480858,2,2,0,0,0,3,3,459,0,3,5,2011,3,20,53,0,3,3,"SR-155                        ","GLENDIA                       ",6,32.84658889,-94.71146667,0,12,6,0,2,3,1,0,2,1,0,1,0,"0000000",88,88,88,88,88,88,0,0,0,1,2
48,480859,1,1,0,0,0,1,1,117,0,4,5,2011,4,18,7,0,6,4,"TIERRA BLANCA RD              ","                              ",0,34.83874167,-102.45826667,0,34,0,0,1,1,4,0,1,1,0,1,0,"0000000",88,88,88,88,88,88,0,0,0,1,1
48,480860,1,1,0,0,0,1,1,201,3280,4,5,2011,4,5,50,0,16,5,"PARK ROW                      ","                              ",0,29.78936389,-95.67715,0,33,0,0,1,1,4,0,3,1,0,1,0,"0000000",5,18,5,38,5,56,0,0,0,1,0
48,480861,1,1,0,1,1,1,1,201,3280,4,5,2011,4,19,20,0,16,5,"KELLEY ST                     ","                              ",0,29.81335278,-95.32097222,0,9,0,0,1,1,1,0,1,1,0,1,0,"0000000",88,88,88,88,88,88,0,0,0,1,0
48,480862,1,1,0,0,0,1,1,309,0,4,5,2011,4,20,25,0,6,4,"S FORK WIGGINS RD             ","                              ",0,31.74024722,-97.11570833,0,1,0,0,1,1,1,0,2,1,0,1,0,"0000000",88,88,88,88,88,88,0,0,0,1,0
48,480863,1,1,0,1,1,1,1,49,950,5,5,2011,5,0,21,0,14,2,"US-183                        ","                              ",233,31.756725,-98.95961944,0,8,0,0,1,1,1,0,2,1,0,1,0,"0000000",88,88,88,88,88,88,0,0,0,1,0
48,480864,2,2,0,0,0,3,3,85,4230,5,5,2011,5,14,45,1,12,7,"US-75                         ","WILMETH RD                    ",128,33.22924722,-96.63037222,0,12,6,0,2,3,1,0,1,1,0,1,0,"0000000",99,99,99,99,99,99,0,0,0,1,0
48,480865,1,1,0,0,0,1,1,91,0,5,5,2011,5,22,38,0,6,4,"SMITHSON VALLEY RD            ","                              ",0,29.78471667,-98.35836389,0,42,0,0,1,1,4,0,2,1,0,1,0,"0000000",88,88,88,88,88,88,0,0,0,1,1
48,480866,3,3,0,0,0,5,5,113,1730,5,5,2011,5,19,11,0,16,5,"CEDAR CREST BLVD              ","E 11TH ST                     ",0,32.74644722,-96.78663889,0,12,1,0,2,2,1,0,1,1,0,1,0,"0000000",99,99,99,99,99,99,0,0,0,1,0
48,481379,2,2,0,0,0,4,4,29,0,2,7,2011,7,21,25,1,2,8,"FM 1957                       ","                              ",25,29.42145833,-98.76782222,0,12,98,0,1,1,1,0,2,1,0,1,0,"0000000",88,88,88,88,88,88,0,0,0,1,0
48,481380,1,1,0,1,1,2,2,355,5850,2,7,2011,7,21,22,0,16,5,"J AVE                         ","SECOND ST                     ",0,27.799775,-97.66594722,0,8,0,0,1,1,1,0,6,98,0,98,0,"0000000",88,88,88,88,88,88,0,0,0,1,0
48,481381,1,1,0,0,0,1,1,27,0,3,7,2011,1,10,40,0,4,8,"FM2115                        ","                              ",144,30.85906667,-97.54276944,0,1,0,0,1,1,4,0,1,1,0,1,0,"0000000",88,88,88,88,88,88,0,0,0,1,0
48,481382,2,2,0,0,0,7,7,215,0,4,7,2011,2,23,40,0,6,4,"LOS EBANOS RD                 ","                              ",0,26.28210278,-98.33085556,0,12,6,0,8,1,1,0,2,1,0,1,0,"0000000",88,88,88,88,88,88,0,0,0,1,1
48,481383,2,2,0,0,0,3,3,427,0,4,7,2011,2,22,8,1,2,2,"US-83                         ","                              ",244,26.38425833,-98.90128611,0,12,6,0,8,1,1,0,2,1,0,1,0,"0000000",22,12,22,19,22,35,0,0,0,1,0
48,481384,1,1,0,0,0,1,1,29,6090,5,7,2011,3,4,3,0,16,5,"GALM RD                       ","MILL PARK DR                  ",0,29.53069167,-98.73075556,0,30,0,0,3,2,4,0,2,1,0,1,0,"0000000",88,88,88,88,88,88,0,0,0,1,0
48,481385,2,2,0,0,0,4,4,93,0,5,7,2011,3,14,9,0,3,3,"SR-36                         ","                              ",53,31.86159444,-98.46947222,0,12,2,0,1,1,1,0,1,1,0,1,0,"0000000",14,9,14,22,16,9,0,0,0,2,0
48,481386,3,3,0,0,0,4,4,221,0,7,7,2011,5,20,40,0,4,8,"FM167                         ","                              ",30,32.39931389,-97.66390833,0,12,6,0,8,1,1,0,1,1,0,1,0,"0000000",20,45,20,54,21,24,0,0,0,1,0
48,481387,1,1,0,0,0,1,1,329,0,7,7,2011,5,19,40,0,2,3,"SR-158                        ","                              ",38,32.03162222,-102.24487222,0,42,0,0,1,1,4,0,1,1,0,1,0,"0000000",88,88,88,88,88,88,0,0,0,1,0
48,481388,2,2,0,0,0,4,4,497,0,7,7,2011,5,18,25,1,2,2,"US-81                         ","4227                          ",47,33.18026944,-97.54782222,0,12,6,0,2,3,1,0,1,1,0,1,0,"0000000",99,99,99,99,99,99,0,0,0,1,0
48,481389,1,1,0,1,1,1,1,201,3280,8,7,2011,6,2,43,1,13,8,"FM1960                        ","                              ",179,30.01963056,-95.37673611,0,8,0,0,1,1,1,0,3,2,0,2,0,"0000000",88,88,88,88,88,88,0,0,0,1,0
48,481391,1,1,0,0,0,1,1,441,0,10,7,2011,1,21,34,0,6,4,"314                           ","                              ",0,32.37281389,-99.82866111,0,1,0,0,1,1,4,0,2,10,0,10,0,"0000000",88,88,88,88,88,88,0,0,0,1,0
48,481392,4,4,0,0,0,4,4,277,0,11,7,2011,2,7,50,1,2,2,"US-82                         ","FM 2121                       ",155,33.66316111,-95.43396111,0,12,1,0,2,3,1,1,1,1,0,1,0,"0000000",7,54,7,59,8,35,0,0,0,1,0
48,481393,2,2,0,1,1,1,1,453,330,12,7,2011,3,11,1,0,16,5,"SLAUGHTER LN                  ","                              ",0,30.16686667,-97.78376111,0,8,0,0,1,1,1,0,1,1,0,1,0,"0000000",88,88,88,88,88,88,23,0,0,1,0
48,481394,2,2,0,0,0,2,2,187,0,13,7,2011,4,7,43,0,4,8,"FM 621                        ","                              ",37,29.81744444,-97.86308889,0,12,6,0,1,1,1,0,1,1,0,1,0,"0000000",7,44,7,52,8,43,0,0,0,1,0
48,481395,2,2,0,0,0,2,2,293,0,13,7,2011,4,17,35,0,3,3,"SR-14                         ","402                           ",135,31.56999722,-96.53021667,0,12,2,0,2,3,1,0,1,1,0,1,0,"0000000",17,38,17,56,18,53,0,0,0,1,0
48,481396,2,2,0,0,0,5,5,181,6350,14,7,2011,5,22,2,0,14,8,"FM 1417                       ","TAYOR ST                      ",39,33.65128333,-96.64193611,0,12,6,0,2,2,1,0,3,1,0,1,0,"0000000",22,3,22,10,22,35,0,0,0,1,0
48,481397,1,1,0,0,0,1,1,287,0,14,7,2011,5,12,34,1,2,3,"SR-21                         ","                              ",155,30.34633611,-96.898025,0,1,0,0,1,1,4,0,1,1,0,1,0,"0000000",88,88,88,88,88,88,0,0,0,1,0
48,481398,1,1,0,0,0,2,2,257,0,15,7,2011,6,5,0,0,6,4,"CR-141                        ","ABNER RD                      ",0,32.64137222,-96.20997778,0,38,0,0,3,3,4,0,2,1,0,1,0,"0000000",5,33,6,3,6,38,0,0,0,1,1
48,481399,2,2,0,0,0,2,2,439,7258,15,7,2011,6,19,9,0,16,5,"INDIAN SPRINGS                ","                              ",0,32.88313056,-97.24870833,0,1,0,0,1,1,1,0,1,1,0,1,0,"0000000",19,16,19,26,19,47,0,0,0,1,0
48,481400,4,1,3,0,0,2,2,113,4530,16,7,2011,7,1,59,0,16,5,"LONG SHADOW                   ","                              ",0,32.75006389,-96.59198056,0,14,0,0,1,1,2,0,3,1,0,1,0,"0000000",2,17,2,29,3,9,0,0,0,1,1
48,481401,1,1,0,0,0,6,6,373,0,16,7,2011,7,19,45,0,3,2,"US-287                        ","                              ",138,30.95412778,-94.69873889,0,7,0,0,1,1,1,0,1,1,0,1,0,"0000000",99,99,99,99,99,99,0,0,0,1,1
48,481402,1,1,0,0,0,1,1,309,7210,17,7,2011,1,20,28,0,15,8,"FM 2490                       ","                              ",65,31.65146667,-97.25716111,0,42,0,0,1,1,4,0,5,1,0,1,0,"0000000",20,31,20,43,21,24,0,0,0,1,1
48,481403,1,1,0,0,0,1,1,367,0,17,7,2011,1,22,58,1,2,3,"SR-199                        ","                              ",54,32.98306389,-97.76354722,0,1,0,0,1,1,4,0,2,1,0,1,0,"0000000",88,88,88,88,88,88,20,0,0,1,0
48,481404,2,2,0,0,0,2,2,99,0,18,7,2011,2,18,13,0,5,8,"FM 107                        ","FM 1829                       ",26,31.38886944,-97.62302222,0,12,2,0,2,4,1,0,1,1,0,1,0,"0000000",99,99,99,99,99,99,0,0,0,1,0
48,481405,1,1,0,0,0,1,1,381,0,18,7,2011,2,23,28,1,13,8,"SL 335                        ","                              ",110,35.11890556,-101.87458056,0,1,0,0,1,1,4,0,2,1,0,1,0,"0000000",88,88,88,88,88,88,0,0,0,1,1
48,481406,1,1,0,0,0,1,1,175,0,19,7,2011,3,17,46,0,4,8,"FM 1961                       ","                              ",113,28.85836944,-97.34309167,0,1,0,0,1,1,4,0,1,1,0,1,0,"0000000",88,88,88,88,88,88,0,0,0,1,0
48,481407,1,1,0,0,0,1,1,215,3908,19,7,2011,3,9,24,0,15,8,"FM 491                        ","                              ",122,26.28086944,-97.92842778,0,42,0,0,1,1,4,0,1,1,0,1,0,"0000000",88,88,88,88,88,88,0,0,0,1,0
48,481408,1,1,0,0,0,2,2,369,0,20,7,2011,4,20,5,0,5,8,"FM 2013                       ","                              ",121,34.64214722,-102.92371389,0,1,0,0,1,1,4,0,5,1,0,1,0,"0000000",22,48,22,50,23,33,0,0,0,1,1
48,481409,1,1,0,0,0,1,1,381,0,20,7,2011,4,15,50,0,4,8,"FM 1258                       ","                              ",23,35.14692222,-101.70582222,0,1,0,0,1,1,4,0,1,1,0,1,0,"0000000",88,88,88,88,88,88,0,0,0,1,0
48,481410,1,1,0,1,1,1,1,439,260,20,7,2011,4,21,12,0,16,5,"COLLINS ST                    ","MAYFIELD RD                   ",0,32.691725,-97.09761389,0,8,0,0,3,2,1,0,3,1,0,1,0,"0000000",21,11,21,17,21,42,0,0,0,1,0
48,481411,2,2,0,0,0,2,2,71,0,21,7,2011,5,18,0,1,2,7,"SR-73                         ","COUNTY LINE RD                ",212,29.82526389,-94.35705278,0,12,6,0,2,2,1,0,1,1,0,1,0,"0000000",18,6,18,10,18,50,0,0,0,1,0
48,481412,2,2,0,0,0,2,2,179,0,21,7,2011,5,9,5,0,3,3,"SR-152                        ","                              ",249,35.51804444,-100.60137778,0,12,8,0,1,1,1,0,1,1,0,1,0,"0000000",9,20,9,50,10,45,0,0,0,1,1
48,482028,2,2,0,0,0,4,4,439,260,7,10,2011,6,5,25,1,13,8,"FM 157                        ","                              ",91,32.80486389,-97.09915278,0,12,7,0,1,1,1,0,3,1,0,1,0,"0000000",5,26,5,31,6,39,0,0,0,1,0
48,482029,1,1,0,0,0,1,1,29,6090,8,10,2011,7,2,54,0,16,5,"JONES MALTSBERGER             ","                              ",0,29.59255278,-98.43816111,0,25,0,0,1,1,4,1,3,1,0,1,0,"0000000",88,88,88,88,88,88,0,0,0,1,1
48,482030,1,1,0,0,0,1,1,29,6090,8,10,2011,7,22,12,1,11,1,"I-410                         ","                              ",310,29.46334444,-98.40431944,0,1,0,0,1,1,10,0,3,1,0,1,0,"0000000",88,88,88,88,88,88,0,0,0,1,1
48,482031,2,2,0,0,0,3,3,203,4360,8,10,2011,7,13,29,0,14,8,"SL390                         ","W HOUSTON ST                  ",11,32.54225556,-94.39146389,0,12,6,0,2,2,1,0,1,1,0,1,0,"0000000",13,29,13,31,14,0,0,0,0,1,0
48,482032,2,2,0,0,0,4,4,241,0,8,10,2011,7,16,0,1,2,2,"US-96                         ","CO RD 610                     ",92,30.53288056,-93.93785556,0,12,6,0,2,2,1,0,1,1,0,1,0,"0000000",88,88,88,88,88,88,0,0,0,1,0
48,482033,1,1,0,0,0,1,1,347,0,8,10,2011,7,1,19,0,4,8,"FM2609                        ","                              ",7,31.70123056,-94.60797222,0,30,0,0,1,1,4,0,2,1,0,1,0,"0000000",88,88,88,88,88,88,0,0,0,1,1
48,482034,2,2,0,0,0,3,3,497,140,8,10,2011,7,17,5,1,2,7,"US-81                         ","FM1655                        ",71,33.35766111,-97.7059,0,12,6,0,2,2,1,0,1,2,0,2,0,"0000000",17,5,17,23,17,53,0,0,0,1,0
48,482035,1,1,0,0,0,1,1,71,9997,9,10,2011,1,2,25,1,13,3,"SR-146                        ","                              ",46,29.81930278,-94.90026389,0,33,0,0,1,1,3,0,3,1,0,1,0,"0000000",88,88,88,88,88,88,0,0,0,1,0
48,482036,1,1,0,0,0,5,5,113,3420,9,10,2011,1,2,51,1,12,3,"SR-183                        ","                              ",63,32.83723889,-96.94262222,0,52,0,0,1,1,4,0,3,2,0,2,0,"0000000",2,52,2,59,3,22,0,0,0,1,1
48,482037,1,1,0,0,0,2,2,201,0,9,10,2011,1,4,10,0,6,4,"BATTLEBELL RD                 ","                              ",0,29.81118611,-95.04628889,0,32,0,0,8,1,4,0,2,10,0,10,0,"0000000",4,48,5,10,5,32,0,0,0,1,0
48,482038,3,1,2,0,0,1,1,223,6670,9,10,2011,1,2,56,1,11,7,"I-30                          ","                              ",167,33.12438333,-95.58303611,0,1,0,0,1,1,4,0,3,1,0,1,0,"0000000",88,88,88,88,88,88,0,0,0,1,0
48,482039,1,1,0,0,0,1,1,245,2905,9,10,2011,1,23,16,1,13,8,"FM366                         ","                              ",74,29.96213333,-93.91532778,0,1,0,0,1,1,4,0,3,1,0,1,0,"0000000",88,88,88,88,88,88,0,0,0,1,0
48,482040,1,1,0,0,0,1,1,113,1730,10,10,2011,2,13,5,1,11,1,"I-635                         ","                              ",62,32.92485556,-96.76064722,0,39,0,1,5,1,4,0,1,10,0,10,0,"0000000",88,88,88,88,88,88,0,0,0,1,0
48,482041,3,3,0,0,0,3,3,393,0,10,10,2011,2,10,30,1,2,2,"US-60                         ","                              ",18,35.63484444,-100.71717778,0,12,6,0,1,1,1,0,1,10,0,10,0,"0000000",10,37,10,48,11,26,0,0,0,1,0
48,482042,1,1,0,0,0,5,5,439,260,10,10,2011,2,3,2,0,16,5,"GREEN OAKS BLVD               ","                              ",0,32.65632778,-97.10348611,0,42,0,0,1,1,3,0,3,10,0,10,0,"0000000",3,4,3,7,3,33,0,0,0,4,0
48,482043,2,2,0,0,0,2,2,29,6090,11,10,2011,3,5,0,1,11,1,"I-410                         ","                              ",266,29.51683056,-98.41972222,0,12,1,1,18,1,1,1,3,1,0,1,0,"0000000",99,99,99,99,88,88,3,0,0,1,0
48,482044,2,2,0,0,0,3,3,113,1730,12,10,2011,4,13,35,1,13,2,"US-175                        ","                              ",20,32.76465833,-96.77440556,0,12,7,1,18,1,1,0,1,1,0,1,0,"0000000",13,37,13,40,13,53,0,0,0,1,0
48,482045,1,1,0,0,0,5,5,113,2590,12,10,2011,4,5,10,1,11,1,"I-635                         ","                              ",116,32.85671111,-96.65026111,0,30,0,1,19,1,10,0,3,2,0,2,0,"0000000",5,14,5,22,5,53,0,0,0,1,1
48,482046,1,1,0,0,0,2,2,163,0,12,10,2011,4,3,20,1,1,1,"I-35                          ","                              ",169,28.72795833,-99.15048611,0,35,0,0,1,1,5,0,2,1,0,1,0,"0000000",88,88,88,88,88,88,0,0,0,1,0
48,482047,1,1,0,0,0,1,1,27,6810,14,10,2011,6,21,47,1,11,1,"I-35                          ","                              ",205,31.13763333,-97.33059722,0,26,0,1,19,1,10,0,3,1,0,1,0,"0000000",99,99,99,99,88,88,0,0,0,1,1
48,482048,1,1,0,1,1,1,1,29,6090,15,10,2011,7,2,45,1,11,1,"I-35                          ","                              ",318,29.50087222,-98.39959167,0,8,0,0,1,1,1,0,3,1,0,1,0,"0000000",88,88,88,88,88,88,0,0,0,1,0
48,482049,1,1,0,0,0,1,1,347,0,15,10,2011,7,6,55,0,4,8,"FM 226                        ","                              ",257,31.31161389,-94.37476944,0,32,0,0,1,1,4,0,4,1,0,1,0,"0000000",88,88,88,88,88,88,0,0,0,1,0
48,482050,2,2,0,0,0,2,2,99,1540,23,10,2011,1,7,30,1,13,2,"US-190                        ","ELM ST                        ",34,31.11967778,-97.89485,0,12,2,0,2,3,1,0,1,1,0,1,0,"0000000",7,33,7,35,7,55,0,0,0,1,0
48,482051,2,2,0,1,1,5,5,439,2450,7,5,2011,7,22,20,1,11,1,"I-820                         ","                              ",19,32.67906667,-97.24076944,0,8,0,0,1,1,1,0,3,1,0,1,0,"0000000",88,88,88,88,88,88,14,0,0,1,0
48,482052,1,1,0,1,1,3,3,439,2450,8,5,2011,1,2,10,1,13,3,"SR-183                        ","                              ",6,32.72628611,-97.44103056,0,8,0,0,1,1,1,0,3,1,0,1,0,"0000000",88,88,88,88,88,88,0,0,0,1,0
48,482053,1,1,0,0,0,1,1,309,0,20,6,2011,2,13,9,1,2,2,"US-84                         ","                              ",45,31.61670278,-97.05271667,0,43,0,0,1,1,4,0,1,1,0,1,0,"0000000",88,88,88,88,88,88,0,0,0,1,0
48,482054,2,2,0,0,0,2,2,439,2450,1,7,2011,6,14,30,0,16,5,"SYLVANIA AVE                  ","SYLVANIA CROSS DR             ",0,32.81580833,-97.30814444,0,12,6,0,2,3,1,0,1,1,0,1,0,"0000000",14,47,14,55,15,26,0,0,0,1,0
48,482055,2,2,0,0,0,2,2,85,5390,2,7,2011,7,12,7,0,16,5,"HEDGCOXE RD                   ","LA GUARDIA DR                 ",0,33.08600833,-96.74398611,0,12,6,0,2,3,1,0,1,1,0,1,0,"0000000",12,9,12,15,12,44,0,0,0,1,0
48,482056,2,2,0,0,0,9,9,439,2450,9,7,2011,7,22,10,1,11,1,"I-35W                         ","                              ",133,32.84498333,-97.31286944,0,5,0,0,1,1,1,1,6,98,0,98,0,"0000000",22,15,22,19,22,36,14,0,0,1,0
48,482057,2,2,0,1,1,2,2,201,3280,15,8,2011,2,2,50,0,16,5,"NORTH SAM HOUSTON E TOLLWAY   ","                              ",0,29.93882222,-95.36665278,0,8,0,0,1,1,1,0,3,1,0,1,0,"0000000",88,88,88,88,88,88,23,19,0,1,0
48,482058,1,1,0,0,0,1,1,201,3280,20,8,2011,7,20,45,0,16,5,"SPACE CENTER BLVD             ","                              ",0,29.58116944,-95.12774444,0,1,0,0,1,1,3,0,3,1,0,1,0,"0000000",88,88,88,88,88,88,0,0,0,1,1
48,482059,1,1,0,0,0,1,1,201,3280,28,8,2011,1,3,30,0,16,5,"E HARDY RD                    ","                              ",0,29.84681111,-95.35852778,0,30,0,0,1,1,10,0,3,1,0,1,0,"0000000",3,36,3,45,4,21,0,0,0,1,1
48,482060,2,2,0,0,0,2,2,257,0,8,9,2011,5,7,19,0,5,8,"FM 1836                       ","                              ",76,32.54197222,-96.19813333,0,12,2,0,1,1,1,0,1,1,0,1,0,"0000000",88,88,88,88,88,88,0,0,0,2,1
48,480321,1,1,0,0,0,1,1,135,0,27,2,2011,1,1,45,0,6,4,"GOLDENROD DR                  ","                              ",0,32.03968889,-102.29674444,0,38,0,0,1,1,4,0,2,1,0,1,0,"0000000",88,88,88,88,88,88,0,0,0,1,1
48,480322,2,2,0,0,0,3,3,39,0,1,3,2011,3,9,3,0,4,8,"FM 1459                       ","359                           ",81,29.078525,-95.6892,0,1,0,0,2,2,1,0,1,1,0,1,0,"0000000",9,8,9,29,10,16,0,0,0,1,0
48,480323,1,1,0,1,1,1,1,355,1550,1,3,2011,3,6,13,1,12,3,"SR-358RAMP                    ","                              ",148,27.67565278,-97.30131944,0,8,0,0,5,1,1,0,3,1,0,1,0,"0000000",6,13,6,21,6,39,0,0,0,1,0
48,480324,1,1,0,0,0,1,1,91,0,2,3,2011,4,17,0,0,6,4,"MYSTIC                        ","                              ",0,29.92441667,-98.323975,0,1,0,0,1,1,4,0,1,1,0,1,0,"0000000",17,16,17,28,17,49,0,0,0,1,0
48,480325,2,2,0,0,0,2,2,113,1730,2,3,2011,4,17,35,0,16,5,"BENNETT                       ","MANETT                        ",0,32.814,-96.78328611,0,1,0,0,2,2,1,0,1,1,0,1,0,"0000000",17,35,17,39,17,57,0,0,0,1,0
48,480326,2,2,0,0,0,3,3,3,0,3,3,2011,5,6,43,0,4,3,"SR-176                        ","                              ",463,32.24053611,-102.37296667,0,12,1,0,1,1,1,0,4,5,0,5,0,"0000000",6,43,7,5,7,48,0,0,0,1,1
48,480327,1,1,0,1,1,2,2,113,1730,3,3,2011,5,23,10,1,13,8,"SL354                         ","                              ",97,32.86051389,-96.88081389,0,8,0,0,1,1,1,0,3,1,0,1,0,"0000000",23,17,23,23,23,37,0,0,0,1,0