"STATE","ST_CASE","VE_TOTAL","VE_FORMS","PVH_INVL","PEDS","PERNOTMVIT","PERMVIT","PERSONS","COUNTY","CITY","DAY","MONTH","YEAR","DAY_WEEK","HOUR","MINUTE","NHS","ROAD_FNC","ROUTE","TWAY_ID","TWAY_ID2","MILEPT","LATITUDE","LONGITUD","SP_JUR","HARM_EV","MAN_COLL","RELJCT1","RELJCT2","TYP_INT","REL_ROAD","WRK_ZONE","LGT_COND","WEATHER1","WEATHER2","WEATHER","SCH_BUS","RAIL","NOT_HOUR","NOT_MIN","ARR_HOUR","ARR_MIN","HOSP_HR","HOSP_MN","CF1","CF2","CF3","FATALS","DRUNK_DR"
48,480328,2,2,0,0,0,2,2,201,3280,3,3,2011,5,8,19,1,11,1,"I-610                         ","                              ",65,29.80809444,-95.33446389,0,12,1,1,18,1,2,0,1,5,0,5,0,"0000000",8,19,8,23,8,49,0,0,0,1,0
48,480329,2,2,0,0,0,2,2,29,6090,4,3,2011,6,9,5,1,12,3,"SR-151                        ","                              ",42,29.44305556,-98.66343056,0,12,6,0,1,1,1,0,1,1,0,1,0,"0000000",9,11,9,20,9,51,0,0,0,1,0
48,480330,3,3,0,0,0,3,3,113,2800,4,3,2011,6,22,43,1,11,1,"I-20                          ","                              ",129,32.67740278,-97.05724167,0,12,1,0,1,1,1,1,2,1,0,1,0,"0000000",88,88,88,88,88,88,0,0,0,1,1
48,480331,1,1,0,0,0,10,10,439,2990,4,3,2011,6,15,50,1,12,3,"SR-121                        ","                              ",52,32.77307778,-97.29228333,0,42,0,0,1,1,10,0,1,1,0,1,0,"0000000",15,57,16,7,16,30,0,0,0,3,1
48,480332,2,2,0,0,0,2,2,5,1900,5,3,2011,7,10,53,1,13,2,"US-59                         ","                              ",86,31.21308611,-94.77476111,0,12,1,0,1,1,1,0,1,1,0,1,0,"0000000",99,99,99,99,99,99,0,0,0,1,1
48,480333,1,1,0,0,0,1,1,27,3027,5,3,2011,7,2,35,0,16,5,"MOUNTAIN LION RD              ","                              ",0,31.06027778,-97.67753333,0,33,0,0,1,1,4,0,2,1,0,1,0,"0000000",2,35,2,42,3,9,0,0,0,1,0
48,480334,1,1,0,1,1,3,3,61,940,5,3,2011,7,0,18,1,12,2,"US-77                         ","                              ",288,26.02505833,-97.53186944,0,8,0,0,1,1,1,0,2,1,0,1,0,"0000000",88,88,88,88,88,88,0,0,0,1,0
48,480335,2,2,0,0,0,5,5,309,0,5,3,2011,7,10,5,0,3,2,"US-84                         ","FM939                         ",181,31.6418,-96.891925,0,12,6,0,2,2,1,0,1,10,0,10,0,"0000000",10,14,10,27,11,3,0,0,0,4,1
48,480337,1,1,0,1,1,2,2,215,0,6,3,2011,1,19,0,0,3,2,"US-281                        ","                              ",653,26.08731389,-97.9314,0,8,0,0,1,1,1,1,2,1,0,1,0,"0000000",88,88,88,88,88,88,23,0,0,1,0
48,480338,2,2,0,0,0,3,3,355,1550,7,3,2011,2,13,14,1,12,2,"US-181                        ","                              ",26,27.82946389,-97.38716389,0,12,1,0,1,1,1,1,1,1,0,1,0,"0000000",13,15,13,23,13,43,0,0,0,1,0
48,480339,1,1,0,0,0,1,1,355,1550,9,3,2011,4,21,28,0,16,5,"HOLLY                         ","                              ",0,27.72896111,-97.43886944,0,32,0,0,1,1,4,0,3,1,0,1,0,"0000000",21,28,21,34,21,43,0,0,0,1,0
48,480340,1,1,0,0,0,2,2,439,260,9,3,2011,4,6,31,1,11,1,"I-30                          ","                              ",258,32.75997778,-97.12229444,0,24,0,0,1,1,4,0,2,10,0,10,0,"0000000",88,88,88,88,88,88,0,0,0,2,1
48,480341,1,1,0,0,0,3,3,245,0,11,3,2011,6,18,20,1,1,1,"I-20                          ","                              ",39,29.88726667,-94.32283611,0,35,0,0,1,1,4,0,1,1,0,1,0,"0000000",99,99,18,28,19,32,0,0,0,1,0
48,480342,1,1,0,0,0,2,2,373,0,11,3,2011,6,1,50,1,2,2,"US-59                         ","                              ",381,30.62413889,-94.94788056,0,42,0,0,1,1,4,0,2,1,0,1,0,"0000000",1,59,2,10,2,43,0,0,0,1,0
48,480343,1,1,0,1,1,1,1,293,4540,12,3,2011,7,6,0,0,16,5,"ROSS ST                       ","JACK OLIVER RD                ",0,31.69707222,-96.47516944,0,8,0,0,2,3,1,0,2,10,0,10,0,"0000000",6,1,6,5,6,19,0,0,0,1,0
48,480344,1,1,0,0,0,1,1,361,7200,12,3,2011,7,19,35,1,11,7,"I-10                          ","                              ",88,30.12890833,-93.96714722,0,1,0,0,1,1,4,0,3,1,0,1,0,"0000000",99,99,19,36,20,42,0,0,0,1,1
48,480346,3,3,0,0,0,3,3,5,0,15,3,2011,3,13,5,1,2,2,"US-69                         ","                              ",111,31.18934444,-94.45259444,0,12,2,0,1,1,1,0,1,1,0,1,0,"0000000",88,88,88,88,88,88,0,0,0,2,0
48,480347,2,2,0,0,0,2,2,29,6090,15,3,2011,3,2,4,1,11,1,"I-35                          ","                              ",234,29.43686944,-98.49225,0,12,2,0,1,1,1,0,3,1,0,1,0,"0000000",2,6,2,16,2,33,0,0,0,2,1
48,480348,1,1,0,0,0,1,1,27,4924,16,3,2011,4,1,13,1,12,2,"US-190                        ","                              ",205,31.06787778,-97.58155278,0,1,0,0,1,1,8,0,3,1,0,1,0,"0000000",88,88,88,88,88,88,0,0,0,1,0
48,480349,1,1,0,0,0,1,1,29,4015,18,3,2011,6,1,7,0,16,5,"OAK TERRACE DR                ","                              ",0,29.55645556,-98.32765833,0,38,0,0,1,1,4,0,3,1,0,1,0,"0000000",1,9,1,20,1,46,0,0,0,1,1
48,480350,1,1,0,0,0,1,1,327,0,10,2,2011,5,18,45,0,4,2,"US-190                        ","                              ",131,30.90452778,-99.90574444,0,1,0,0,1,1,4,0,5,1,0,1,0,"0000000",18,47,18,58,19,48,0,0,0,1,1
48,480351,1,1,0,0,0,1,1,223,0,1,2,2011,3,12,28,1,13,3,"SR-11                         ","                              ",121,33.07390556,-95.51059722,0,42,0,0,1,1,4,0,1,4,0,4,0,"0000000",88,88,88,88,88,88,0,0,0,1,0
48,480352,2,2,0,0,0,2,2,257,0,5,2,2011,7,15,50,0,9,8,"FM548                         ","                              ",99999,32.71603611,-96.481225,0,12,2,0,1,1,1,0,1,1,0,1,0,"0000000",88,88,88,88,88,88,0,0,0,2,1
48,480353,2,2,0,0,0,2,2,201,3280,6,2,2011,1,2,25,1,11,1,"I-610                         ","                              ",19,29.76218056,-95.26540278,0,12,2,0,1,1,1,0,3,10,0,10,0,"0000000",1,59,2,29,2,45,0,0,0,1,2
48,480354,2,2,0,0,0,6,6,215,7330,6,2,2011,1,13,0,0,6,4,"MILE 6                        ","                              ",0,26.21324722,-98.00774444,0,12,6,0,4,1,1,0,1,1,0,1,0,"0000000",13,12,13,23,13,42,0,0,0,1,0
48,480355,1,1,0,0,0,1,1,479,3899,7,2,2011,2,3,46,1,13,2,"US-59                         ","                              ",433,27.52801389,-99.43640833,0,24,0,0,1,1,4,0,3,1,0,1,0,"0000000",88,88,88,88,88,88,0,0,0,1,0
48,480867,1,1,0,0,0,1,1,475,0,5,5,2011,5,8,15,0,4,3,"SR-18                         ","                              ",229,31.63891389,-102.98395278,0,1,0,0,1,1,4,0,2,1,0,1,0,"0000000",88,88,88,88,88,88,0,0,0,1,1
48,480868,1,1,0,0,0,1,1,491,0,5,5,2011,5,6,30,0,2,3,"SR-29                         ","                              ",40,30.637275,-97.81053611,0,38,0,0,1,1,4,0,1,1,0,1,0,"0000000",88,88,88,88,88,88,0,0,0,1,0
48,480869,1,1,0,1,1,1,1,201,0,6,5,2011,6,15,29,0,6,4,"DESERT MARIGOLD DR            ","                              ",0,29.97012222,-95.40911389,0,8,0,0,4,1,4,0,1,1,0,1,0,"0000000",99,99,99,99,99,99,0,0,0,1,0
48,480870,2,1,1,0,0,1,1,427,0,6,5,2011,6,23,11,0,6,4,"GARZA BLVD                    ","                              ",0,26.35788056,-98.76945,0,14,0,0,1,1,7,0,3,1,0,1,0,"0000000",99,99,99,99,99,99,0,0,0,1,1
48,480872,1,1,0,0,0,1,1,29,6090,7,5,2011,7,2,17,1,11,1,"I-35                          ","                              ",330,29.51878611,-98.39525,0,21,0,0,1,1,4,0,3,1,0,1,0,"0000000",99,99,99,99,99,99,0,0,0,1,0
48,480873,1,1,0,0,0,1,1,29,6090,7,5,2011,7,10,45,1,11,1,"I-10                          ","SL1604                        ",41,29.59010278,-98.59812778,0,25,0,1,5,1,4,0,1,1,0,1,0,"0000000",99,99,99,99,99,99,0,0,0,1,0
48,480874,1,1,0,1,1,1,1,29,7077,7,5,2011,7,22,2,0,16,5,"E AVIATION BLVD               ","                              ",0,29.54923056,-98.27751111,0,8,0,0,1,1,2,0,2,1,0,1,0,"0000000",88,88,88,88,88,88,0,0,0,1,1
48,480875,2,2,0,0,0,3,3,139,5685,7,5,2011,7,21,54,1,13,3,"SR-342                        ","                              ",10,32.538475,-96.78706111,0,12,8,0,1,1,1,0,2,1,0,1,0,"0000000",99,99,99,99,99,99,0,0,0,1,0
48,480876,2,2,0,0,0,3,3,357,0,7,5,2011,7,7,6,0,3,2,"US-83                         ","                              ",109,36.33893056,-100.80265,0,12,8,0,1,1,1,0,1,1,0,1,0,"0000000",99,99,99,99,99,99,0,0,0,1,0
48,480877,2,2,0,0,0,2,2,405,0,7,5,2011,7,14,20,0,4,8,"FM83                          ","                              ",4,31.30092222,-94.26664444,0,12,2,0,1,1,1,0,1,1,0,1,0,"0000000",88,88,88,88,88,88,0,0,0,1,0
48,480878,1,1,0,2,2,1,1,449,4750,7,5,2011,7,23,0,1,13,2,"US-271                        ","                              ",204,33.13735,-94.96811111,0,8,0,0,1,1,1,0,3,1,0,1,0,"0000000",99,99,99,99,99,99,0,0,0,2,1
48,480879,1,1,0,0,0,2,2,453,330,7,5,2011,7,4,14,0,16,5,"DUVAL ST                      ","                              ",0,30.30218333,-97.72762222,0,5,0,0,1,1,1,0,3,1,0,1,0,"0000000",99,99,99,99,99,99,0,0,0,1,0
48,480880,2,2,0,0,0,5,5,459,0,7,5,2011,7,15,38,0,3,3,"SR-155                        ","                              ",11,32.70035556,-94.95983333,0,12,8,0,1,1,1,0,1,1,0,1,0,"0000000",99,99,99,99,99,99,0,0,0,1,0
48,480881,1,1,0,0,0,1,1,21,0,8,5,2011,1,20,30,1,2,3,"SR-21                         ","                              ",101,30.19375,-97.16176944,0,42,0,0,1,1,4,0,5,1,0,1,0,"0000000",88,88,88,88,88,88,0,0,0,1,1
48,480882,1,1,0,0,0,1,1,27,6810,8,5,2011,1,5,10,0,15,8,"FM 2305                       ","                              ",17,31.12850278,-97.46846667,0,33,0,0,1,1,4,0,2,1,0,1,0,"0000000",88,88,88,88,88,88,0,0,0,1,1
48,480883,2,2,0,0,0,3,3,29,6090,8,5,2011,1,4,8,1,11,1,"I-35                          ","                              ",369,29.553875,-98.35046111,0,12,2,0,1,1,1,0,3,1,0,1,0,"0000000",4,6,4,25,5,0,0,0,0,2,1
48,480884,1,1,0,1,1,2,2,141,2190,8,5,2011,1,1,6,1,13,8,"FM-76                         ","CAROLINA                      ",28,31.74181667,-106.36431667,0,8,0,0,2,2,1,0,3,1,0,1,0,"0000000",1,8,1,12,1,28,0,0,0,1,0
48,480885,2,2,0,0,0,6,6,215,4197,8,5,2011,1,12,36,1,13,8,"FM-1926                       ","LA VISTA AVE                  ",58,26.22770833,-98.24161667,0,12,6,0,2,2,1,0,1,1,0,1,0,"0000000",12,44,12,55,13,4,0,0,0,1,0
48,480886,1,1,0,0,0,1,1,303,0,8,5,2011,1,2,36,0,15,8,"FM-179                        ","                              ",163,33.49134722,-102.00901111,0,59,0,0,1,1,4,0,2,1,0,1,0,"0000000",88,88,88,88,88,88,0,0,0,1,1
48,480887,2,2,0,0,0,3,3,373,5095,8,5,2011,1,15,50,0,3,2,"US-190                        ","BADGEROW RD                   ",20,30.81068333,-95.127375,0,12,6,0,8,1,1,0,1,1,0,1,0,"0000000",16,2,16,32,17,36,0,0,0,2,0
48,480888,2,2,0,0,0,3,3,407,0,8,5,2011,1,18,34,0,3,3,"SR-156                        ","                              ",128,30.60463889,-95.152025,0,12,2,0,1,1,1,0,1,1,0,1,0,"0000000",18,54,19,28,20,14,0,0,0,1,0
48,480889,2,2,0,0,0,3,3,423,0,8,5,2011,1,9,28,1,2,3,"SR-155                        ","                              ",208,32.20931944,-95.41981944,0,12,6,0,1,1,1,0,1,1,0,1,0,"0000000",9,32,9,38,10,6,0,0,0,1,1
48,480890,1,1,0,0,0,1,1,255,0,8,5,2011,1,19,50,0,4,8,"FM 792                        ","                              ",112,28.83288611,-97.84643611,0,1,0,0,1,1,4,0,1,1,0,1,0,"0000000",88,88,88,88,88,88,0,0,0,1,0
48,480891,1,1,0,0,0,1,1,113,1730,9,5,2011,2,3,45,0,16,5,"VALLEY GLEN DR                ","                              ",0,32.79425556,-96.72730278,0,1,0,0,1,1,4,0,2,1,0,1,0,"0000000",88,88,88,88,88,88,0,0,0,1,1
48,480892,1,1,0,0,0,1,1,201,3280,9,5,2011,2,3,20,1,12,7,"US-59                         ","                              ",88,29.7261,-95.48752778,0,33,0,0,1,1,10,0,3,10,0,10,0,"0000000",88,88,88,88,88,88,0,0,0,1,1
48,480893,1,1,0,0,0,1,1,245,0,9,5,2011,2,11,50,1,13,3,"SR-73                         ","                              ",22,29.94050556,-93.89395556,0,24,0,1,19,1,4,0,1,1,0,1,0,"0000000",88,88,88,88,88,88,0,0,0,1,0
48,480894,2,2,0,0,0,3,3,375,0,9,5,2011,2,3,39,1,1,1,"I-40                          ","                              ",96,35.19040278,-102.02185833,0,12,2,0,1,1,1,1,2,1,0,1,0,"0000000",88,88,88,88,88,88,0,0,0,1,1
48,480895,2,2,0,0,0,3,3,15,0,10,5,2011,3,8,3,1,2,3,"SR-36                         ","                              ",5,29.69349444,-96.13286111,0,12,2,0,1,1,1,0,1,1,0,1,0,"0000000",8,20,8,37,9,11,0,0,0,1,1
48,480896,2,2,0,0,0,14,14,13,0,11,5,2011,4,3,40,0,3,3,"SR-16                         ","                              ",76,29.07527778,-98.59410278,0,12,6,0,1,1,1,0,2,1,0,1,0,"0000000",3,40,3,48,4,36,0,0,0,1,0
48,480897,1,1,0,0,0,1,1,13,0,11,5,2011,4,15,37,1,1,1,"I-37                          ","                              ",172,28.82074444,-98.3614,0,1,0,0,1,1,3,0,1,10,0,10,0,"0000000",15,56,16,19,16,54,0,0,0,1,0
48,480898,1,1,0,0,0,1,1,51,0,11,5,2011,4,9,14,0,3,8,"FM 60                         ","                              ",51,30.446825,-96.52626389,0,38,0,0,1,1,4,0,9,1,0,1,0,"0000000",88,88,88,88,88,88,0,0,0,1,0
48,480899,3,3,0,0,0,3,3,365,0,11,5,2011,4,16,12,0,3,3,"SR-149                        ","                              ",41,32.27102222,-94.46611389,0,12,6,0,1,1,1,0,1,1,0,1,0,"0000000",88,88,88,88,88,88,0,0,0,1,0
48,480900,1,1,0,0,0,2,2,367,0,11,5,2011,4,13,5,1,1,1,"I-20                          ","                              ",51,32.6871,-98.00040833,0,52,0,0,1,1,3,0,1,2,0,2,0,"0000000",99,99,99,99,99,99,0,0,0,1,0
48,481413,1,1,0,1,1,1,1,241,0,22,7,2011,6,21,40,1,2,2,"US-96                         ","                              ",78,30.54925278,-93.93151667,0,8,0,0,1,1,1,0,2,1,0,1,0,"0000000",88,88,88,88,88,88,0,0,0,1,0
48,481414,1,1,0,0,0,2,2,265,0,23,7,2011,7,18,25,0,4,8,"FM480                         ","                              ",28,29.92853056,-99.04591111,0,11,0,0,1,1,1,0,1,1,0,1,0,"0000000",18,39,18,52,19,24,0,0,0,1,1
48,481415,2,2,0,0,0,3,3,113,1730,24,7,2011,1,4,39,1,11,1,"I-35E                         ","                              ",275,32.89765,-96.89788056,0,12,1,0,1,1,1,0,3,1,0,1,0,"0000000",4,41,4,45,5,28,0,0,0,1,0
48,481416,3,3,0,0,0,9,9,469,0,24,7,2011,1,14,46,0,3,2,"US-190                        ","                              ",127,30.78288056,-95.1719,0,12,1,0,8,1,1,0,1,1,0,1,0,"0000000",14,49,15,12,15,56,0,0,0,1,0
48,481417,1,1,0,0,0,1,1,491,2620,25,7,2011,2,20,11,1,13,3,"SR-29                         ","                              ",91,30.63477222,-97.72662778,0,52,0,0,1,1,4,0,1,1,0,1,0,"0000000",88,88,88,88,88,88,0,0,0,1,0
48,481418,3,3,0,0,0,3,3,29,6090,27,7,2011,4,16,5,1,11,7,"I-10                          ","                              ",57,29.57390556,-98.59491389,0,12,6,0,8,1,1,0,1,1,0,1,0,"0000000",16,8,16,14,16,39,0,0,0,1,1
48,481419,2,2,0,0,0,3,3,105,0,27,7,2011,4,7,8,0,4,3,"SR-163                        ","                              ",43,30.85994167,-101.16150833,0,12,8,0,1,1,1,0,1,1,0,1,0,"0000000",7,14,7,26,8,38,0,0,0,1,0
48,481420,1,1,0,0,0,3,3,357,0,27,7,2011,4,16,11,0,3,2,"US-83                         ","                              ",181,36.25088333,-100.75625833,0,1,0,0,1,1,4,1,1,1,0,1,0,"0000000",16,21,16,53,18,4,0,0,0,2,0
48,481421,2,2,0,0,0,2,2,99,2610,28,7,2011,5,5,49,1,13,3,"SR-36                         ","FM 929                        ",141,31.47177222,-97.71893611,0,12,6,0,2,2,1,0,2,1,0,1,0,"0000000",88,88,88,88,88,88,0,0,0,1,0
48,481422,3,3,0,0,0,3,3,179,0,28,7,2011,5,8,56,1,2,2,"US-60                         ","                              ",47,35.53389444,-100.909425,0,12,1,0,1,1,1,1,1,1,0,1,0,"0000000",99,99,99,99,99,99,0,0,0,1,0
48,481423,1,1,0,1,1,1,1,439,2850,28,7,2011,5,3,26,1,12,3,"SR-121                        ","                              ",20,32.95591111,-97.04030556,0,8,0,1,18,1,1,1,2,1,0,1,0,"0000000",88,88,88,88,88,88,0,0,0,1,0
48,481424,2,2,0,0,0,3,3,29,6090,29,7,2011,6,17,4,1,11,7,"I-410                         ","FM 1346                       ",329,29.42361944,-98.39011111,0,12,6,1,2,2,1,0,1,1,0,1,0,"0000000",19,4,19,19,20,6,0,0,0,1,0
48,481425,2,2,0,0,0,2,2,121,3960,29,7,2011,6,3,38,1,11,1,"I-35                          ","CORPORATE DR                  ",44,33.01818333,-96.98236389,0,12,2,1,5,1,1,0,3,1,0,1,0,"0000000",3,39,3,45,4,19,0,0,0,1,1
48,481426,2,2,0,0,0,3,3,351,765,30,7,2011,7,8,37,1,2,2,"US-190                        ","                              ",116,30.73959444,-93.64108889,0,12,2,0,1,1,1,0,1,10,0,10,0,"0000000",9,19,9,53,10,15,0,0,0,1,1
48,481427,1,1,0,1,1,1,1,167,6860,28,4,2011,5,7,59,0,16,5,"34TH                          ","                              ",0,29.40276667,-94.94696667,0,8,0,0,1,1,4,0,1,1,0,1,0,"0000000",8,0,8,5,8,27,0,0,0,1,0
48,481428,1,1,0,0,0,9,9,439,2450,1,5,2011,1,20,53,1,11,1,"I-30                          ","                              ",219,32.73684722,-97.35506667,0,24,0,0,1,1,4,1,3,2,0,2,0,"0000000",21,0,21,5,21,15,0,0,0,1,1
48,481429,2,2,0,0,0,2,2,201,3280,7,5,2011,7,2,58,1,12,2,"US-290                        ","                              ",347,29.83983056,-95.49053889,0,12,1,0,1,1,1,0,3,1,0,1,0,"0000000",88,88,88,88,88,88,23,0,0,1,1
48,481430,3,3,0,0,0,4,4,201,3280,23,6,2011,5,8,38,1,12,3,"SR-288                        ","                              ",40,29.69901944,-95.37595556,0,12,7,0,1,1,1,0,1,10,0,10,0,"0000000",88,88,88,88,88,88,14,0,0,1,0
48,481431,1,1,0,1,1,1,1,453,330,25,6,2011,7,15,15,0,16,5,"ARROYO SECO                   ","ROMERIA DR                    ",0,30.33472222,-97.73330278,0,9,0,0,2,2,1,0,1,1,0,1,0,"0000000",17,15,17,17,17,43,0,0,0,1,0
48,481432,2,2,0,0,0,5,5,201,3280,27,6,2011,2,8,12,0,16,5,"FUQUA ST                      ","FONDREN RD                    ",0,29.60150278,-95.50756111,0,12,6,0,2,2,1,0,3,1,0,1,0,"0000000",8,12,8,19,8,43,0,0,0,1,1
48,481433,1,1,0,1,1,1,1,201,3280,27,6,2011,2,1,20,1,13,8,"FM1093                        ","                              ",127,29.73779167,-95.48452778,0,8,0,0,1,1,1,0,3,1,0,1,0,"0000000",88,88,88,88,88,88,0,0,0,1,0
48,481434,1,1,0,0,0,1,1,183,0,28,6,2011,3,20,32,0,5,8,"FM2906                        ","                              ",38,32.38808056,-94.59206944,0,42,0,0,1,1,4,0,2,1,0,1,0,"0000000",88,88,88,88,88,88,0,0,0,1,0
48,481435,1,1,0,1,1,1,1,121,4960,4,7,2011,2,2,54,1,11,1,"I-35W                         ","                              ",71,33.07742778,-97.23663333,0,8,0,0,1,1,1,0,2,1,0,1,0,"0000000",88,88,88,88,88,88,23,0,0,1,0
48,481436,1,1,0,0,0,4,4,63,0,7,7,2011,5,11,13,0,3,3,"SR-11                         ","                              ",258,33.00740278,-94.91476111,0,32,0,0,1,1,4,0,1,1,0,1,0,"0000000",11,18,11,23,11,42,0,0,0,1,0
48,481437,5,5,0,0,0,6,6,323,0,8,7,2011,6,9,45,1,2,2,"US-277                        ","                              ",581,28.64841389,-100.20149167,0,12,1,0,1,1,1,1,1,1,0,1,0,"0000000",99,99,99,99,99,99,0,0,0,1,0
48,481438,2,2,0,0,0,2,2,201,3280,9,7,2011,7,8,30,1,13,8,"FM1093                        ","WESTERLAND DR                 ",99,29.73728889,-95.53150833,0,12,6,0,2,2,1,0,1,1,0,1,0,"0000000",99,99,8,31,8,54,0,0,0,1,0
48,481439,2,2,0,0,0,3,3,469,0,10,7,2011,1,15,23,1,2,2,"US-87                         ","                              ",59,28.92281944,-97.09922778,0,12,1,0,8,1,1,0,1,1,0,1,0,"0000000",15,24,15,30,15,49,0,0,0,2,0
48,481440,1,1,0,0,0,1,1,73,0,11,7,2011,2,23,45,0,4,8,"FM347                         ","                              ",198,31.84438889,-95.21975,0,1,0,0,1,1,4,0,2,1,0,1,0,"0000000",88,88,88,88,88,88,0,0,0,1,0
48,481441,3,1,2,3,3,1,1,97,0,23,7,2011,7,3,52,1,2,2,"US-82                         ","                              ",209,33.64856389,-97.31560833,0,14,0,0,1,1,2,0,2,1,0,1,0,"0000000",3,55,3,59,4,28,23,0,0,1,1
48,481442,2,2,0,0,0,2,2,469,0,11,7,2011,2,16,30,1,13,2,"US-77                         ","                              ",86,28.78861111,-97.09978611,0,12,6,0,1,1,1,0,1,10,0,10,0,"0000000",99,99,16,30,17,0,0,0,0,1,0
48,481443,1,1,0,1,1,4,4,355,1550,13,7,2011,4,23,15,0,16,5,"SANTA FE ST                   ","                              ",0,27.76346389,-97.38868056,0,8,0,0,1,1,1,0,2,1,0,1,0,"0000000",99,99,99,99,99,99,0,0,0,1,0
48,481444,1,1,0,0,0,5,5,423,0,14,7,2011,5,2,5,0,3,3,"SR-31                         ","                              ",178,32.36169444,-95.15945556,0,1,0,0,1,1,1,0,2,1,0,1,0,"0000000",2,17,2,27,2,57,0,0,0,2,1
48,481445,1,1,0,0,0,1,1,213,0,20,7,2011,4,7,15,0,6,4,"LAZY LAUNCH LN                ","SHADY SHORES DR               ",0,32.28811111,-96.12676667,0,39,0,0,3,3,4,0,2,1,0,1,0,"0000000",88,88,88,88,88,88,0,0,0,1,1
48,481892,1,1,0,1,1,1,1,55,0,6,9,2011,3,7,0,0,4,8,"FM 1322                       ","                              ",17,29.83577778,-97.64691944,0,9,0,0,1,1,1,0,4,1,0,1,0,"0000000",88,88,88,88,88,88,0,0,0,1,0
48,481893,1,1,0,1,1,1,1,201,0,6,9,2011,3,21,19,1,13,8,"FM 1960                       ","ALDINE WESTFIELD              ",177,30.02025556,-95.38008611,0,8,0,0,2,2,1,0,3,1,0,1,0,"0000000",88,88,88,88,88,88,0,0,0,1,0
48,481894,1,1,0,0,0,1,1,291,0,7,9,2011,4,13,23,1,2,3,"SR-105                        ","                              ",29,30.32395278,-94.96851667,0,32,0,0,1,1,4,0,1,1,0,1,0,"0000000",88,88,88,88,88,88,0,0,0,1,0
48,481895,3,3,0,0,0,3,3,309,545,7,9,2011,4,0,2,1,11,1,"I-35                          ","                              ",194,31.60611944,-97.10549444,0,12,1,1,18,1,1,1,2,1,0,1,0,"0000000",88,88,88,88,88,88,0,0,0,1,0
48,481896,2,2,0,0,0,2,2,167,0,8,9,2011,5,15,52,1,11,1,"I-45                          ","                              ",155,29.31426944,-94.91258056,0,12,1,0,1,1,1,0,1,1,0,1,0,"0000000",15,51,16,0,16,21,0,0,0,1,0
48,481897,2,2,0,0,0,3,3,221,0,8,9,2011,5,14,30,1,2,2,"US-377                        ","                              ",115,32.40029167,-97.88904167,0,12,6,0,8,1,1,0,1,1,0,1,0,"0000000",14,39,14,44,15,5,0,0,0,1,0
48,481898,1,1,0,0,0,4,4,491,0,8,9,2011,5,17,9,0,6,4,"245                           ","                              ",0,30.79674722,-97.79867222,0,38,0,0,1,1,4,0,1,1,0,1,0,"0000000",17,13,17,32,18,19,0,0,0,1,0
48,481899,1,1,0,0,0,1,1,181,0,9,9,2011,6,18,15,0,4,3,"SR-289                        ","                              ",13,33.65696944,-96.698175,0,1,0,0,1,1,4,0,1,1,0,1,0,"0000000",18,25,18,42,19,20,0,0,0,1,1
48,481900,2,2,0,0,0,3,3,309,0,9,9,2011,6,14,0,0,3,3,"SR-317                        ","                              ",193,31.38869444,-97.38216111,0,12,2,0,1,1,1,0,1,1,0,1,0,"0000000",99,99,99,99,99,99,0,0,0,1,1
48,481901,1,1,0,1,1,1,1,453,330,9,9,2011,6,8,12,0,16,5,"17TH STREET                   ","E M FRANKLIN AVE              ",0,30.28132778,-97.69560278,0,8,0,0,3,3,1,0,1,1,0,1,0,"0000000",8,12,8,16,8,37,16,0,0,1,0
48,481902,2,2,0,0,0,3,3,37,6850,10,9,2011,7,13,16,1,12,7,"SR-151 LP                     ","FM 3527                       ",7,33.38715278,-94.09210278,0,12,6,1,2,2,1,0,1,1,0,1,0,"0000000",13,17,13,25,13,53,0,0,0,1,0
48,481903,1,1,0,0,0,2,2,53,0,10,9,2011,7,2,22,0,6,4,"COUNTY ROAD 207               ","                              ",0,30.9793,-98.14571389,0,35,0,0,1,1,4,0,2,1,0,1,0,"0000000",99,99,99,99,99,99,0,0,0,1,1
48,481904,2,2,0,0,0,2,2,395,0,10,9,2011,7,17,30,1,2,2,"US-79                         ","                              ",142,31.04008611,-96.45760833,0,12,6,0,1,1,1,0,1,1,0,1,0,"0000000",17,55,18,1,19,1,0,0,0,1,0
48,481905,2,2,0,0,0,3,3,483,0,10,9,2011,7,5,30,0,3,3,"SR-152                        ","                              ",95,35.44454444,-100.10506667,0,12,8,0,1,1,2,0,2,1,0,1,0,"0000000",5,31,5,47,6,16,0,0,0,1,0
48,481906,2,2,0,0,0,3,3,201,3280,11,9,2011,1,15,35,1,12,7,"SL 8                          ","GREENS CROSSING BLVD          ",51,29.93925278,-95.42468333,0,12,6,1,2,2,1,0,1,1,0,1,0,"0000000",15,49,15,59,16,12,0,0,0,1,0
48,481907,1,1,0,1,1,1,1,201,3280,11,9,2011,1,1,38,1,13,8,"FM 526                        ","FLEMING DRIVE                 ",28,29.77572778,-95.21823056,0,8,0,0,3,3,1,0,3,1,0,1,0,"0000000",88,88,88,88,88,88,0,0,0,1,0