"STATE","ST_CASE","VE_TOTAL","VE_FORMS","PVH_INVL","PEDS","PERNOTMVIT","PERMVIT","PERSONS","COUNTY","CITY","DAY","MONTH","YEAR","DAY_WEEK","HOUR","MINUTE","NHS","ROAD_FNC","ROUTE","TWAY_ID","TWAY_ID2","MILEPT","LATITUDE","LONGITUD","SP_JUR","HARM_EV","MAN_COLL","RELJCT1","RELJCT2","TYP_INT","REL_ROAD","WRK_ZONE","LGT_COND","WEATHER1","WEATHER2","WEATHER","SCH_BUS","RAIL","NOT_HOUR","NOT_MIN","ARR_HOUR","ARR_MIN","HOSP_HR","HOSP_MN","CF1","CF2","CF3","FATALS","DRUNK_DR"
48,480968,1,1,0,0,0,1,1,355,5850,28,5,2011,7,2,50,0,16,5,"COUNTY ROAD 38                ","                              ",0,27.78339167,-97.68861111,0,1,0,0,1,1,1,0,2,1,0,1,0,"0000000",88,88,88,88,88,88,0,0,0,1,0
48,481480,1,1,0,0,0,1,1,139,4570,8,7,2011,6,21,5,1,12,7,"US-67                         ","                              ",13,32.53623056,-96.97626389,0,38,0,0,1,1,4,0,2,1,0,1,0,"0000000",21,8,21,15,21,36,0,0,0,1,1
48,481481,2,2,0,0,0,2,2,339,3280,9,7,2011,7,2,29,0,15,8,"SL494                         ","NORTHPARK                     ",351,30.06838889,-95.241475,0,12,6,0,2,2,1,0,3,1,0,1,0,"0000000",99,99,99,99,99,99,0,0,0,1,1
48,481482,1,1,0,0,0,1,1,313,0,11,7,2011,2,8,51,0,4,3,"SR-OSR                        ","                              ",1,30.97375556,-96.24115833,0,52,0,0,1,1,4,0,1,1,0,1,0,"0000000",88,88,88,88,88,88,0,0,0,1,1
48,481483,2,2,0,0,0,2,2,15,0,16,7,2011,7,22,30,0,4,3,"SR-159                        ","                              ",43,29.99106944,-96.20032222,0,12,8,0,1,1,1,0,2,1,0,1,0,"0000000",88,88,88,88,88,88,0,0,0,1,1
48,481485,4,4,0,0,0,4,4,31,0,17,7,2011,1,17,59,0,3,2,"US-281                        ","CONTOUR DR                    ",386,29.9527,-98.41043056,0,12,1,0,3,3,1,0,1,1,0,1,0,"0000000",18,18,18,35,19,6,0,0,0,1,0
48,481486,1,1,0,0,0,5,5,415,0,17,7,2011,1,1,50,0,6,4,"WACO AVE                      ","                              ",0,32.70799444,-100.95014444,0,1,0,0,1,1,4,0,2,1,0,1,0,"0000000",2,2,2,9,2,28,0,0,0,1,1
48,481487,2,2,0,0,0,3,3,157,0,21,7,2011,5,23,28,1,13,3,"SR-6                          ","                              ",40,29.64499167,-95.65161944,0,12,6,0,8,1,1,1,3,1,0,1,0,"0000000",99,99,99,99,99,99,0,0,0,1,1
48,481488,1,1,0,1,1,1,1,183,0,22,7,2011,6,17,17,0,6,4,"3604                          ","                              ",0,32.43488889,-94.94268889,0,9,0,0,1,1,1,0,1,1,0,1,0,"0000000",17,24,17,32,18,5,0,0,0,1,0
48,481489,1,1,0,0,0,2,2,51,0,23,7,2011,7,1,22,0,4,8,"FM2039                        ","                              ",45,30.48352778,-96.48880556,0,38,0,0,1,1,4,0,2,1,0,1,0,"0000000",1,30,1,43,2,29,0,0,0,1,1
48,481490,1,1,0,0,0,1,1,321,0,25,7,2011,2,4,15,0,6,4,"SKELLY RD                     ","                              ",0,29.00584167,-95.94644722,0,31,0,0,1,1,4,0,2,1,0,1,0,"0000000",88,88,88,88,88,88,0,0,0,1,1
48,481491,2,2,0,0,0,2,2,453,0,25,7,2011,2,23,50,0,6,4,"PEARCE LN                     ","ROSS RD                       ",0,30.17239722,-97.62943333,0,12,6,0,2,3,1,0,2,1,0,1,0,"0000000",0,3,0,23,1,4,0,0,0,1,1
48,481492,2,2,0,0,0,2,2,321,0,26,7,2011,3,14,10,0,3,3,"SR-35                         ","FM 1095                       ",263,28.90074722,-96.14125,0,12,6,0,2,3,1,0,1,1,0,1,0,"0000000",88,88,88,88,88,88,0,0,0,1,0
48,481493,1,1,0,0,0,1,1,113,3420,28,7,2011,5,11,5,0,16,5,"ROCHELLE RD                   ","                              ",0,32.84689167,-96.98927778,0,33,0,0,1,1,4,0,1,1,0,1,0,"0000000",11,6,11,11,11,40,0,0,0,1,0
48,481494,2,2,0,0,0,2,2,423,0,28,7,2011,5,7,0,0,4,8,"FM 16                         ","CR 498                        ",212,32.51727222,-95.36897778,0,12,6,0,2,2,1,0,1,1,0,1,0,"0000000",88,88,88,88,88,88,0,0,0,1,0
48,481495,1,1,0,1,1,1,1,113,4530,29,7,2011,6,7,34,1,11,1,"I-635                         ","                              ",31,32.74079167,-96.61223333,0,8,0,0,1,1,1,0,1,1,0,1,0,"0000000",7,34,7,40,8,2,0,0,0,1,0
48,481496,2,2,0,0,0,3,3,167,0,29,7,2011,6,15,15,1,12,3,"SR-146                        ","                              ",27,29.51732778,-95.00595,0,12,6,0,1,1,1,0,1,2,0,2,0,"0000000",99,99,99,99,99,99,0,0,0,1,0
48,481497,1,1,0,0,0,1,1,213,0,1,8,2011,2,14,40,0,3,3,"SR-19                         ","                              ",13,32.33723611,-95.8462,0,52,0,0,1,1,4,0,1,1,0,1,0,"0000000",88,88,88,88,88,88,0,0,0,1,0
48,481499,2,2,0,0,0,6,6,113,1870,2,8,2011,3,14,45,1,11,1,"I-35E                         ","                              ",51,32.62248889,-96.82311111,0,25,0,0,1,1,3,0,1,1,0,1,0,"0000000",88,88,88,88,88,88,0,0,0,1,0
48,481500,2,2,0,0,0,3,3,201,0,2,8,2011,3,1,45,0,6,4,"CHRISMAN RD                   ","SUPERIOR WAY                  ",0,29.91571389,-95.36364167,0,12,2,0,1,1,1,0,2,10,0,10,0,"0000000",1,54,2,0,2,37,0,0,0,1,2
48,481501,2,2,0,0,0,5,5,99,1540,3,8,2011,4,10,54,0,14,8,"FM116                         ","LUTHERAN CHURCH RD            ",217,31.15709722,-97.9097,0,12,6,0,2,3,1,0,1,1,0,1,0,"0000000",10,54,10,59,11,30,0,0,0,1,0
48,481503,2,2,0,0,0,2,2,361,0,3,8,2011,4,3,40,1,11,1,"I-10                          ","                              ",110,30.09542222,-94.07524167,0,12,2,0,1,1,1,0,2,1,0,1,0,"0000000",3,45,3,54,4,39,0,0,0,1,1
48,481504,1,1,0,0,0,4,4,113,1730,4,8,2011,5,14,40,1,13,8,"SL12RAMP                      ","                              ",195,32.85831944,-96.88304167,0,21,0,1,5,1,4,0,1,1,0,1,0,"0000000",14,42,14,45,15,5,0,0,0,1,0
48,481505,1,1,0,0,0,1,1,55,0,4,8,2011,5,4,35,0,9,8,"FM696                         ","                              ",31,30.37868889,-97.20430556,0,11,0,0,1,1,1,0,2,1,0,1,0,"0000000",5,28,5,54,6,28,0,0,0,1,0
48,481506,2,2,0,0,0,2,2,347,0,4,8,2011,5,6,8,1,2,2,"US-259                        ","                              ",100,31.70016667,-94.67528333,0,12,6,0,8,1,1,0,2,1,0,1,0,"0000000",88,88,88,88,88,88,0,0,0,1,0
48,481507,1,1,0,0,0,1,1,389,5280,4,8,2011,5,0,25,0,15,8,"FM761                         ","WALTHALL ST                   ",20,31.41541389,-103.50085556,0,33,0,0,3,4,4,0,3,1,0,1,0,"0000000",88,88,88,88,88,88,0,0,0,1,1
48,481508,4,4,0,0,0,5,5,419,0,4,8,2011,5,12,40,1,2,2,"US-96                         ","                              ",46,31.74692222,-94.17723611,0,12,8,0,1,1,1,0,1,1,0,1,0,"0000000",99,99,99,99,99,99,0,0,0,1,0
48,481509,1,1,0,1,1,1,1,113,2800,5,8,2011,6,21,29,0,16,5,"HARDROCK RD                   ","                              ",0,32.80864722,-97.02030278,0,8,0,0,1,1,1,0,2,1,0,1,0,"0000000",21,32,21,37,22,20,0,0,0,1,0
48,481510,2,2,0,0,0,2,2,121,5416,5,8,2011,6,9,4,0,14,8,"FM2499                        ","                              ",70,33.17969444,-97.27996667,0,12,6,0,1,1,1,0,1,1,0,1,0,"0000000",88,88,88,88,88,88,0,0,0,1,0
48,481511,1,1,0,0,0,1,1,179,0,5,8,2011,6,23,48,0,6,4,"3                             ","                              ",0,35.56031667,-101.04307778,0,38,0,0,1,1,4,0,2,1,0,1,0,"0000000",88,88,88,88,88,88,20,0,0,1,0
48,481512,1,1,0,1,1,1,1,309,0,6,8,2011,7,1,15,1,2,3,"SR-6                          ","                              ",406,31.50721389,-96.94786667,0,8,0,0,1,1,1,0,2,1,0,1,0,"0000000",88,88,88,88,88,88,0,0,0,1,0
48,481513,1,1,0,1,1,1,1,407,1428,6,8,2011,7,21,37,0,3,3,"SR-150                        ","                              ",173,30.57925,-95.12310556,0,8,0,0,1,1,1,0,2,1,0,1,0,"0000000",88,88,88,88,88,88,0,0,0,1,0
48,481514,1,1,0,0,0,1,1,251,1030,7,8,2011,1,2,33,1,13,3,"SR-174                        ","SPRINGTIDE DR                 ",119,32.53263056,-97.33745,0,59,0,0,3,3,4,0,3,1,0,1,0,"0000000",99,99,99,99,99,99,0,0,0,1,0
48,481515,2,2,0,0,0,2,2,381,150,7,8,2011,1,1,58,1,11,1,"I-27                          ","                              ",97,35.13307222,-101.89832222,0,26,0,0,1,1,3,0,2,2,0,2,0,"0000000",88,88,88,88,88,88,0,0,0,1,0
48,482061,1,1,0,0,0,1,1,151,0,9,9,2011,6,15,0,0,5,8,"FM1085                        ","                              ",79,32.61856944,-100.20646389,0,59,0,0,1,1,4,0,1,10,0,10,0,"0000000",88,88,88,88,88,88,0,0,0,1,0
48,482062,1,1,0,0,0,3,3,391,0,10,9,2011,7,22,0,0,4,8,"FM1360                        ","                              ",57,28.16620556,-97.33338333,0,1,0,0,1,1,4,0,3,1,0,1,0,"0000000",22,4,22,18,22,55,0,0,0,1,1
48,482063,1,1,0,0,0,1,1,157,0,12,9,2011,2,14,12,0,4,8,"FM762                         ","                              ",137,29.44556389,-95.67400833,0,59,0,0,1,1,4,0,1,1,0,1,0,"0000000",88,88,88,88,88,88,0,0,0,1,1
48,482064,2,2,0,0,0,5,5,201,0,13,9,2011,3,7,27,0,6,4,"BEAMER RD                     ","ASTORIA BLVD                  ",0,29.58175,-95.21066944,0,12,6,0,2,2,1,0,1,1,0,1,0,"0000000",10,28,10,33,10,46,0,0,0,1,0
48,482065,1,1,0,0,0,1,1,29,295,24,9,2011,7,22,10,0,16,5,"BRIGGS RD                     ","                              ",0,29.23574167,-98.69334444,0,38,0,0,1,1,4,0,2,1,0,1,0,"0000000",88,88,88,88,88,88,0,0,0,1,1
48,482066,1,1,0,0,0,1,1,245,490,18,9,2011,1,17,38,0,16,5,"CALDER AVE                    ","                              ",0,30.07754167,-94.16643889,0,41,0,0,1,1,4,0,1,2,0,2,0,"0000000",17,39,17,42,17,58,0,0,0,1,0
48,482067,1,1,0,1,1,3,3,427,0,18,9,2011,1,3,5,1,2,2,"US-83                         ","                              ",235,26.39021667,-98.91373611,0,8,0,0,1,1,1,0,2,2,0,2,0,"0000000",99,99,3,12,4,14,0,0,0,1,1
48,482068,1,1,0,0,0,1,1,489,0,18,9,2011,1,22,0,0,4,3,"SR-186                        ","                              ",109,26.50384167,-97.48789722,0,52,0,0,1,1,4,0,2,1,0,1,0,"0000000",88,88,88,88,88,88,0,0,0,1,1
48,482069,1,1,0,2,2,1,1,201,3280,21,9,2011,4,3,27,0,16,5,"W FUQUA ST                    ","WHITE HEATHER ST              ",0,29.61336944,-95.43905278,0,8,0,0,2,3,1,0,3,1,0,1,0,"0000000",88,88,88,88,88,88,0,0,0,2,1
48,482070,4,4,0,0,0,5,5,367,0,23,9,2011,6,14,18,1,1,1,"I-20                          ","                              ",92,32.71208333,-97.92837778,0,5,0,0,1,1,1,1,1,1,0,1,0,"0000000",99,99,14,46,15,11,0,0,0,1,0
48,482071,2,2,0,0,0,3,3,201,0,24,9,2011,7,16,14,0,14,8,"FM2920                        ","                              ",182,30.07062222,-95.45868889,0,12,6,0,8,1,1,0,1,1,0,1,0,"0000000",16,14,16,20,17,3,0,0,0,1,0
48,482072,1,1,0,0,0,1,1,273,0,24,9,2011,7,2,35,0,6,4,"E CEASAR AVE                  ","                              ",0,27.507075,-97.82490833,0,18,0,0,1,1,1,4,3,1,0,1,0,"0000000",88,88,88,88,88,88,0,0,0,1,1
48,482073,2,1,1,0,0,2,2,303,0,25,9,2011,1,5,10,0,4,8,"FM2641                        ","                              ",84,33.6502,-101.9371,0,14,0,0,1,1,4,0,2,1,0,1,0,"0000000",88,88,88,88,88,88,0,0,0,2,1
48,482074,1,1,0,0,0,1,1,367,0,26,9,2011,2,21,33,0,4,8,"FM920                         ","                              ",57,32.93393889,-97.85845556,0,35,0,0,1,1,4,0,2,1,0,1,0,"0000000",88,88,88,88,88,88,0,0,0,1,0
48,482075,1,1,0,0,0,3,3,453,0,27,9,2011,3,12,35,1,13,2,"US-290                        ","                              ",36,30.23407778,-97.91562778,0,34,0,0,1,1,4,0,1,10,0,10,0,"0000000",12,37,12,46,13,22,0,0,0,1,0
48,482076,2,2,0,0,0,3,3,355,0,29,9,2011,5,17,45,1,2,8,"BU77V                         ","4                             ",394,27.571675,-97.81607222,0,12,6,0,2,2,1,0,1,1,0,1,0,"0000000",99,99,99,99,99,99,0,0,0,1,0
48,482077,2,2,0,0,0,2,2,7,0,30,9,2011,6,23,45,0,3,3,"SR-35                         ","                              ",47,28.07782222,-97.03965833,0,12,1,0,1,1,1,1,2,1,0,1,0,"0000000",88,88,88,88,88,88,0,0,0,1,1
48,482078,1,1,0,0,0,3,3,339,0,1,10,2011,7,1,50,0,6,4,"LONG NECK DR                  ","N LITE ST                     ",0,30.125075,-95.73115833,0,59,0,0,3,2,4,0,2,1,0,1,0,"0000000",2,3,2,16,3,14,0,0,0,1,1
48,482079,1,1,0,1,1,1,1,481,2130,3,10,2011,2,20,45,1,13,3,"SR-71                         ","E FIRST ST                    ",162,29.19437778,-96.26791944,0,8,0,0,2,2,1,0,3,1,0,1,0,"0000000",88,88,88,88,88,88,0,0,0,1,0
48,482080,2,2,0,0,0,5,5,203,0,5,10,2011,4,21,39,0,3,2,"US-80                         ","                              ",310,32.50798333,-94.19533611,0,12,2,0,1,1,1,0,2,1,0,1,0,"0000000",21,43,21,55,22,45,0,0,0,2,1
48,482081,1,1,0,0,0,1,1,27,0,7,10,2011,6,22,10,0,6,4,"PRITCHARD RD                  ","                              ",0,30.9694,-97.30266389,0,42,0,0,1,1,4,0,2,1,0,1,0,"0000000",88,88,88,88,88,88,0,0,0,1,1
48,482082,2,2,0,0,0,3,3,185,9997,7,10,2011,6,11,24,0,4,8,"FM1774                        ","                              ",70,30.26278333,-95.83053889,0,12,1,0,1,1,1,0,1,10,0,10,0,"0000000",99,99,11,49,12,27,0,0,0,1,0
48,482083,2,2,0,0,0,3,3,209,0,7,10,2011,6,8,0,0,4,8,"RM12                          ","                              ",61,30.10696111,-98.09231111,0,12,2,0,1,1,1,0,1,2,0,2,0,"0000000",8,10,8,15,9,6,0,0,0,1,0
48,482084,2,2,0,0,0,2,2,215,4197,7,10,2011,6,17,8,1,13,8,"BU83S                         ","S 26TH ST                     ",64,26.20680556,-98.24935,0,12,6,0,2,3,1,0,1,1,0,1,0,"0000000",17,10,17,17,17,49,0,0,0,1,0
48,482085,2,2,0,0,0,2,2,423,0,7,10,2011,6,6,20,0,4,3,"SR-135                        ","                              ",20,32.25246389,-95.01479722,0,12,6,0,1,1,1,0,2,1,0,1,0,"0000000",99,99,99,99,99,99,0,0,0,1,0
48,482086,1,1,0,1,1,1,1,113,1730,8,10,2011,7,21,30,1,13,8,"SL12                          ","S MURDEAUX LN                 ",205,32.71308889,-96.69301111,0,8,0,0,2,2,1,0,3,2,0,2,0,"0000000",88,88,88,88,88,88,0,0,0,1,0
48,482087,1,1,0,0,0,2,2,507,0,8,10,2011,7,13,48,0,4,8,"FM481                         ","                              ",51,29.06305556,-100.05344167,0,38,0,0,1,1,4,0,1,1,0,1,0,"0000000",14,8,14,34,15,43,0,0,0,1,0
48,482088,2,2,0,0,0,2,2,465,0,10,10,2011,2,6,20,1,2,2,"US-90                         ","HOLIDAY TRAVEL PARK RD        ",625,29.46706944,-101.00491111,0,12,6,0,2,3,1,0,2,2,0,2,0,"0000000",99,99,99,99,99,99,0,0,0,1,0
48,482089,2,2,0,0,0,2,2,439,502,11,10,2011,3,6,18,1,12,3,"SR-121                        ","                              ",160,32.83705833,-97.12649444,0,12,99,0,1,1,1,1,2,1,0,1,0,"0000000",88,88,88,88,88,88,0,0,0,1,0
48,482090,1,1,0,0,0,1,1,201,0,12,10,2011,4,3,30,0,6,4,"CLAY RD                       ","                              ",0,29.83081667,-95.67034167,0,33,0,0,1,1,3,0,3,10,0,10,0,"0000000",88,88,88,88,88,88,0,0,0,1,1
48,482091,1,1,0,1,1,1,1,255,0,12,10,2011,4,2,30,1,2,2,"US-181                        ","                              ",47,28.95960278,-97.993175,0,8,0,0,1,1,1,0,2,5,0,5,0,"0000000",88,88,88,88,88,88,0,0,0,1,0
48,482092,1,1,0,0,0,1,1,27,570,13,10,2011,5,21,22,1,11,1,"I-35RAMP                      ","                              ",152,31.04573889,-97.46770833,0,24,0,1,5,1,4,1,2,1,0,1,0,"0000000",21,22,21,29,21,47,0,0,0,1,0
48,482093,2,2,0,0,0,2,2,53,0,14,10,2011,6,9,55,0,3,3,"SR-29                         ","                              ",67,30.74945,-98.1186,0,12,6,0,1,1,1,0,1,1,0,1,0,"0000000",9,57,10,8,10,57,0,0,0,1,0
48,480425,1,1,0,0,0,1,1,481,0,19,2,2011,7,3,4,0,4,8,"FM 1301                       ","                              ",82,29.28883056,-95.97948056,0,42,0,0,1,1,4,0,2,1,0,1,0,"0000000",88,88,88,88,88,88,0,0,0,1,0
48,480426,1,1,0,0,0,1,1,213,0,20,2,2011,1,9,55,1,2,3,"SR-31                         ","                              ",348,32.30488889,-95.564725,0,1,0,0,1,1,4,0,1,1,0,1,0,"0000000",10,7,10,23,11,6,0,0,0,1,0
48,480427,2,2,0,0,0,2,2,329,0,20,2,2011,1,18,35,1,2,3,"SR-158                        ","160                           ",167,31.93935278,-101.88380556,0,12,6,0,2,4,1,0,1,1,0,1,0,"0000000",88,88,88,88,88,88,0,0,0,1,0
48,480428,2,1,1,0,0,2,2,439,2450,20,2,2011,1,21,20,1,11,7,"I-35                          ","                              ",117,32.81947778,-97.31246944,0,14,0,0,1,1,2,0,2,1,0,1,0,"0000000",99,99,99,99,99,99,0,0,0,1,0
48,480429,2,2,0,0,0,5,5,115,0,22,2,2011,3,5,42,1,2,3,"SR-349                        ","FM828                         ",108,32.55483611,-102.02055833,0,12,6,0,2,2,1,0,2,1,0,1,0,"0000000",99,99,6,4,6,33,0,0,0,1,0
48,480430,3,2,1,0,1,2,3,201,3280,22,2,2011,3,13,38,1,12,2,"US-59                         ","                              ",65,29.72993889,-95.45135278,0,14,0,0,1,1,2,0,1,1,0,1,0,"0000000",13,38,13,45,14,28,23,0,0,1,0
48,480431,1,1,0,0,0,1,1,227,0,22,2,2011,3,9,38,1,1,1,"I-20                          ","                              ",315,32.27455833,-101.37083056,0,35,0,1,18,1,3,0,1,1,0,1,0,"0000000",88,88,88,88,88,88,0,0,0,1,0
48,480432,1,1,0,0,0,1,1,15,0,23,2,2011,4,14,10,0,6,4,"ARNING                        ","                              ",0,30.02798611,-96.346875,0,1,0,0,1,1,4,0,1,10,0,10,0,"0000000",88,88,88,88,88,88,0,0,0,1,0
48,480433,2,2,0,0,0,2,2,339,0,24,2,2011,5,13,58,1,2,3,"SR-105                        ","                              ",20,30.31761111,-95.18156389,0,12,2,0,1,1,1,0,1,10,0,10,0,"0000000",14,15,14,44,15,12,0,0,0,1,0
48,480434,1,1,0,1,1,1,1,303,4140,25,2,2011,6,6,35,0,16,5,"UNIVERSITY AVE                ","                              ",0,33.59948611,-101.87039167,0,8,0,0,1,1,1,0,3,1,0,1,0,"0000000",88,88,88,88,88,88,0,0,0,1,0
48,480435,1,1,0,0,0,1,1,309,7210,25,2,2011,6,16,30,0,16,5,"CAMERON PARK DR               ","                              ",0,31.57903611,-97.15035556,0,1,0,0,1,1,4,0,1,1,0,1,0,"0000000",16,33,16,38,16,58,0,0,0,1,0
48,480436,1,1,0,0,0,1,1,157,0,26,2,2011,7,19,45,0,6,4,"WILLIAMS WAY BLVD             ","                              ",0,29.57238889,-95.74451944,0,1,0,0,1,1,4,1,2,1,0,1,0,"0000000",19,57,20,5,20,25,0,0,0,1,0
48,480437,2,2,0,0,0,4,4,167,2570,26,2,2011,7,18,30,1,13,8,"FM 3005                       ","                              ",16,29.25483889,-94.84713611,0,12,6,0,1,1,11,0,3,5,0,5,0,"0000000",18,32,18,42,19,13,0,0,0,1,2
48,480438,2,1,1,0,3,1,4,329,0,27,2,2011,1,14,35,1,2,8,"BU20E/US-80                   ","                              ",213,32.02983333,-102.00827778,0,14,0,0,1,1,2,0,1,5,0,5,0,"0000000",14,34,14,41,15,3,0,0,0,1,0
48,480439,1,1,0,0,0,4,4,395,0,28,2,2011,2,1,30,1,2,2,"US-79                         ","                              ",62,30.93802778,-96.58603056,0,1,0,0,1,1,4,0,2,10,0,10,0,"0000000",1,37,1,47,2,22,0,0,0,1,0
48,480440,3,3,0,0,0,6,6,91,0,24,3,2011,5,8,43,1,13,3,"SR-46                         ","VINTAGE WAY DR                ",103,29.77153889,-98.26365556,0,12,1,0,3,3,1,0,1,10,0,10,0,"0000000",8,47,9,4,9,34,0,0,0,1,0
48,480441,1,1,0,1,1,1,1,187,6237,25,3,2011,6,14,27,0,15,8,"FM78                          ","                              ",4,29.55333611,-98.26723333,0,9,0,0,8,1,1,0,1,1,0,1,0,"0000000",88,88,88,88,88,88,0,0,0,1,0
48,480442,2,2,0,0,0,2,2,201,0,26,3,2011,7,11,13,0,6,4,"FAIRBANKS N HOUSTON           ","                              ",0,29.88478333,-95.52468611,0,12,6,0,8,1,1,0,1,1,0,1,0,"0000000",11,28,11,43,11,58,0,0,0,1,1
48,480443,1,1,0,0,0,1,1,201,0,26,3,2011,7,19,35,1,12,8,"SS330                         ","I-10                          ",2,29.79141111,-95.05008333,0,24,0,1,19,1,4,0,5,1,0,1,0,"0000000",88,88,88,88,88,88,0,0,0,1,1
48,480444,2,2,0,0,0,6,6,453,330,26,3,2011,7,19,0,1,11,7,"I-35                          ","SS69                          ",220,30.32151667,-97.70748889,0,12,6,1,2,2,1,0,1,1,0,1,0,"0000000",19,0,19,5,19,18,0,0,0,1,1
48,480445,1,1,0,0,0,2,2,29,6090,27,3,2011,1,3,20,0,16,5,"WETMORE                       ","                              ",0,29.55848056,-98.42433611,0,30,0,0,1,1,4,0,3,10,0,10,0,"0000000",99,99,99,99,99,99,0,0,0,1,1
48,480447,1,1,0,0,0,2,2,113,1730,13,3,2011,1,5,5,0,16,5,"2ND AVE                       ","                              ",0,32.74869722,-96.73054167,0,23,0,0,1,1,4,0,3,1,0,1,0,"0000000",88,88,88,88,88,88,0,0,0,1,0
48,480449,3,3,0,0,0,3,3,29,6090,17,3,2011,5,8,50,1,13,8,"FM1976                        ","                              ",18,29.51026667,-98.37778333,0,12,6,0,8,1,1,0,1,1,0,1,0,"0000000",88,88,88,88,88,88,0,0,0,1,0
48,480450,1,1,0,1,1,1,1,249,0,17,3,2011,5,13,10,0,6,4,"135                           ","                              ",0,27.73330556,-98.12045278,0,8,0,0,8,1,1,0,1,1,0,1,0,"0000000",88,88,88,88,88,88,0,0,0,1,0
48,480451,1,1,0,0,0,1,1,77,0,18,3,2011,6,23,4,1,2,2,"US-82                         ","                              ",21,33.87467778,-98.38190278,0,1,0,0,1,1,4,0,2,1,0,1,0,"0000000",88,88,88,88,88,88,0,0,0,1,0
48,480452,1,1,0,0,0,1,1,85,5390,18,3,2011,6,15,0,1,12,7,"SR-121                        ","                              ",196,33.10845278,-96.77637778,0,25,0,0,1,1,3,0,1,1,0,1,0,"0000000",15,14,15,22,15,46,0,0,0,1,0
48,480453,2,2,0,0,0,9,9,91,0,18,3,2011,6,17,25,1,1,1,"I-35                          ","                              ",175,29.75839444,-98.04951944,0,12,1,0,1,1,1,0,1,1,0,1,0,"0000000",17,24,17,33,18,16,0,0,0,1,0
48,480454,1,1,0,0,0,6,6,113,4530,18,3,2011,6,19,31,0,16,5,"MOTLEY                        ","                              ",0,32.80391667,-96.64776944,0,5,0,0,8,1,1,1,1,1,0,1,0,"0000000",19,32,19,37,19,58,0,0,0,1,0
48,480455,1,1,0,1,1,1,1,141,2190,18,3,2011,6,16,54,1,13,7,"US-54                         ","PAISANO DR                    ",16,31.76776944,-106.44651944,0,8,0,0,2,2,1,0,1,1,0,1,0,"0000000",88,88,88,88,88,88,0,0,0,1,0
48,480456,2,2,0,0,0,2,2,167,3920,18,3,2011,6,21,35,0,16,5,"HOBBS                         ","                              ",0,29.50107222,-95.11579167,0,12,6,0,8,1,1,0,3,1,0,1,0,"0000000",21,34,21,37,22,30,0,0,0,1,0
48,480457,2,2,0,0,0,3,3,29,6090,19,3,2011,7,2,1,1,11,1,"I-35                          ","                              ",205,29.40354167,-98.51151111,0,12,6,0,1,1,1,0,3,10,0,10,0,"0000000",88,88,88,88,88,88,0,0,0,1,1
48,480458,1,1,0,0,0,1,1,105,0,19,3,2011,7,15,41,1,1,1,"I-10                          ","                              ",461,30.68755278,-101.06029167,0,1,0,0,1,1,3,0,1,10,0,10,0,"0000000",15,41,15,54,16,11,0,0,0,1,0
48,480460,1,1,0,0,0,2,2,117,0,19,3,2011,7,3,30,1,2,2,"US-60                         ","                              ",69,34.85545,-102.31462222,0,1,0,0,1,1,4,0,2,10,0,10,0,"0000000",3,39,3,55,4,52,0,0,0,1,1
48,480969,2,2,0,0,0,17,17,201,0,29,5,2011,1,13,42,0,16,7,"SAM HOUSTON PKWY              ","GARRETT RD                    ",0,29.88306111,-95.19711944,0,12,6,1,2,2,1,0,1,1,0,1,0,"0000000",13,45,13,53,14,30,1,0,0,2,0
48,480971,1,1,0,0,0,1,1,405,0,29,5,2011,1,16,57,0,3,3,"SR-21                         ","                              ",154,31.51374722,-94.05321944,0,42,0,0,1,1,4,0,1,1,0,1,0,"0000000",88,88,88,88,88,88,0,0,0,1,0
48,480972,2,2,0,0,0,3,3,29,6090,30,5,2011,2,0,10,1,13,8,"SL 13                         ","GOLIAD                        ",30,29.35191667,-98.43107222,0,12,6,0,2,2,1,0,3,1,0,1,0,"0000000",0,17,0,23,0,49,0,0,0,1,0
48,480973,3,1,2,0,0,1,1,85,1730,30,5,2011,2,19,56,0,16,5,"DALLAS PKWY                   ","                              ",0,32.99675278,-96.82899444,0,42,0,0,1,1,5,1,3,1,0,1,0,"0000000",88,88,88,88,88,88,19,0,0,1,0
48,480974,1,1,0,0,0,1,1,181,1830,30,5,2011,2,18,7,1,12,2,"US-75                         ","                              ",97,33.72114444,-96.58518056,0,21,0,1,19,1,8,0,1,1,0,1,0,"0000000",88,88,88,88,88,88,0,0,0,1,1
48,480975,1,1,0,0,0,2,2,201,0,30,5,2011,2,22,30,0,16,5,"CLOVERLEAF                    ","ALDERSON                      ",0,29.78894444,-95.16780833,0,34,0,0,3,3,5,0,2,1,0,1,0,"0000000",88,88,88,88,88,88,0,0,0,2,1
48,480976,2,2,0,0,0,2,2,309,7210,30,5,2011,2,1,30,0,16,5,"12TH ST                       ","MORROW ST                     ",0,31.55663889,-97.14429444,0,12,6,0,2,2,1,0,3,1,0,1,0,"0000000",1,37,1,41,2,6,0,0,0,1,1
48,480977,1,1,0,0,0,1,1,27,6810,31,5,2011,3,8,47,1,13,2,"US-190                        ","                              ",31,31.07971944,-97.38191111,0,26,0,1,5,1,8,8,1,1,0,1,0,"0000000",8,48,8,53,9,9,0,0,0,1,0