"STATE","ST_CASE","VE_TOTAL","VE_FORMS","PVH_INVL","PEDS","PERNOTMVIT","PERMVIT","PERSONS","COUNTY","CITY","DAY","MONTH","YEAR","DAY_WEEK","HOUR","MINUTE","NHS","ROAD_FNC","ROUTE","TWAY_ID","TWAY_ID2","MILEPT","LATITUDE","LONGITUD","SP_JUR","HARM_EV","MAN_COLL","RELJCT1","RELJCT2","TYP_INT","REL_ROAD","WRK_ZONE","LGT_COND","WEATHER1","WEATHER2","WEATHER","SCH_BUS","RAIL","NOT_HOUR","NOT_MIN","ARR_HOUR","ARR_MIN","HOSP_HR","HOSP_MN","CF1","CF2","CF3","FATALS","DRUNK_DR"
48,480978,2,2,0,0,0,2,2,29,6090,31,5,2011,3,14,44,0,16,5,"THOUSAND OAKS                 ","                              ",0,29.55902778,-98.41865833,0,12,6,0,8,1,1,0,1,1,0,1,0,"0000000",14,44,14,48,15,24,0,0,0,1,0
48,480979,3,3,0,0,0,7,7,183,0,13,5,2011,6,21,27,0,3,3,"SR-31                         ","                              ",23,32.38131111,-94.9496,0,12,2,0,1,1,1,0,2,1,0,1,0,"0000000",21,30,21,37,22,56,0,0,0,1,0
48,480980,1,1,0,0,0,5,5,201,3280,13,5,2011,6,1,15,0,16,5,"VALLEY VIEW LANE              ","                              ",0,29.68044444,-95.53482778,0,42,0,0,1,1,4,0,3,1,0,1,0,"0000000",88,88,88,88,88,88,0,0,0,1,0
48,480981,2,2,0,0,0,6,6,5,0,14,5,2011,7,0,45,0,4,8,"FM2497                        ","                              ",47,31.25103889,-94.80428611,0,12,6,0,8,1,1,0,3,1,0,1,0,"0000000",99,99,99,99,99,99,0,0,0,1,0
48,480982,1,1,0,0,0,1,1,141,2190,14,5,2011,7,4,43,0,16,5,"SOUTHSIDE RD                  ","                              ",0,31.68646389,-106.32549722,0,38,0,0,1,1,4,0,3,1,0,1,0,"0000000",4,44,4,50,5,9,0,0,0,1,0
48,480983,2,2,0,0,0,2,2,209,0,14,5,2011,7,9,13,0,6,4,"FITZHUGH RD                   ","                              ",0,30.25260278,-98.07073889,0,12,2,0,1,1,1,0,1,1,0,1,0,"0000000",88,88,88,88,88,88,0,0,0,1,0
48,480984,2,2,0,0,0,6,6,215,4197,14,5,2011,7,19,31,0,16,5,"W LAVISTA AVE                 ","N 8TH ST                      ",0,26.22469444,-98.22413056,0,12,6,0,2,3,1,0,1,1,0,1,0,"0000000",88,88,88,88,88,88,0,0,0,1,0
48,480985,1,1,0,0,0,1,1,499,0,14,5,2011,7,13,27,0,3,3,"SR-11                         ","                              ",21,32.95369167,-95.26539167,0,1,0,0,1,1,1,0,1,1,0,1,0,"0000000",88,88,88,88,88,88,0,0,0,1,0
48,480986,1,1,0,0,0,3,3,1,0,15,5,2011,1,21,20,0,3,2,"US-84                         ","                              ",42,31.75124167,-95.57868611,0,32,0,0,1,1,4,0,2,1,0,1,0,"0000000",99,99,99,99,99,99,0,0,0,1,1
48,480987,1,1,0,0,0,4,4,245,490,15,5,2011,1,2,34,0,16,5,"SOUTH ST                      ","                              ",0,30.08186111,-94.11676667,0,30,0,0,1,1,4,0,3,1,0,1,0,"0000000",88,88,88,88,88,88,0,0,0,1,1
48,480988,1,1,0,0,0,1,1,479,3899,15,5,2011,1,21,25,0,16,5,"WINDFIELD PKWY                ","                              ",0,27.584,-99.45171944,0,42,0,0,1,1,3,0,3,10,0,10,0,"0000000",99,99,99,99,99,99,0,0,0,1,0
48,480989,2,2,0,0,0,2,2,113,1730,16,5,2011,2,19,20,0,16,5,"KLEBERG RD                    ","                              ",0,32.68626944,-96.62720278,0,12,6,0,8,1,1,0,1,1,0,1,0,"0000000",19,20,19,25,19,46,0,0,0,1,0
48,480990,2,2,0,0,0,2,2,135,5030,16,5,2011,2,13,38,0,16,5,"E UNIVERSITY BLVD             ","N TANGLEWOOD LN               ",0,31.877775,-102.33741667,0,12,6,0,2,2,1,0,1,1,0,1,0,"0000000",99,99,99,99,99,99,0,0,0,1,1
48,480991,2,2,0,0,0,2,2,339,0,2,5,2011,2,20,25,0,6,4,"GROGANS MILL RD               ","                              ",0,30.12832222,-95.45611944,0,12,6,0,4,1,1,0,3,1,0,1,0,"0000000",20,36,20,39,21,9,0,0,0,1,0
48,480992,1,1,0,0,0,1,1,135,0,4,5,2011,4,4,45,1,13,2,"US-385                        ","                              ",36,31.80028889,-102.36448333,0,1,0,0,1,1,1,0,2,1,0,1,0,"0000000",88,88,88,88,88,88,0,0,0,1,1
48,480993,2,2,0,0,0,3,3,303,4140,4,5,2011,4,10,44,0,16,5,"L AVE                         ","50TH ST                       ",0,33.54881389,-101.84875,0,12,6,0,2,2,1,0,1,1,0,1,0,"0000000",10,45,10,51,11,9,0,0,0,1,0
48,480994,2,2,0,0,0,5,5,215,0,7,5,2011,7,2,40,1,13,8,"FM 1924                       ","BENTSEN PALM DR               ",10,26.26488056,-98.36526667,0,12,6,0,2,2,1,0,3,1,0,1,0,"0000000",2,40,2,55,3,22,0,0,0,2,1
48,480995,1,1,0,0,0,1,1,473,0,7,5,2011,7,10,22,0,4,8,"FM 362                        ","                              ",239,29.83331944,-95.95111667,0,1,0,0,1,1,4,0,1,1,0,1,0,"0000000",10,35,10,44,11,11,0,0,0,1,0
48,480996,2,2,0,0,0,2,2,489,0,7,5,2011,7,4,45,0,6,5,"6TH                           ","                              ",0,26.4661,-97.92060833,0,12,7,0,1,1,1,0,2,1,0,1,0,"0000000",88,88,88,88,88,88,0,0,0,1,1
48,480997,1,1,0,0,0,2,2,97,2550,8,5,2011,1,21,6,0,15,8,"FM 1200                       ","FM 1201                       ",169,33.66155556,-97.18749722,0,18,0,0,3,4,3,0,6,2,0,2,0,"0000000",21,9,21,19,21,41,0,0,0,1,1
48,480998,1,1,0,0,0,1,1,231,0,8,5,2011,1,1,0,1,2,3,"SR-276                        ","                              ",118,32.91034167,-96.15288611,0,38,0,0,1,1,4,0,2,1,0,1,0,"0000000",88,88,88,88,88,88,0,0,0,1,1
48,480999,1,1,0,0,0,2,2,453,0,8,5,2011,1,2,15,0,3,8,"FM 812                        ","                              ",41,30.13105278,-97.64508611,0,43,0,0,1,1,4,0,2,1,0,1,0,"0000000",2,21,2,32,3,0,0,0,0,1,1
48,481000,2,2,0,0,0,2,2,223,0,9,5,2011,2,14,22,1,1,1,"I-30                          ","                              ",100,33.12063333,-95.69381944,0,12,1,0,1,1,1,0,1,1,0,1,0,"0000000",88,88,88,88,88,88,0,0,0,1,0
48,481002,2,2,0,0,0,4,4,473,0,9,5,2011,2,15,17,0,5,8,"FM3346                        ","FM1887                        ",15,30.05354167,-96.08145833,0,12,6,0,2,2,1,0,1,1,0,1,0,"0000000",15,24,15,36,16,21,0,0,0,1,0
48,481003,1,1,0,0,0,2,2,123,0,10,5,2011,3,17,34,0,3,3,"SR-72                         ","                              ",6,29.08964444,-97.34646389,0,1,0,0,1,1,4,0,1,1,0,1,0,"0000000",17,40,17,58,19,20,0,0,0,1,1
48,481516,1,1,0,0,0,3,3,439,4300,7,8,2011,1,16,13,1,12,2,"US-287                        ","                              ",2,32.55194444,-97.11021389,0,1,0,0,1,1,3,0,1,1,0,1,0,"0000000",16,16,16,36,16,55,0,0,0,1,0
48,481517,2,2,0,0,0,2,2,201,0,8,8,2011,2,13,40,0,6,4,"AIRLINE DR                    ","CARBY                         ",0,29.87806667,-95.388,0,12,6,0,2,3,1,0,1,10,0,10,0,"0000000",13,45,13,56,14,39,0,0,0,1,0
48,481518,4,4,0,0,0,6,6,201,530,8,8,2011,2,18,12,1,11,1,"I-610                         ","                              ",65,29.72168611,-95.46017222,0,12,1,0,1,1,1,0,1,1,0,1,0,"0000000",18,13,18,18,18,50,0,0,0,1,0
48,481519,1,1,0,2,2,1,1,113,1730,10,8,2011,4,21,45,1,13,8,"SL-12                         ","                              ",217,32.71274167,-96.71291944,0,8,0,0,1,1,1,0,2,1,0,1,0,"0000000",21,50,21,57,22,16,0,0,0,1,0
48,481520,1,1,0,0,0,2,2,351,0,10,8,2011,4,10,30,0,4,8,"FM363                         ","                              ",47,30.70297222,-93.80318333,0,1,0,0,1,1,4,0,1,1,0,1,0,"0000000",99,99,11,8,99,99,0,0,0,1,0
48,481521,2,2,0,0,0,4,4,397,0,12,8,2011,6,21,55,0,3,3,"SR-205                        ","                              ",114,32.81849444,-96.35195278,0,12,6,0,1,1,1,0,2,10,0,10,0,"0000000",88,88,88,88,88,88,0,0,0,1,0
48,481522,3,3,0,0,0,3,3,201,5230,13,8,2011,7,18,36,0,16,5,"RED BLUFF RD                  ","FAIRMONT PKWY                 ",0,29.65054167,-95.12239722,0,12,6,0,2,2,1,0,1,1,0,1,0,"0000000",18,48,18,55,19,17,0,0,0,1,0
48,481523,2,2,0,0,0,6,6,339,1510,13,8,2011,7,13,15,1,13,8,"SL-336                        ","                              ",155,30.28305,-95.431775,0,12,2,0,1,1,4,0,1,10,0,10,0,"0000000",13,17,13,25,13,48,0,0,0,2,0
48,481524,1,1,0,0,0,1,1,29,6090,14,8,2011,1,2,20,1,12,2,"US-281                        ","                              ",182,29.53796111,-98.49284722,0,52,0,0,1,1,4,0,3,1,0,1,0,"0000000",88,88,88,88,88,88,0,0,0,1,1
48,481525,1,1,0,0,0,1,1,91,9997,14,8,2011,1,13,15,0,14,8,"FM 482                        ","HUBERTUS RD                   ",13,29.63157222,-98.24498333,0,42,0,0,1,1,4,0,1,99,0,99,0,"0000000",88,88,88,88,88,88,0,0,0,1,1
48,481526,1,1,0,0,0,1,1,27,570,14,8,2011,1,0,37,1,13,2,"US-190RAMP                    ","                              ",275,31.04645278,-97.46826111,0,20,0,1,5,1,8,1,3,1,0,1,0,"0000000",0,37,0,52,1,11,0,0,0,1,1
48,481527,3,3,0,1,1,3,3,439,2800,14,8,2011,1,4,11,1,11,1,"I-10                          ","                              ",129,32.67628333,-97.0408,0,12,6,0,1,1,1,1,2,1,0,1,0,"0000000",4,12,4,22,4,58,23,19,0,1,0
48,481528,1,1,0,0,0,1,1,29,6090,15,8,2011,2,1,30,0,4,8,"FM 1604                       ","                              ",32,29.56879444,-98.65248611,0,1,0,0,1,1,10,0,2,1,0,1,0,"0000000",88,88,88,88,88,88,0,0,0,1,1
48,481529,2,2,0,0,0,3,3,29,6090,16,8,2011,3,12,30,1,12,3,"SR-16                         ","                              ",48,29.29208056,-98.558175,0,12,1,0,1,1,1,0,1,1,0,1,0,"0000000",12,40,12,41,13,17,0,0,0,1,0
48,481530,2,2,0,0,0,4,4,113,1730,16,8,2011,3,8,30,1,11,1,"I-45                          ","                              ",192,32.66432222,-96.72908889,0,12,1,0,1,1,1,0,1,1,0,1,0,"0000000",8,35,8,43,9,2,23,0,0,1,0
48,481531,1,1,0,0,0,1,1,29,6090,17,8,2011,4,2,28,0,16,5,"CINCINNATI ST                 ","KENSINGTON AVE                ",0,29.44860556,-98.514775,0,5,0,0,2,3,1,0,3,1,0,1,0,"0000000",88,88,88,88,88,88,0,0,0,1,1
48,481532,2,2,0,0,0,3,3,249,90,19,8,2011,6,1,25,0,16,5,"TEXAS BLVD                    ","                              ",0,27.779425,-98.06493056,0,12,2,0,1,1,1,1,2,1,0,1,0,"0000000",1,29,1,36,2,2,0,0,0,1,0
48,481533,3,3,0,0,0,6,6,441,30,19,8,2011,6,11,38,1,13,3,"SR-351                        ","                              ",29,32.47880833,-99.69665833,0,12,6,0,8,1,1,0,1,1,0,1,0,"0000000",99,99,99,99,99,99,0,0,0,1,0
48,481534,2,2,0,0,0,3,3,27,3690,20,8,2011,7,0,6,1,2,3,"SR-195                        ","                              ",56,31.05266667,-97.76415833,2,12,2,0,1,1,1,0,2,1,0,1,0,"0000000",0,13,0,21,1,14,0,0,0,1,1
48,481535,1,1,0,0,0,1,1,29,6090,20,8,2011,7,4,16,0,16,5,"BENRUS DR                     ","                              ",0,29.46118333,-98.58518611,0,30,0,0,1,1,4,0,3,1,0,1,0,"0000000",88,88,88,88,88,88,0,0,0,1,1
48,481536,2,2,0,0,0,9,9,29,6090,20,8,2011,7,9,27,1,11,1,"I-37                          ","                              ",126,29.28566667,-98.39568889,0,12,6,0,1,1,1,0,1,1,0,1,0,"0000000",9,27,9,41,10,15,0,0,0,1,0
48,481537,2,2,0,0,0,3,3,29,6090,20,8,2011,7,15,11,0,16,5,"BABCOCK RD                    ","                              ",0,29.54274722,-98.6135,0,12,2,0,1,1,1,0,1,1,0,1,0,"0000000",15,29,15,43,16,45,0,0,0,1,1
48,481538,2,2,0,0,0,5,5,113,387,20,8,2011,7,12,15,0,16,5,"SEAGOVILLE RD                 ","PEACHTREE RD                  ",0,32.70501944,-96.63135833,0,12,6,0,2,2,1,0,1,1,0,1,0,"0000000",12,17,12,20,13,23,0,0,0,1,1
48,481539,2,2,0,0,0,3,3,113,1730,20,8,2011,7,14,48,1,11,1,"I-35                          ","                              ",183,32.80069444,-96.82244444,0,12,1,0,1,1,1,0,1,1,0,1,0,"0000000",88,88,88,88,88,88,0,0,0,1,0
48,481540,2,2,0,0,0,2,2,201,0,20,8,2011,7,20,55,1,13,8,"FM 1960                       ","                              ",150,30.02303333,-95.423175,0,1,0,0,1,1,1,0,3,1,0,1,0,"0000000",21,7,21,15,21,45,0,0,0,1,0
48,481541,1,1,0,0,0,2,2,201,3280,13,2,2011,1,3,25,0,16,5,"MONROE RD                     ","                              ",0,29.65271667,-95.26486111,0,42,0,0,1,1,4,0,3,1,0,1,0,"0000000",3,39,3,51,4,14,0,0,0,1,1
48,481542,1,1,0,0,0,2,2,403,0,4,4,2011,2,18,39,1,2,2,"US-96                         ","                              ",143,31.15975,-93.97367222,0,42,0,0,1,1,4,0,1,1,0,1,0,"0000000",18,44,19,2,19,30,0,0,0,1,0
48,481543,1,1,0,0,0,1,1,201,3280,30,4,2011,7,1,21,0,16,5,"HOUSTON AVE                   ","                              ",0,29.78745556,-95.37213889,0,33,0,0,1,1,3,0,3,1,0,1,0,"0000000",88,88,88,88,88,88,0,0,0,1,1
48,481544,2,2,0,0,0,3,3,201,3280,14,5,2011,7,1,20,1,11,1,"I-610                         ","                              ",54,29.71105278,-95.26665556,0,12,1,0,1,1,1,0,3,1,0,1,0,"0000000",1,24,1,29,2,17,0,0,0,1,0
48,481545,1,1,0,0,0,2,2,453,9997,25,5,2011,4,8,52,0,16,5,"COUNTRY CLUB RD               ","ARROWHEAD LN                  ",0,30.44683333,-98.00098611,0,1,0,0,3,3,1,0,1,1,0,1,0,"0000000",88,88,88,88,88,88,0,0,0,2,1
48,481546,2,2,0,0,0,2,2,201,3280,28,5,2011,7,2,0,1,12,8,"SL8                           ","HARWIN DR                     ",106,29.71661667,-95.55797778,0,12,6,0,2,2,1,0,3,1,0,1,0,"0000000",88,88,88,88,88,88,0,0,0,1,1
48,481547,1,1,0,1,1,1,1,201,3280,28,5,2011,7,16,13,0,16,5,"WHEELER                       ","                              ",0,29.73393611,-95.38276389,0,8,0,0,8,1,1,0,1,1,0,1,0,"0000000",16,15,16,21,16,40,0,0,0,1,0
48,481548,1,1,0,0,0,2,2,5,4160,3,6,2011,6,0,15,0,14,3,"SR-94                         ","LUFKIN AVE                    ",116,31.33713056,-94.72201389,0,33,0,0,3,4,3,0,2,1,0,1,0,"0000000",99,99,99,99,99,99,0,0,0,1,1
48,481926,1,1,0,0,0,1,1,291,0,18,9,2011,1,1,30,0,4,8,"FM 1010                       ","                              ",30,30.30176111,-95.08498333,0,32,0,0,1,1,4,0,2,10,0,10,0,"0000000",88,88,88,88,88,88,0,0,0,1,1
48,481927,2,2,0,0,0,5,5,361,0,18,9,2011,1,3,35,0,3,3,"SR-62                         ","                              ",146,30.06234444,-93.821375,0,12,2,0,1,1,1,0,2,1,0,1,0,"0000000",3,35,3,58,4,49,0,0,0,3,2
48,481928,2,1,1,1,1,0,0,85,5390,19,9,2011,2,10,38,0,16,5,"18TH ST                       ","                              ",0,33.02435278,-96.675625,0,8,0,0,1,1,1,0,1,1,0,1,0,"0000000",10,40,10,45,10,59,23,0,0,1,0
48,481929,1,1,0,0,0,1,1,439,260,19,9,2011,2,21,34,1,12,2,"US-287                        ","                              ",224,32.655375,-97.19235278,0,59,0,0,1,1,3,0,3,1,0,1,0,"0000000",21,35,21,38,22,30,0,0,0,1,0
48,481930,1,1,0,0,0,4,4,371,0,20,9,2011,3,15,30,1,1,1,"I-10                          ","                              ",64,30.94109444,-103.328825,0,1,0,0,1,1,3,0,1,1,0,1,0,"0000000",99,99,99,99,99,99,0,0,0,1,0
48,481931,2,2,0,0,0,2,2,483,0,20,9,2011,3,19,24,0,3,3,"SR-152                        ","                              ",123,35.44451111,-100.05813611,0,12,6,0,8,1,2,0,1,1,0,1,0,"0000000",19,27,19,30,20,22,0,0,0,1,0
48,481932,1,1,0,1,1,3,3,201,3280,21,9,2011,4,10,0,1,13,8,"FM 1093                       ","BRIARGREEN DR                 ",33,29.73572222,-95.64016111,0,15,0,0,3,2,1,0,1,1,0,1,0,"0000000",10,15,10,33,11,0,0,0,0,1,0
48,481933,1,1,0,0,0,1,1,135,5030,22,9,2011,5,1,51,1,12,3,"SR-191                        ","                              ",61,31.89315833,-102.33539167,0,43,0,0,1,1,4,0,3,1,0,1,0,"0000000",88,88,88,88,88,88,0,0,0,1,1
48,481934,2,2,0,0,0,3,3,453,330,22,9,2011,5,4,0,1,12,2,"US-290 / SR-71                ","                              ",35,30.23342222,-97.79723056,0,12,2,1,18,1,1,0,2,1,0,1,0,"0000000",4,7,4,15,4,39,0,0,0,1,1
48,481935,1,1,0,0,0,2,2,27,6810,23,9,2011,6,8,9,1,13,8,"SL 363                        ","                              ",260,31.06286389,-97.32251944,0,24,0,0,1,1,4,0,1,1,0,1,0,"0000000",8,10,8,19,8,35,0,0,0,1,0
48,481936,2,2,0,0,0,2,2,53,1040,23,9,2011,6,14,19,1,2,2,"US-281                        ","                              ",217,30.73185,-98.23857222,0,12,2,0,1,1,1,0,1,1,0,1,0,"0000000",88,88,88,88,88,88,0,0,0,2,1
48,481937,2,2,0,0,0,3,3,121,2395,23,9,2011,6,21,50,1,13,8,"FM 1171                       ","                              ",133,33.046575,-97.14958889,0,12,2,0,1,1,1,0,2,1,0,1,0,"0000000",22,16,22,34,23,0,0,0,0,1,0
48,481938,1,1,0,0,0,1,1,141,2190,23,9,2011,6,22,49,0,16,5,"MCCONNELL AVE                 ","                              ",0,31.82816389,-106.44139444,0,5,0,0,1,1,4,0,3,1,0,1,0,"0000000",22,50,22,54,23,13,0,0,0,1,1
48,481939,2,2,0,0,0,6,6,185,0,23,9,2011,6,6,9,0,3,3,"SR-90                         ","                              ",255,30.49985,-95.99113056,0,12,6,0,1,1,1,0,2,1,0,1,0,"0000000",6,23,6,37,7,18,0,0,0,1,0
48,481941,1,1,0,0,0,1,1,479,0,9,9,2011,6,3,30,1,2,3,"SR-255                        ","                              ",174,27.81098056,-99.49054167,0,1,0,0,1,1,3,0,2,1,0,1,0,"0000000",88,88,88,88,88,88,0,0,0,1,0
48,481942,3,1,2,0,0,1,1,201,3280,10,9,2011,7,0,4,0,16,5,"RAILHEAD LN                   ","                              ",0,29.91312222,-95.50760278,0,14,0,0,1,1,4,0,2,1,0,1,0,"0000000",88,88,88,88,88,88,0,0,0,1,0
48,481943,1,1,0,0,0,1,1,201,3280,14,9,2011,4,10,6,0,16,5,"HAMMERLY                      ","                              ",0,29.81023889,-95.5177,0,33,0,0,1,1,4,0,1,1,0,1,0,"0000000",88,88,88,88,88,88,0,0,0,1,1
48,481944,1,1,0,0,0,1,1,427,0,14,9,2011,4,1,41,0,6,4,"ALVAREZ RD                    ","                              ",0,26.38775556,-98.90105,0,38,0,0,1,1,4,0,2,1,0,1,0,"0000000",88,88,88,88,88,88,0,0,0,1,1
48,481945,3,3,0,0,0,4,4,201,6970,17,9,2011,7,14,45,9,99,3,"SR-249                        ","                              ",99999,30.08176667,-95.63453889,0,12,7,0,1,1,1,0,1,10,0,10,0,"0000000",99,99,14,51,15,8,0,0,0,1,1
48,481946,1,1,0,0,0,1,1,123,0,19,9,2011,2,13,21,0,4,3,"SR-72                         ","                              ",48,28.93423889,-97.59603333,0,1,0,0,1,1,4,0,1,1,0,1,0,"0000000",88,88,88,88,88,88,0,0,0,1,0
48,481947,1,1,0,0,0,2,2,233,0,24,9,2011,7,22,25,0,3,3,"SR-152                        ","                              ",18,35.66758333,-101.36642778,0,59,0,0,1,1,4,0,2,1,0,1,0,"0000000",22,34,22,57,23,45,0,0,0,1,1
48,481948,2,2,0,0,0,3,3,309,0,27,9,2011,3,19,40,0,4,4,"FM3400                        ","E TINSLEY RD                  ",22,31.507325,-97.08613889,0,12,7,0,2,2,1,0,2,1,0,1,0,"0000000",88,88,88,88,88,88,0,0,0,1,0
48,481949,1,1,0,0,0,1,1,73,0,28,9,2011,4,2,45,1,2,2,"US-69                         ","                              ",285,31.76122222,-95.12053611,0,1,0,0,1,1,3,0,2,1,0,1,0,"0000000",88,88,88,88,88,88,0,0,0,1,1
48,481950,1,1,0,0,0,1,1,135,5030,30,9,2011,6,0,31,0,16,5,"DIXIE BLVD                    ","BELLAIRE DR                   ",0,31.87528056,-102.37028333,0,31,0,0,3,3,4,0,3,1,0,1,0,"0000000",0,31,0,37,0,49,0,0,0,1,1
48,481951,1,1,0,0,0,1,1,231,0,12,6,2011,1,22,25,0,4,8,"FM2947                        ","                              ",29,32.99273611,-96.02383333,0,30,0,0,1,1,4,0,2,1,0,1,0,"0000000",88,88,88,88,88,88,0,0,0,1,1
48,481952,3,3,0,0,0,3,3,439,2450,21,6,2011,3,16,18,1,11,1,"I-35W                         ","                              ",58,32.61861944,-97.32166944,0,12,1,0,1,1,1,0,1,1,0,1,0,"0000000",88,88,88,88,88,88,0,0,0,1,0
48,481953,1,1,0,0,0,2,2,439,2450,25,6,2011,7,11,5,0,16,5,"YEAGER ST                     ","                              ",0,32.74555,-97.23341389,0,5,0,0,8,1,1,0,1,1,0,1,0,"0000000",11,7,11,10,11,28,19,0,0,1,0
48,481954,1,1,0,0,0,1,1,39,1395,23,7,2011,7,23,34,1,12,3,"SR-288                        ","                              ",136,28.99993889,-95.38537222,0,24,0,1,5,1,10,0,3,1,0,1,0,"0000000",88,88,88,88,88,88,0,0,0,1,1
48,481955,1,1,0,0,0,1,1,439,7460,1,8,2011,2,14,35,1,13,8,"SS341                         ","                              ",4,32.75958056,-97.44525556,0,24,0,0,1,1,4,0,1,1,0,1,0,"0000000",88,88,88,88,88,88,0,0,0,1,0
48,481957,1,1,0,0,0,1,1,389,0,25,8,2011,5,9,25,1,1,1,"I-10                          ","                              ",99,31.04565556,-103.94061944,0,1,0,0,1,1,1,0,1,1,0,1,0,"0000000",88,88,88,88,88,88,0,0,0,1,0
48,481958,1,1,0,0,0,1,1,287,0,31,8,2011,4,5,10,0,5,8,"FM696                         ","                              ",272,30.44708333,-96.89173333,0,11,0,0,1,1,1,0,2,1,0,1,0,"0000000",5,51,6,19,7,12,0,0,0,1,0
48,481959,3,3,0,0,0,4,4,409,0,6,9,2011,3,16,38,0,3,3,"SR-361                        ","                              ",83,27.90260278,-97.14646667,0,12,2,0,8,1,1,0,1,1,0,1,0,"0000000",16,38,16,40,17,20,0,0,0,1,0
48,481960,1,1,0,0,0,2,2,339,0,9,9,2011,6,19,32,0,4,8,"FM149                         ","                              ",55,30.53069722,-95.73563611,0,42,0,0,1,1,4,0,5,1,0,1,0,"0000000",99,99,99,99,99,99,0,0,0,1,0
48,480461,1,1,0,1,1,1,1,201,0,19,3,2011,7,22,40,0,6,4,"ALDINE MAIL ROUTE             ","                              ",0,29.90262222,-95.39881389,0,8,0,0,1,1,1,0,2,1,0,1,0,"0000000",88,88,88,88,88,88,0,0,0,1,0
48,480462,2,2,0,0,0,2,2,251,1030,19,3,2011,7,22,20,1,2,3,"SR-174                        ","                              ",161,32.48461389,-97.37734722,0,12,6,0,8,1,1,0,2,10,0,10,0,"0000000",88,88,88,88,88,88,0,0,0,1,0
48,480463,2,2,0,0,0,2,2,309,5845,19,3,2011,7,13,58,1,13,3,"SR-6                          ","DAYTON DR                     ",225,31.49060278,-97.14440278,0,12,6,0,2,3,1,0,1,1,0,1,0,"0000000",88,88,88,88,88,88,0,0,0,1,0
48,480464,1,1,0,0,0,1,1,5,0,20,3,2011,1,3,20,0,5,8,"FM842                         ","                              ",44,31.39823611,-94.64339722,0,42,0,0,1,1,4,0,2,1,0,1,0,"0000000",99,99,3,31,4,2,0,0,0,1,0
48,480465,1,1,0,0,0,2,2,53,0,20,3,2011,1,4,46,0,4,8,"RM2342                        ","                              ",1,30.69984167,-98.38123889,0,59,0,0,1,1,4,0,2,10,0,10,0,"0000000",88,88,88,88,88,88,0,0,0,2,1
48,480466,1,1,0,0,0,2,2,339,0,1,3,2011,3,18,48,0,6,4,"RAYFORD RD                    ","LAZY LN                       ",0,30.12746111,-95.42881389,0,1,0,0,2,3,1,0,3,1,0,1,0,"0000000",18,48,18,52,19,22,0,0,0,1,0
48,480467,1,1,0,0,0,1,1,339,0,1,3,2011,3,16,11,0,6,4,"OLD HOUSTON RD                ","                              ",0,30.20541111,-95.30742778,0,42,0,0,1,1,4,0,1,1,0,1,0,"0000000",16,12,16,20,16,55,0,0,0,1,0
48,480468,1,1,0,1,1,1,1,201,3280,2,3,2011,4,23,15,1,13,3,"SR-6                          ","                              ",131,29.74842778,-95.64454167,0,8,0,0,1,1,1,0,3,1,0,1,0,"0000000",88,88,88,88,88,88,0,0,0,1,1
48,480469,1,1,0,0,0,1,1,339,0,3,3,2011,5,0,30,1,2,3,"SR-249                        ","BALTZELL DR                   ",330,30.16677778,-95.67553056,0,33,0,0,2,2,3,0,3,1,0,1,0,"0000000",0,39,0,45,1,41,0,0,0,1,1
48,480470,1,1,0,0,0,4,4,3,0,4,3,2011,6,15,40,1,2,2,"US-385                        ","                              ",305,32.08921944,-102.45125,0,1,0,0,1,1,4,0,1,1,0,1,0,"0000000",99,99,15,57,16,23,0,0,0,1,0
48,480471,1,1,0,0,0,1,1,201,3280,5,3,2011,7,2,45,0,16,5,"PARKER RD                     ","                              ",0,29.85682222,-95.31327778,0,53,0,0,1,1,4,0,2,10,0,10,0,"0000000",2,46,2,55,3,21,0,0,0,1,0
48,480472,1,1,0,0,0,1,1,291,0,5,3,2011,7,9,32,0,5,8,"FM834W                        ","                              ",148,30.12613056,-94.64211389,0,43,0,0,1,1,4,0,9,99,0,99,0,"0000000",88,88,88,88,88,88,0,0,0,1,1
48,480473,2,2,0,0,0,6,6,201,3280,6,3,2011,1,2,0,0,16,5,"MILAM ST                      ","ST JOSEPH PKWY                ",0,29.75131389,-95.371975,0,12,6,0,2,2,1,0,3,1,0,1,0,"0000000",2,1,2,7,2,26,0,0,0,1,0
48,480474,2,2,0,0,0,8,8,201,3280,12,3,2011,7,17,48,1,11,1,"I-610                         ","                              ",47,29.72139722,-95.26605556,0,12,6,0,1,1,1,0,1,1,0,1,0,"0000000",17,49,17,54,18,33,0,0,0,2,0
48,480475,1,1,0,1,1,0,0,201,0,15,3,2011,3,15,25,0,6,4,"BRIGHT PENNY LN               ","                              ",0,29.78329167,-95.15596667,0,8,0,0,4,1,6,0,1,1,0,1,0,"0000000",88,88,88,88,88,88,0,0,0,1,0
48,480476,1,1,0,1,1,1,1,135,5030,17,3,2011,5,7,25,0,14,8,"FM2020                        ","N TRIPP AVE                   ",50,31.84577778,-102.48024167,0,8,0,0,2,2,1,0,3,1,0,1,0,"0000000",88,88,88,88,88,88,0,0,0,1,0