"STATE","ST_CASE","VE_TOTAL","VE_FORMS","PVH_INVL","PEDS","PERNOTMVIT","PERMVIT","PERSONS","COUNTY","CITY","DAY","MONTH","YEAR","DAY_WEEK","HOUR","MINUTE","NHS","ROAD_FNC","ROUTE","TWAY_ID","TWAY_ID2","MILEPT","LATITUDE","LONGITUD","SP_JUR","HARM_EV","MAN_COLL","RELJCT1","RELJCT2","TYP_INT","REL_ROAD","WRK_ZONE","LGT_COND","WEATHER1","WEATHER2","WEATHER","SCH_BUS","RAIL","NOT_HOUR","NOT_MIN","ARR_HOUR","ARR_MIN","HOSP_HR","HOSP_MN","CF1","CF2","CF3","FATALS","DRUNK_DR"
48,480477,3,3,0,0,0,3,3,353,0,17,3,2011,5,14,55,1,1,1,"I-20                          ","US-84RAMP                     ",93,32.44473611,-100.50840278,0,1,0,1,3,4,1,0,1,1,0,1,0,"0000000",14,59,15,25,16,35,0,0,0,1,0
48,480478,1,1,0,0,0,1,1,201,3280,18,3,2011,6,19,15,0,16,5,"S MACGREGOR WAY               ","                              ",0,29.70866667,-95.342725,0,33,0,0,1,1,4,0,3,1,0,1,0,"0000000",88,88,88,88,88,88,0,0,0,1,1
48,480479,2,2,0,0,0,3,3,183,0,19,3,2011,7,1,40,1,1,1,"I-20                          ","                              ",133,32.43315,-94.76046944,0,12,2,0,1,1,1,0,2,1,0,1,0,"0000000",1,40,1,52,2,36,0,0,0,2,1
48,480480,2,2,0,0,0,3,3,85,1730,20,3,2011,1,2,35,1,12,7,"SR-190                        ","COIT RD                       ",55,32.99895556,-96.76771667,0,12,6,1,2,2,1,0,3,1,0,1,0,"0000000",2,41,2,47,3,25,0,0,0,2,1
48,480481,1,1,0,0,0,4,4,267,0,20,3,2011,1,17,30,1,1,1,"I-10                          ","                              ",60,30.4743,-99.73298333,0,1,0,0,1,1,4,0,1,1,0,1,0,"0000000",19,33,20,18,21,18,0,0,0,1,0
48,480482,1,1,0,0,0,1,1,415,0,20,3,2011,1,17,50,0,4,8,"FM 1269                       ","                              ",10,32.95736389,-101.14738889,0,32,0,0,1,1,4,0,1,1,0,1,0,"0000000",17,50,18,10,19,44,0,0,0,1,0
48,480483,1,1,0,1,1,1,1,201,3280,22,3,2011,3,13,37,1,11,1,"I-610                         ","                              ",103,29.68076944,-95.37915,0,8,0,1,18,1,1,0,1,1,0,1,0,"0000000",88,88,88,88,88,88,0,0,0,1,0
48,480484,1,1,0,0,0,5,5,267,0,22,3,2011,3,9,49,1,1,1,"I-10                          ","                              ",55,30.48592222,-99.73987778,0,1,0,0,1,1,4,0,1,1,0,1,0,"0000000",9,51,10,2,10,47,0,0,0,1,0
48,480485,1,1,0,1,1,1,1,201,3280,23,3,2011,4,6,40,1,12,2,"US-59                         ","                              ",106,29.70771111,-95.509175,0,8,0,1,18,1,1,0,3,1,0,1,0,"0000000",88,88,88,88,88,88,0,0,0,1,0
48,480486,3,3,0,0,0,4,4,303,0,23,3,2011,4,14,25,1,2,2,"US-87                         ","7600                          ",81,33.44727778,-101.84132778,0,12,1,0,2,2,1,0,1,1,0,1,0,"0000000",99,99,99,99,99,99,0,0,0,1,0
48,480487,2,2,0,0,0,2,2,217,0,25,3,2011,6,12,13,0,4,8,"FM 933                        ","FM 2114                       ",167,31.79916667,-97.23600833,0,12,6,0,2,2,1,0,1,1,0,1,0,"0000000",12,41,12,52,13,21,0,0,0,1,0
48,480488,1,1,0,0,0,10,10,61,0,26,3,2011,7,12,55,0,4,3,"SR-100                        ","                              ",196,26.17996667,-97.17580278,0,1,0,0,1,1,4,0,1,10,0,10,0,"0000000",13,13,13,38,14,0,0,0,0,1,1
48,480489,1,1,0,0,0,1,1,173,0,27,3,2011,1,1,38,0,6,4,"125                           ","                              ",0,31.72918889,-101.51791944,0,32,0,0,1,1,4,0,2,1,0,1,0,"0000000",88,88,88,88,88,88,0,0,0,1,0
48,480490,1,1,0,0,0,1,1,493,0,27,3,2011,1,18,25,0,6,4,"434                           ","                              ",0,29.31037222,-97.89065833,0,38,0,0,1,1,4,0,1,1,0,1,0,"0000000",88,88,88,88,88,88,0,0,0,1,0
48,480491,1,1,0,0,0,1,1,29,6090,28,3,2011,2,18,29,1,11,1,"I-37                          ","                              ",15,29.30948056,-98.40376944,0,43,0,0,1,1,10,0,3,1,0,1,0,"0000000",88,88,88,88,88,88,0,0,0,1,1
48,480492,1,1,0,0,0,1,1,211,0,28,3,2011,2,6,10,0,4,8,"FM2124                        ","                              ",60,35.64875278,-100.09388333,0,31,0,0,1,1,4,0,2,5,0,5,0,"0000000",88,88,88,88,88,88,0,0,0,1,0
48,480493,2,2,0,0,0,2,2,419,0,28,3,2011,2,8,0,1,2,2,"US-84                         ","                              ",194,31.969875,-94.08576667,0,12,8,0,1,1,1,0,1,10,0,10,0,"0000000",99,99,99,99,99,99,0,0,0,1,0
48,481004,1,1,0,0,0,2,2,471,3340,10,5,2011,3,1,7,0,14,8,"FM1374                        ","                              ",23,30.67803611,-95.564575,0,1,0,0,1,1,4,0,2,1,0,1,0,"0000000",1,46,2,11,2,50,20,0,0,1,0
48,481005,4,4,0,0,0,5,5,339,1692,11,5,2011,4,18,0,1,2,3,"SR-105                        ","                              ",306,30.33310278,-95.33163056,0,12,6,0,1,1,1,0,1,2,0,2,0,"0000000",88,88,88,88,88,88,0,0,0,2,0
48,481006,1,1,0,0,0,3,3,349,5707,11,5,2011,4,12,7,0,15,8,"FM709                         ","                              ",326,32.05158889,-96.47163333,0,53,0,0,1,1,4,0,1,1,0,1,0,"0000000",12,11,12,34,13,40,0,0,0,2,0
48,481007,1,1,0,0,0,1,1,335,0,12,5,2011,5,8,5,1,1,1,"I-20                          ","                              ",243,32.39905833,-100.80649167,0,52,0,0,1,1,3,0,1,1,0,1,0,"0000000",88,88,88,88,88,88,0,0,0,1,0
48,481008,2,2,0,0,0,3,3,139,0,16,5,2011,2,14,32,0,3,8,"FM1446                        ","                              ",31,32.3753,-96.89993889,0,12,2,0,1,1,1,0,1,1,0,1,0,"0000000",14,51,15,23,15,42,0,0,0,1,0
48,481009,1,1,0,0,0,1,1,289,0,16,5,2011,2,15,8,0,3,3,"SR-7                          ","                              ",140,31.24450833,-96.04176111,0,38,0,0,1,1,4,0,1,1,0,1,0,"0000000",88,88,88,88,88,88,0,0,0,1,1
48,481010,2,2,0,0,0,2,2,381,0,16,5,2011,2,16,40,1,13,8,"FM1541                        ","SL335                         ",49,35.11973333,-101.84831389,0,12,6,0,2,2,1,0,1,1,0,1,0,"0000000",99,99,99,99,99,99,0,0,0,1,0
48,481011,1,1,0,0,0,2,2,85,7365,17,5,2011,3,9,0,0,3,8,"FM 455                        ","                              ",143,33.34910278,-96.67805833,0,32,0,0,1,1,4,0,1,1,0,1,0,"0000000",9,33,9,47,10,17,0,0,0,1,0
48,481012,1,1,0,0,0,1,1,315,0,17,5,2011,3,6,3,0,5,8,"FM 805                        ","                              ",23,32.766925,-94.20475833,0,42,0,0,1,1,4,0,4,1,0,1,0,"0000000",99,99,99,99,99,99,0,0,0,1,0
48,481013,1,1,0,0,0,2,2,41,0,18,5,2011,4,19,59,0,6,4,"MUMFORD RD                    ","                              ",0,30.71815278,-96.45155,0,1,0,0,1,1,1,0,5,10,0,10,0,"0000000",88,88,88,88,88,88,0,0,0,1,1
48,481015,3,3,0,0,0,3,3,113,2590,20,5,2011,6,15,11,0,16,5,"SHILOH RD                     ","BUCKINGHAM RD                 ",0,32.93112778,-96.66490556,0,12,1,0,3,2,1,0,1,10,0,10,0,"0000000",15,12,15,17,15,44,0,0,0,1,1
48,481016,1,1,0,0,0,3,3,183,0,20,5,2011,6,14,10,1,2,2,"US-259                        ","                              ",30,32.37358611,-94.83151667,0,32,0,0,1,1,4,0,1,1,0,1,0,"0000000",14,10,14,20,14,54,0,0,0,1,0
48,481017,2,2,0,0,0,4,4,135,0,21,5,2011,7,14,50,1,13,8,"BI 20                         ","MURPHY ST                     ",54,31.81382778,-102.42546667,0,12,6,0,2,3,1,0,1,1,0,1,0,"0000000",88,88,88,88,88,88,0,0,0,1,0
48,481018,1,1,0,0,0,1,1,187,0,21,5,2011,7,7,25,0,3,8,"FM 78                         ","                              ",105,29.58708056,-98.0807,0,1,0,0,1,1,4,0,1,1,0,1,0,"0000000",88,88,88,88,88,88,0,0,0,1,1
48,481019,1,1,0,0,0,1,1,223,0,21,5,2011,7,6,18,0,4,8,"FM 269                        ","                              ",65,33.09970278,-95.38793611,0,42,0,0,1,1,4,0,4,10,0,10,0,"0000000",88,88,88,88,88,88,0,0,0,1,1
48,481020,1,1,0,0,0,1,1,353,0,21,5,2011,7,18,33,1,1,1,"I-20                          ","                              ",88,32.43842778,-100.51555833,0,1,0,0,1,1,3,0,1,6,0,6,0,"0000000",88,88,88,88,88,88,0,0,0,1,0
48,481021,2,2,0,0,0,7,7,83,0,13,5,2011,6,14,35,0,3,2,"US-283                        ","COUNTY ROAD 256               ",92,31.62306944,-99.36546389,0,12,6,0,2,2,1,0,1,1,0,1,0,"0000000",14,40,14,55,99,99,0,0,0,1,1
48,481022,1,1,0,0,0,1,1,61,0,22,5,2011,1,20,40,0,6,4,"OLD MILITARY RD               ","                              ",0,26.07841389,-97.85044444,0,35,0,0,1,1,4,0,2,1,0,1,0,"0000000",88,88,88,88,88,88,0,0,0,1,0
48,481023,1,1,0,0,0,1,1,113,1730,22,5,2011,1,19,51,1,12,2,"US-175                        ","                              ",64,32.70427222,-96.66626667,0,24,0,1,18,1,10,0,1,2,0,2,0,"0000000",88,88,88,88,88,88,0,0,0,1,1
48,481024,2,2,0,0,0,2,2,201,0,22,5,2011,1,2,5,1,2,2,"US-290/SR-6                   ","                              ",114,29.99693333,-95.76410556,0,12,1,0,1,1,1,0,3,10,0,10,0,"0000000",2,18,2,32,3,0,0,0,0,1,1
48,481025,1,1,0,0,0,3,3,415,0,22,5,2011,1,17,26,0,4,8,"FM 2085                       ","                              ",25,32.59845556,-101.07719444,0,31,0,0,1,1,4,0,1,1,0,1,0,"0000000",18,55,19,6,20,14,0,0,0,1,0
48,481026,1,1,0,0,0,1,1,423,0,22,5,2011,1,3,45,0,4,8,"FM 14                         ","                              ",39,32.53725556,-95.26930556,0,42,0,0,1,1,4,0,2,1,0,1,0,"0000000",88,88,88,88,88,88,0,0,0,1,0
48,481027,2,2,0,0,0,3,3,113,1730,23,5,2011,2,15,50,0,16,5,"MIDWAY RD                     ","SHADY BEND DR                 ",0,32.91720278,-96.83813611,0,12,6,0,2,2,1,0,1,1,0,1,0,"0000000",15,51,15,57,16,20,0,0,0,1,1
48,481028,1,1,0,0,0,1,1,139,0,23,5,2011,2,22,15,0,6,4,"LISKA RD                      ","                              ",0,32.27385,-96.63619722,0,32,0,0,1,1,4,0,2,10,0,10,0,"0000000",88,88,88,88,88,88,0,0,0,1,1
48,481029,1,1,0,0,0,1,1,361,0,23,5,2011,2,17,10,0,6,4,"JAPANESE LN                   ","                              ",0,30.07929722,-93.971375,0,59,0,0,1,1,4,0,1,10,0,10,0,"0000000",17,20,17,34,18,3,0,0,0,1,0
48,481030,1,1,0,0,0,3,3,389,0,23,5,2011,2,22,45,0,6,4,"CR 118                        ","                              ",0,31.39107222,-103.48942222,0,1,0,0,1,1,1,0,3,1,0,1,0,"0000000",99,99,99,99,99,99,0,0,0,1,1
48,481031,2,2,0,0,0,5,5,3,0,25,5,2011,4,11,43,0,4,3,"SR-176                        ","                              ",374,32.32529167,-102.46012778,0,12,2,0,1,1,1,0,1,1,0,1,0,"0000000",99,99,11,46,12,20,0,0,0,2,0
48,481032,2,2,0,0,0,4,4,141,2190,25,5,2011,4,23,22,1,13,2,"US-62                         ","SL375                         ",216,31.80623056,-106.26876667,0,12,6,0,2,2,1,0,3,1,0,1,0,"0000000",23,29,23,39,23,57,0,0,0,1,0
48,481033,1,1,0,1,1,1,1,249,0,25,5,2011,4,17,36,0,5,8,"FM1930                        ","                              ",16,27.69755,-98.05469444,0,9,0,0,1,1,1,0,1,1,0,1,0,"0000000",18,29,18,47,19,31,0,0,0,1,0
48,481034,1,1,0,0,0,2,2,429,0,25,5,2011,4,12,50,0,3,3,"SR-67                         ","                              ",58,32.88356111,-98.73188333,0,34,0,0,1,1,4,0,1,1,0,1,0,"0000000",88,88,88,88,88,88,0,0,0,1,0
48,481035,1,1,0,0,0,1,1,491,5990,25,5,2011,4,1,10,1,11,7,"I-35                          ","BI35L                         ",7,30.48909444,-97.67651389,0,1,0,1,3,2,3,0,3,10,0,10,0,"0000000",1,20,1,21,1,37,20,0,0,1,0
48,481036,1,1,0,0,0,4,4,235,0,26,5,2011,5,18,0,0,4,3,"SR-163                        ","                              ",217,31.23508333,-101.17583056,0,1,0,0,1,1,4,0,1,1,0,1,0,"0000000",99,99,99,99,99,99,0,0,0,1,0
48,481037,1,1,0,0,0,1,1,423,0,26,5,2011,5,4,28,0,4,8,"FM16                          ","                              ",223,32.52805833,-95.330725,0,1,0,0,1,1,4,0,2,1,0,1,0,"0000000",88,88,88,88,88,88,0,0,0,1,0
48,481550,1,1,0,0,0,1,1,361,885,1,7,2011,6,7,43,0,14,8,"FM1442                        ","                              ",26,30.03929167,-93.88666944,0,1,0,0,1,1,1,0,1,1,0,1,0,"0000000",7,45,7,52,8,50,0,0,0,1,0
48,481551,2,2,0,0,0,2,2,215,0,3,7,2011,1,22,13,1,13,8,"FM 907                        ","                              ",40,26.28664167,-98.10599167,0,12,6,0,1,1,4,0,2,1,0,1,0,"0000000",99,99,99,99,99,99,0,0,0,1,1
48,481552,1,1,0,0,0,1,1,41,1440,6,7,2011,4,16,55,1,13,8,"FM 60                         ","                              ",55,30.61076389,-96.35428611,0,38,0,0,1,1,4,0,1,10,0,10,0,"0000000",99,99,99,99,99,99,0,0,0,1,0
48,481553,2,2,0,0,0,4,4,201,3280,8,7,2011,6,12,20,0,16,5,"GESSNER DR                    ","CONCHO                        ",0,29.69257222,-95.53624167,0,12,6,0,2,3,1,0,1,1,0,1,0,"0000000",12,23,12,24,12,57,0,0,0,1,0
48,481554,1,1,0,1,1,1,1,201,3280,11,7,2011,2,7,5,0,16,5,"BISSONNET ST                  ","DAIRY ASHFORD                 ",0,29.67798056,-95.60278611,0,9,0,0,2,2,1,0,1,1,0,1,0,"0000000",7,13,7,17,7,48,0,0,0,1,0
48,481555,1,1,0,0,0,1,1,201,3280,14,7,2011,5,23,33,1,13,8,"UA-90                         ","                              ",168,29.71723889,-95.31436667,0,38,0,0,1,1,4,0,3,1,0,1,0,"0000000",88,88,88,88,88,88,0,0,0,1,1
48,481556,2,1,1,0,1,3,4,201,3280,15,7,2011,6,16,50,1,12,2,"US-59                         ","                              ",17,29.84132778,-95.33325833,0,14,0,0,1,1,2,0,1,10,0,10,0,"0000000",16,59,17,5,17,32,0,0,0,2,0
48,481557,3,3,0,0,0,1,1,201,3280,16,7,2011,7,1,18,1,12,2,"US-59                         ","                              ",106,29.70783889,-95.50938611,0,12,1,0,1,1,1,0,3,10,0,10,0,"0000000",1,27,1,37,1,52,0,0,0,1,0
48,481558,1,1,0,0,0,1,1,201,3280,16,7,2011,7,23,20,1,12,2,"US-59                         ","                              ",76,29.72604722,-95.468175,0,25,0,0,1,1,3,0,3,1,0,1,0,"0000000",23,37,23,46,0,11,0,0,0,1,0
48,481559,1,1,0,0,0,3,3,439,2450,21,7,2011,5,1,11,0,16,5,"HULEN ST                      ","                              ",0,32.69592778,-97.39108611,0,33,0,0,1,1,3,0,3,1,0,1,0,"0000000",1,20,1,24,1,40,0,0,0,2,1
48,481560,1,1,0,0,0,2,2,481,2130,21,7,2011,5,23,35,1,13,3,"SR-71                         ","                              ",160,29.19621667,-96.26945556,0,19,0,0,1,1,4,0,3,1,0,1,0,"0000000",99,99,99,99,99,99,0,0,0,1,1
48,481561,1,1,0,0,0,2,2,139,0,23,7,2011,7,17,54,0,5,8,"FM876                         ","                              ",15,32.35779167,-96.86883056,0,32,0,0,1,1,4,0,1,1,0,1,0,"0000000",99,99,99,99,99,99,0,0,0,2,0
48,481562,1,1,0,0,0,1,1,201,3280,23,7,2011,7,1,9,1,13,3,"SR-35                         ","                              ",48,29.63174444,-95.28557222,0,1,0,0,1,1,4,0,3,1,0,1,0,"0000000",88,88,88,88,88,88,0,0,0,1,1
48,481563,2,2,0,0,0,2,2,201,3280,23,7,2011,7,2,14,0,16,5,"BARKER CYPRESS RD             ","                              ",0,29.78575833,-95.68833333,0,5,0,0,1,1,1,0,2,1,0,1,0,"0000000",88,88,88,88,88,88,0,0,0,1,1
48,481564,1,1,0,0,0,1,1,251,0,28,7,2011,5,13,20,0,4,8,"FM1434                        ","                              ",27,32.28250556,-97.46470556,0,42,0,0,1,1,4,0,1,1,0,1,0,"0000000",88,88,88,88,88,88,0,0,0,1,0
48,481565,2,2,0,0,0,3,3,303,4140,28,7,2011,5,23,45,0,16,5,"TEXAS AVE                     ","18TH ST                       ",0,33.57901667,-101.84560556,0,12,7,0,3,2,1,0,3,1,0,1,0,"0000000",23,49,23,50,0,5,0,0,0,1,1
48,481566,1,1,0,0,0,5,5,419,1270,29,7,2011,6,0,28,0,16,5,"ELLINGTON                     ","                              ",0,31.79030833,-94.19660556,0,42,0,0,1,1,4,0,3,1,0,1,0,"0000000",0,30,0,36,1,5,0,0,0,2,1
48,481567,1,1,0,0,0,1,1,67,0,30,7,2011,7,21,35,0,5,8,"FM1841                        ","                              ",162,33.01616111,-94.12066111,0,32,0,0,1,1,4,0,2,1,0,1,0,"0000000",99,99,99,99,99,99,0,0,0,1,1
48,481568,1,1,0,0,0,1,1,201,3280,30,7,2011,7,21,45,0,16,5,"BEECHNUT ST                   ","                              ",0,29.68820278,-95.57800278,0,42,0,0,1,1,3,0,3,1,0,1,0,"0000000",88,88,88,88,88,88,0,0,0,1,1
48,481569,3,3,0,0,0,5,5,323,0,30,7,2011,7,15,32,1,2,2,"US-277                        ","                              ",573,28.650825,-100.21316667,0,12,6,0,1,1,1,0,1,10,0,10,0,"0000000",99,99,99,99,99,99,0,0,0,1,0
48,481570,2,2,0,0,0,2,2,355,1550,30,7,2011,7,18,11,1,13,3,"SR-357                        ","SHEA PKWY                     ",108,27.69621111,-97.40548333,0,12,6,0,2,3,1,0,1,1,0,1,0,"0000000",88,88,88,88,88,88,0,0,0,1,0
48,481571,1,1,0,0,0,1,1,91,4870,31,7,2011,1,16,56,0,16,5,"ROCK ST                       ","                              ",0,29.73165833,-98.11615556,0,32,0,0,6,1,4,0,1,1,0,1,0,"415538T",88,88,88,88,88,88,0,0,0,1,0
48,481572,1,1,0,0,0,2,2,353,0,31,7,2011,1,11,57,1,2,2,"US-84                         ","                              ",59,32.46623333,-100.58895,0,1,0,0,1,1,4,0,1,1,0,1,0,"0000000",12,1,12,9,12,36,0,0,0,1,0
48,481573,1,1,0,0,0,1,1,371,0,31,7,2011,1,15,34,0,14,8,"FM1053                        ","                              ",320,30.91859167,-102.86721111,0,1,0,0,1,1,4,0,1,1,0,1,0,"0000000",88,88,88,88,88,88,0,0,0,1,1
48,481574,5,5,0,0,0,14,14,423,7070,31,7,2011,1,1,54,1,13,3,"SR-110                        ","                              ",42,32.29322778,-95.25893333,0,12,1,0,1,1,1,0,2,1,0,1,0,"0000000",1,59,2,5,2,21,0,0,0,2,1
48,481575,1,1,0,0,0,2,2,371,0,1,8,2011,2,18,20,1,2,2,"US-67                         ","                              ",203,30.67453333,-103.23646667,0,72,0,0,1,1,1,0,1,1,0,1,0,"0000000",88,88,88,88,88,88,0,0,0,2,0
48,481576,2,2,0,0,0,2,2,183,0,2,8,2011,3,13,31,0,3,2,"US-259                        ","                              ",78,32.60630278,-94.75493333,0,12,2,0,1,1,1,0,1,1,0,1,0,"0000000",13,31,13,43,14,19,0,0,0,1,0
48,481577,2,2,0,0,0,5,5,393,0,2,8,2011,3,13,57,1,2,2,"US-60                         ","                              ",56,35.67195,-100.66738056,0,12,2,0,1,1,1,0,1,1,0,1,0,"0000000",14,0,14,7,14,55,0,0,0,1,0
48,481578,1,1,0,0,0,1,1,85,7365,3,8,2011,4,1,3,0,4,8,"FM543                         ","                              ",21,33.34140556,-96.66177778,0,59,0,0,1,1,4,1,2,1,0,1,0,"0000000",88,88,88,88,88,88,0,0,0,1,0
48,481579,1,1,0,0,0,6,6,141,0,3,8,2011,4,8,23,1,2,2,"US-62                         ","                              ",323,31.83104444,-106.08841667,0,1,0,0,1,1,3,0,1,1,0,1,0,"0000000",8,26,8,49,9,35,0,0,0,1,0
48,481580,1,1,0,0,0,3,3,355,0,3,8,2011,4,21,19,0,6,4,"63                            ","                              ",0,27.65755556,-97.60065278,0,59,0,0,1,1,4,0,2,10,0,10,0,"0000000",21,27,21,39,22,39,0,0,0,1,0
48,481581,2,2,0,0,0,3,3,471,0,3,8,2011,4,13,48,1,1,1,"I-45                          ","                              ",235,30.78716389,-95.66621667,0,1,0,0,1,1,1,1,1,1,0,1,0,"0000000",99,99,99,99,99,99,0,0,0,2,0
48,481582,2,2,0,0,0,2,2,167,3850,4,8,2011,5,22,21,0,14,8,"FM-519                        ","IRENE                         ",67,29.35806111,-94.97703333,0,12,6,0,2,3,1,0,3,1,0,1,0,"0000000",88,88,88,88,88,88,0,0,0,1,1
48,481824,2,2,0,0,0,2,2,141,2190,3,9,2011,7,2,18,1,11,7,"I-10                          ","SUMAC                         ",295,31.75559722,-106.34951111,0,12,6,1,2,2,1,0,3,1,0,1,0,"0000000",2,20,2,21,2,28,0,0,0,1,2
48,481825,2,2,0,0,0,5,5,227,0,3,9,2011,7,13,42,1,1,1,"I-20                          ","                              ",158,32.2004,-101.60688889,0,12,11,0,1,1,1,0,1,1,0,1,0,"0000000",13,49,14,0,14,47,0,0,0,1,0
48,481826,2,2,0,0,0,2,2,439,2450,3,9,2011,7,8,17,1,11,1,"I-30                          ","                              ",127,32.728575,-97.50591389,0,12,1,0,1,1,1,0,1,1,0,1,0,"0000000",8,21,8,28,8,47,0,0,0,1,0
48,481827,2,2,0,1,1,2,2,355,1550,4,9,2011,1,1,5,1,12,3,"SR-358                        ","                              ",100,27.70694167,-97.36877222,0,12,2,0,1,1,1,0,6,1,0,1,0,"0000000",1,15,1,16,1,33,19,23,0,1,0
48,481828,1,1,0,0,0,1,1,201,0,5,9,2011,2,18,0,0,16,5,"LAKE HOUSTON PKWY             ","JOHN RALSTON                  ",0,29.89471667,-95.22869722,0,59,0,0,1,1,4,0,1,1,0,1,0,"0000000",88,88,88,88,88,88,0,0,0,1,0
48,481829,1,1,0,0,0,1,1,317,0,6,9,2011,3,17,33,1,2,3,"SR-349                        ","                              ",159,32.32822778,-102.17266944,0,1,0,0,1,1,4,0,1,1,0,1,0,"0000000",88,88,88,88,88,88,0,0,0,1,1
48,481830,1,1,0,1,1,1,1,113,1730,8,9,2011,5,10,25,1,11,1,"I-35                          ","RIVERFRONT DR                 ",158,32.767225,-96.80554722,0,8,0,1,3,2,1,0,1,1,0,1,0,"0000000",10,21,10,27,11,11,0,0,0,1,0
48,481831,2,2,0,0,0,4,4,39,3800,10,9,2011,7,21,15,1,12,3,"SR-288                        ","                              ",379,29.06626111,-95.45235278,0,12,1,0,1,1,1,0,2,1,0,1,0,"0000000",88,88,88,88,88,88,0,0,0,1,0
48,481832,2,2,0,0,0,2,2,167,3850,12,9,2011,2,4,56,1,11,7,"I-45                          ","DELANEY                       ",74,29.38954722,-95.02059722,0,12,6,1,2,2,1,0,3,1,0,1,0,"0000000",88,88,88,88,88,88,0,0,0,1,0
48,481834,2,2,0,0,0,3,3,215,0,13,9,2011,3,12,10,0,15,8,"FM907                         ","                              ",160,26.11852222,-98.13445,0,12,11,0,1,1,1,0,1,1,0,1,0,"0000000",99,99,99,99,99,99,0,0,0,1,0
48,481835,1,1,0,0,0,2,2,201,0,16,9,2011,6,13,20,1,11,1,"I-10                          ","                              ",413,29.77237222,-95.14826389,0,7,0,0,1,1,1,0,1,1,0,1,0,"0000000",13,26,13,32,13,43,0,0,0,1,0
48,481836,1,1,0,1,1,1,1,141,2190,17,9,2011,7,19,46,1,13,8,"SL478                         ","                              ",82,31.83004722,-106.4451,0,8,0,0,1,1,1,0,5,1,0,1,0,"0000000",88,88,88,88,88,88,0,0,0,1,0
48,481837,2,2,0,0,0,2,2,361,0,17,9,2011,7,1,10,0,3,3,"SR-12                         ","                              ",103,30.21623056,-93.8617,0,12,1,0,1,1,1,0,2,1,0,1,0,"0000000",88,88,88,88,88,88,0,0,0,1,1
48,481838,1,1,0,1,1,1,1,157,6568,18,9,2011,1,3,30,1,12,7,"US-59                         ","                              ",4,29.644825,-95.57506667,0,8,0,0,1,1,1,0,3,1,0,1,0,"0000000",88,88,88,88,88,88,0,0,0,1,0
48,481839,2,2,0,0,0,9,9,183,4080,18,9,2011,1,14,47,0,16,5,"DUNDEE RD                     ","                              ",0,32.54410556,-94.80238333,0,12,2,0,1,1,1,0,1,1,0,1,0,"0000000",14,47,14,51,15,11,0,0,0,1,0
48,481840,2,2,0,0,0,3,3,485,7490,18,9,2011,1,1,52,0,16,5,"BARNETT RD                    ","                              ",0,33.85517778,-98.57790833,0,12,1,0,1,1,1,0,3,10,0,10,0,"0000000",1,54,1,59,2,15,0,0,0,1,0
48,481841,2,2,0,0,0,3,3,131,0,19,9,2011,2,7,4,1,2,3,"SR-44                         ","                              ",167,27.78665556,-98.34659444,0,12,6,0,1,1,1,0,1,1,0,1,0,"0000000",88,88,88,88,88,88,0,0,0,2,0
48,481842,2,2,0,0,0,4,4,157,4655,21,9,2011,4,14,25,1,13,3,"SR-6                          ","                              ",82,29.54083056,-95.54490278,0,12,1,0,1,1,1,0,1,1,0,1,1,"0000000",14,35,14,47,15,22,0,0,0,1,0
48,481843,1,1,0,0,0,3,3,397,6010,21,9,2011,4,20,50,0,16,5,"ELM GROVE RD                  ","                              ",0,32.95136944,-96.34623611,0,1,0,0,1,1,1,0,2,1,0,1,0,"0000000",20,50,20,56,21,48,0,0,0,1,0
48,481844,1,1,0,0,0,1,1,29,6090,22,9,2011,5,19,40,1,11,1,"I-10                          ","                              ",215,29.41721389,-98.50241944,0,20,0,0,1,1,10,0,3,1,0,1,0,"0000000",19,40,19,56,20,17,0,0,0,1,0
48,481845,1,1,0,0,0,1,1,113,1730,22,9,2011,5,19,40,1,11,1,"I-20 RAMP                     ","                              ",198,32.661525,-96.728825,0,24,0,1,5,1,4,0,3,1,0,1,0,"0000000",19,53,20,6,20,24,20,0,0,1,0
48,481846,2,2,0,0,0,3,3,303,6410,22,9,2011,5,16,3,0,14,8,"FM 400                        ","INDUSTRIAL DR                 ",272,33.45314167,-101.65750278,0,12,6,0,2,2,1,0,1,1,0,1,0,"0000000",16,10,16,16,17,3,0,0,0,1,0
48,481847,2,2,0,0,0,3,3,439,364,22,9,2011,5,13,45,0,14,8,"FM 730                        ","                              ",43,32.93108333,-97.54353056,0,12,6,0,8,1,1,8,1,2,0,2,0,"0000000",13,43,13,59,14,19,0,0,0,1,0
48,481848,2,2,0,0,0,4,4,457,0,22,9,2011,5,7,50,0,3,2,"US-190                        ","                              ",137,30.85334722,-94.20553333,0,12,1,0,1,1,1,1,1,1,0,1,0,"0000000",7,53,8,5,8,57,0,0,0,1,0
48,481849,1,1,0,0,0,1,1,245,0,23,9,2011,6,5,50,1,13,3,"SR-347                        ","                              ",42,29.98614444,-94.00232222,0,1,0,1,18,1,4,0,4,1,0,1,0,"0000000",88,88,88,88,88,88,0,0,0,1,1