"STATE","ST_CASE","VE_TOTAL","VE_FORMS","PVH_INVL","PEDS","PERNOTMVIT","PERMVIT","PERSONS","COUNTY","CITY","DAY","MONTH","YEAR","DAY_WEEK","HOUR","MINUTE","NHS","ROAD_FNC","ROUTE","TWAY_ID","TWAY_ID2","MILEPT","LATITUDE","LONGITUD","SP_JUR","HARM_EV","MAN_COLL","RELJCT1","RELJCT2","TYP_INT","REL_ROAD","WRK_ZONE","LGT_COND","WEATHER1","WEATHER2","WEATHER","SCH_BUS","RAIL","NOT_HOUR","NOT_MIN","ARR_HOUR","ARR_MIN","HOSP_HR","HOSP_MN","CF1","CF2","CF3","FATALS","DRUNK_DR"
48,481850,1,1,0,1,1,2,2,113,1730,25,9,2011,1,4,15,1,11,1,"I-30                          ","                              ",101,32.76678889,-96.86030278,0,8,0,0,5,1,1,0,3,1,0,1,0,"0000000",4,16,4,21,4,34,0,0,0,1,0
48,481851,2,2,0,0,0,3,3,113,2590,25,9,2011,1,20,52,0,14,3,"SR-78                         ","FIREWHEEL PKWY                ",37,32.95819722,-96.61587778,0,12,1,0,3,3,1,0,3,1,0,1,0,"0000000",20,52,20,53,21,12,0,0,0,1,1
48,481852,2,1,1,1,1,1,1,201,3280,29,9,2011,5,17,5,0,16,5,"SAM HOUSTON TOLLWAY           ","                              ",0,29.60095556,-95.22746389,0,8,0,1,18,1,2,0,5,2,0,2,0,"0000000",88,88,88,88,88,88,0,0,0,1,0
48,481853,1,1,0,0,0,1,1,339,0,25,9,2011,1,2,25,0,4,8,"FM 1375                       ","                              ",36,30.53023889,-95.67146667,1,1,0,0,1,1,4,0,2,1,0,1,0,"0000000",88,88,88,88,88,88,0,0,0,1,1
48,481854,1,1,0,0,0,1,1,439,260,26,9,2011,2,16,12,1,11,1,"I-20                          ","                              ",113,32.6777,-97.06717222,0,32,0,1,19,1,10,0,1,1,0,1,0,"0000000",88,88,88,88,88,88,0,0,0,1,0
48,481855,1,1,0,0,0,1,1,299,0,24,9,2011,7,1,29,0,3,3,"SR-71                         ","                              ",95,30.86166111,-98.83190556,0,1,0,0,1,1,4,0,2,1,0,1,0,"0000000",88,88,88,88,88,88,0,0,0,1,0
48,481856,2,2,0,0,0,2,2,291,0,24,9,2011,7,7,15,0,3,2,"US-90                         ","                              ",213,30.04439167,-94.68510833,0,12,2,0,1,1,1,0,4,1,0,1,0,"0000000",7,32,7,34,8,53,0,0,0,1,1
48,481857,1,1,0,0,0,1,1,245,490,27,9,2011,3,21,24,1,13,7,"SR-380 SPUR                   ","                              ",109,30.06284722,-94.09116111,0,33,0,0,1,1,10,0,3,1,0,1,0,"0000000",21,26,21,31,21,51,0,0,0,1,0
48,480494,1,1,0,1,1,1,1,113,1730,30,3,2011,4,21,0,1,11,7,"I-20                          ","BONNIE VIEW RD                ",183,32.65440833,-96.75073333,0,8,0,0,3,2,1,0,3,1,0,1,0,"0000000",21,0,21,5,21,25,0,0,0,1,0
48,480495,2,2,0,0,0,5,5,117,0,1,4,2011,6,6,50,0,3,2,"US-385                        ","FM2587                        ",69,35.10056389,-102.40151389,0,12,6,0,2,2,1,0,2,1,0,1,0,"0000000",99,99,99,99,99,99,0,0,0,1,0
48,480496,2,2,0,0,0,2,2,201,3320,1,4,2011,6,19,53,1,12,7,"US-59                         ","                              ",26,30.01142778,-95.26456389,0,12,7,0,8,1,1,0,1,1,0,1,0,"0000000",20,2,20,30,20,52,0,0,0,1,1
48,480497,3,3,0,0,0,5,5,291,1770,1,4,2011,6,15,21,0,3,3,"SR-146                        ","                              ",65,29.95092778,-94.90530833,0,12,2,0,1,1,1,1,1,1,0,1,0,"0000000",15,30,15,48,16,11,0,0,0,1,0
48,480498,4,4,0,0,0,5,5,113,1730,2,4,2011,7,4,40,1,13,3,"SR-289                        ","ARAPAHO RD                    ",27,32.96191944,-96.804425,0,12,1,0,3,2,1,0,3,1,0,1,0,"0000000",4,42,4,58,5,13,0,0,0,1,1
48,480499,2,2,0,0,0,3,3,113,1730,2,4,2011,7,20,23,0,16,5,"PRAIRIE CREEK RD              ","LAKE JUNE RD                  ",0,32.73409444,-96.66555,0,12,6,0,2,2,1,0,3,1,0,1,0,"0000000",20,29,20,30,21,0,0,0,0,1,0
48,480500,1,1,0,0,0,1,1,439,2255,2,4,2011,7,0,2,0,16,5,"BEAR CREEK PKWY               ","                              ",0,32.84298889,-97.06801667,0,42,0,0,1,1,3,0,2,1,0,1,0,"0000000",88,88,88,88,88,88,0,0,0,1,1
48,480501,2,2,0,0,0,3,3,29,6090,4,4,2011,2,12,54,0,16,5,"SOMERSET                      ","HUMBOLDT                      ",0,29.37263056,-98.53593889,0,12,6,0,2,2,1,0,1,1,0,1,0,"0000000",88,88,88,88,88,88,0,0,0,1,0
48,480502,2,2,0,0,0,3,3,29,6090,8,4,2011,6,16,9,1,11,1,"I-410                         ","SS 117                        ",359,29.35362222,-98.40025278,0,12,6,1,2,2,1,0,1,1,0,1,0,"0000000",88,88,88,88,88,88,0,0,0,1,0
48,480503,1,1,0,0,0,2,2,29,6090,14,1,2011,6,2,14,0,16,5,"MISSION                       ","MARCH                         ",0,29.34773333,-98.47207778,0,30,0,0,3,3,4,0,3,1,0,1,0,"0000000",2,46,2,54,3,25,0,0,0,1,1
48,480504,3,3,0,0,0,5,5,141,2190,18,1,2011,3,19,2,0,14,8,"FM 659                        ","SAUL KLEINFELD                ",56,31.75607778,-106.27411111,0,12,6,0,2,2,1,0,3,1,0,1,0,"0000000",88,88,88,88,88,88,0,0,0,1,0
48,480505,1,1,0,1,1,3,3,309,7210,20,1,2011,5,16,21,0,16,5,"TRICE                         ","29TH                          ",0,31.55399722,-97.16860556,0,8,0,0,3,2,1,0,1,1,0,1,0,"0000000",16,23,16,28,16,47,0,0,0,1,0
48,480507,2,2,0,0,0,2,2,365,1200,29,1,2011,7,9,38,1,13,2,"US-59                         ","                              ",9,32.1474,-94.32438333,0,12,6,0,8,1,1,0,1,1,0,1,0,"0000000",9,39,9,45,10,8,0,0,0,1,0
48,480508,1,1,0,0,0,3,3,167,6860,20,3,2011,1,1,59,0,16,5,"5TH                           ","                              ",0,29.38928889,-94.92128611,0,34,0,0,1,1,4,0,2,1,0,1,0,"0000000",99,99,99,99,99,99,0,0,0,1,1
48,480509,1,1,0,0,0,1,1,201,0,20,3,2011,1,19,10,0,6,4,"FARRELL                       ","                              ",0,29.98378889,-95.38471944,0,42,0,0,1,1,4,0,5,1,0,1,0,"0000000",88,88,88,88,88,88,0,0,0,1,1
48,480510,1,1,0,0,0,3,3,355,0,20,3,2011,1,2,46,0,6,4,"CR 40                         ","                              ",0,27.80037222,-97.74855278,0,1,0,0,1,1,4,0,2,1,0,1,0,"0000000",2,45,3,0,99,99,0,0,0,1,1
48,480511,2,2,0,0,0,5,5,113,1730,21,3,2011,2,13,21,0,16,5,"HARRY HINES BLVD              ","WOLF ST                       ",0,32.79514722,-96.81077778,0,12,6,0,2,2,1,0,1,1,0,1,0,"0000000",13,23,13,27,13,35,0,0,0,1,0
48,480512,1,1,0,0,0,1,1,199,0,21,3,2011,2,12,40,1,2,8,"FM418                         ","                              ",17,30.38946111,-94.29129722,0,1,0,0,1,1,1,0,1,1,0,1,0,"0000000",99,99,99,99,99,99,0,0,0,1,0
48,480513,2,2,0,0,0,2,2,403,0,21,3,2011,2,15,25,1,2,3,"SR-21                         ","                              ",15,31.43122778,-93.82384167,0,12,2,0,1,1,1,0,1,1,0,1,0,"0000000",99,99,15,32,15,48,0,0,0,1,0
48,480514,1,1,0,0,0,1,1,113,2800,22,3,2011,3,19,53,9,99,7,"SR-161                        ","BRITISH BLVD                  ",99999,32.76151944,-97.02839722,0,39,0,0,3,4,4,1,3,1,0,1,0,"0000000",19,53,20,1,20,25,19,0,0,1,1
48,480515,3,2,1,1,2,1,2,77,0,23,3,2011,4,23,35,1,2,2,"US-287                        ","                              ",118,33.68392222,-98.077175,0,8,0,0,1,1,1,0,2,10,0,10,0,"0000000",88,88,88,88,88,88,19,23,0,1,0
48,480516,1,1,0,0,0,1,1,291,1380,23,3,2011,4,7,50,0,4,8,"FM787                         ","                              ",115,30.41215,-94.92625278,0,32,0,0,1,1,4,0,1,1,0,1,0,"0000000",88,88,88,88,88,88,0,0,0,1,0
48,480517,2,2,0,0,0,4,4,61,3030,24,3,2011,5,11,17,1,13,8,"SL499                         ","BU77X                         ",0,26.17321389,-97.67356389,0,12,6,0,2,2,1,0,1,1,0,1,0,"0000000",11,21,11,26,11,40,20,0,0,1,0
48,480518,1,1,0,0,0,1,1,181,0,4,3,2011,6,12,13,0,6,4,"PRESTON BEND RD               ","                              ",0,33.88170556,-96.64830556,0,35,0,0,1,1,4,0,1,10,0,10,0,"0000000",99,99,99,99,99,99,0,0,0,1,0
48,480519,2,2,0,0,0,2,2,201,3280,5,3,2011,7,10,0,1,12,8,"SL8                           ","BELLFORT                      ",78,29.65323889,-95.55062778,0,12,6,1,2,2,1,0,1,10,0,10,0,"0000000",88,88,88,88,88,88,0,0,0,1,0
48,480520,1,1,0,0,0,1,1,467,0,7,3,2011,2,18,55,0,4,3,"SR-110                        ","                              ",65,32.59498611,-95.663625,0,11,0,0,1,1,1,0,2,1,0,1,0,"0000000",88,88,88,88,88,88,0,0,0,1,0
48,480521,1,1,0,0,0,1,1,313,0,10,3,2011,5,13,5,0,6,8,"FM 2158                       ","                              ",72,30.98590278,-95.76799722,0,1,0,0,1,1,1,0,1,1,0,1,0,"0000000",88,88,88,88,88,88,0,0,0,1,1
48,480522,1,1,0,0,0,1,1,289,0,11,3,2011,6,0,50,1,2,2,"US-79                         ","                              ",64,31.38729167,-96.12555833,0,11,0,0,1,1,1,0,2,1,0,1,0,"0000000",88,88,88,88,88,88,0,0,0,1,0
48,480523,1,1,0,0,0,1,1,55,0,12,3,2011,7,6,10,0,4,8,"FM 20                         ","                              ",88,29.84725556,-97.7073,0,11,0,0,1,1,1,0,2,1,0,1,0,"0000000",99,99,99,99,99,99,0,0,0,1,0
48,480524,1,1,0,0,0,1,1,149,0,12,3,2011,7,19,20,0,4,8,"FM 1291                       ","                              ",41,30.09086111,-96.79340833,0,1,0,0,1,1,4,0,2,1,0,1,0,"0000000",88,88,88,88,88,88,0,0,0,1,0
48,480525,1,1,0,0,0,1,1,425,0,12,3,2011,7,20,45,1,2,2,"US-67                         ","                              ",30,32.20379722,-97.79248333,0,32,0,0,1,1,4,0,2,1,0,1,0,"0000000",88,88,88,88,88,88,0,0,0,1,0
48,480526,2,2,0,0,0,5,5,113,2590,13,3,2011,1,4,45,1,11,1,"I-30                          ","                              ",264,32.835125,-96.60753333,0,12,1,0,1,1,1,0,3,1,0,1,0,"0000000",5,7,5,27,5,42,0,0,0,2,0
48,480527,1,1,0,1,1,1,1,201,3280,13,3,2011,1,6,30,1,12,3,"SR-249                        ","                              ",222,29.89799722,-95.42881667,0,8,0,0,1,1,1,0,4,10,0,10,0,"0000000",6,30,6,36,7,10,0,0,0,1,0
48,481038,2,2,0,0,0,2,2,201,3280,27,5,2011,6,2,14,1,12,2,"US-59                         ","                              ",91,29.72419167,-95.49050278,0,12,6,0,1,1,1,0,3,10,0,10,0,"0000000",88,88,88,88,88,88,0,0,0,1,1
48,481039,1,1,0,1,1,1,1,453,330,27,5,2011,6,5,12,0,16,5,"EXPOSITION BLVD               ","                              ",0,30.29145556,-97.77156667,0,8,0,0,1,1,1,0,3,1,0,1,0,"0000000",88,88,88,88,88,88,0,0,0,1,0
48,481040,2,2,0,0,0,4,4,35,0,28,5,2011,7,21,45,0,6,4,"1304                          ","                              ",0,32.04373333,-97.26155556,0,12,2,0,1,1,1,0,2,10,0,10,0,"0000000",88,88,88,88,88,88,0,0,0,1,1
48,481041,1,1,0,0,0,4,4,71,0,28,5,2011,7,16,1,1,1,1,"I-10                          ","                              ",2,29.85955278,-94.35615556,0,1,0,0,1,1,10,0,1,1,0,1,0,"0000000",16,4,16,20,16,40,0,0,0,1,0
48,481042,3,3,0,0,0,6,6,453,330,28,5,2011,7,2,25,1,12,7,"SR-71                         ","WOODWARD ST                   ",55,30.21660556,-97.74399444,0,12,6,0,2,2,1,0,3,10,0,10,0,"0000000",88,88,88,88,88,88,0,0,0,2,1
48,481043,1,1,0,0,0,1,1,459,0,28,5,2011,7,22,5,0,4,3,"SR-154                        ","                              ",167,32.70720833,-94.87472222,0,59,0,0,1,1,4,0,2,1,0,1,0,"0000000",88,88,88,88,88,88,0,0,0,1,1
48,481044,1,1,0,0,0,6,6,475,0,28,5,2011,7,10,4,1,1,1,"I-20                          ","                              ",195,31.53508056,-103.08936111,0,1,0,0,1,1,3,0,1,1,0,1,0,"0000000",10,1,10,13,10,20,0,0,0,1,0
48,481046,1,1,0,0,0,7,7,25,0,29,5,2011,1,17,55,1,2,2,"US-181                        ","                              ",148,28.29135833,-97.69476389,0,1,0,0,1,1,3,0,1,1,0,1,0,"0000000",99,99,99,99,99,99,0,0,0,2,0
48,481047,1,1,0,0,0,4,4,201,3280,29,5,2011,1,1,40,0,16,5,"YALE ST                       ","PATRICK ST                    ",0,29.84925278,-95.40299444,0,1,0,0,3,1,4,0,3,1,0,1,0,"0000000",1,44,1,49,2,19,0,0,0,1,1
48,481049,1,1,0,0,0,1,1,221,2780,29,5,2011,1,21,59,0,4,8,"FM-51                         ","                              ",28,32.42064722,-97.81503611,0,59,0,0,1,1,4,0,2,1,0,1,0,"0000000",22,5,22,11,22,49,0,0,0,1,1
48,481050,1,1,0,0,0,1,1,299,0,29,5,2011,1,3,40,0,4,3,"SR-16                         ","                              ",20,30.897675,-98.66730556,0,35,0,0,1,1,4,0,2,1,0,1,0,"0000000",88,88,88,88,88,88,0,0,0,1,1
48,481051,1,1,0,0,0,1,1,313,0,29,5,2011,1,19,54,0,3,3,"SR-90                         ","                              ",39,30.89802778,-95.92145833,0,42,0,0,1,1,4,0,1,1,0,1,0,"0000000",88,88,88,88,88,88,0,0,0,1,1
48,481052,1,1,0,0,0,2,2,321,0,29,5,2011,1,19,30,0,6,4,"218                           ","                              ",0,28.93725556,-95.91819722,0,38,0,0,1,1,4,0,1,1,0,1,0,"0000000",19,32,19,44,20,15,0,0,0,1,1
48,481053,1,1,0,0,0,4,4,423,0,29,5,2011,1,0,50,0,6,4,"1141                          ","                              ",0,32.32380278,-95.40671389,0,42,0,0,1,1,4,0,2,1,0,1,0,"0000000",99,99,99,99,1,30,0,0,0,1,1
48,481054,3,3,0,0,0,10,10,167,0,30,5,2011,2,13,12,1,11,1,"I-45                          ","                              ",165,29.32346667,-94.92457778,0,12,7,0,1,1,1,0,1,1,0,1,0,"0000000",13,16,13,35,13,51,0,0,0,1,0
48,481055,1,1,0,0,0,3,3,327,0,30,5,2011,2,13,29,0,3,2,"US-83                         ","                              ",30,31.04230833,-99.82104722,0,1,0,0,1,1,1,0,1,1,0,1,0,"0000000",13,29,13,42,14,40,0,0,0,1,0
48,481056,1,1,0,0,0,1,1,479,3899,30,5,2011,2,6,3,1,11,1,"I-35                          ","                              ",42,27.55404167,-99.50356944,0,30,0,0,1,1,10,0,3,1,0,1,0,"0000000",88,88,88,88,88,88,0,0,0,1,0
48,481057,2,2,0,0,0,2,2,29,0,31,5,2011,3,11,45,0,5,8,"FM1303                        ","                              ",10,29.20964722,-98.34904167,0,12,2,0,1,1,1,0,1,1,0,1,0,"0000000",88,88,88,88,88,88,0,0,0,1,0
48,481058,2,2,0,0,0,2,2,121,2395,31,5,2011,3,21,36,1,13,8,"FM2499                        ","                              ",5,33.06510278,-97.08022222,0,12,6,0,8,1,1,0,2,1,0,1,0,"0000000",21,38,21,43,21,59,0,0,0,1,0
48,481059,1,1,0,0,0,1,1,121,255,1,6,2011,4,21,36,0,14,8,"FM407                         ","                              ",93,33.104575,-97.14808056,0,38,0,0,1,1,4,0,2,1,0,1,0,"0000000",88,88,88,88,88,88,0,0,0,1,1
48,481060,1,1,0,0,0,1,1,367,0,1,6,2011,4,2,30,0,14,8,"FM2421                        ","                              ",178,32.78717778,-97.80886944,0,42,0,0,1,1,4,0,2,1,0,1,0,"0000000",88,88,88,88,88,88,0,0,0,1,1
48,481061,2,2,0,0,0,6,6,395,0,1,6,2011,4,17,20,1,2,2,"US-190                        ","                              ",27,30.85785833,-96.57553611,0,12,6,0,1,1,1,0,1,10,0,10,0,"0000000",17,22,17,44,18,17,0,0,0,1,0
48,481062,2,2,0,0,0,3,3,439,260,1,6,2011,4,10,48,1,13,8,"SPUR 303                      ","COLLINS                       ",184,32.70796944,-97.09756667,0,12,2,0,2,2,1,0,1,1,0,1,0,"0000000",99,99,99,99,99,99,0,0,0,1,0
48,481063,1,1,0,0,0,3,3,21,0,2,6,2011,5,16,26,1,2,2,"US-290                        ","                              ",126,30.25901667,-97.22851667,0,32,0,0,1,1,4,0,1,1,0,1,0,"0000000",16,33,16,49,17,35,0,0,0,1,0
48,481064,1,1,0,0,0,1,1,27,0,2,6,2011,5,17,52,0,6,4,"OAKALLA                       ","                              ",0,31.02989167,-97.87705,0,1,0,0,1,1,4,0,1,1,0,1,0,"0000000",99,99,99,99,99,99,0,0,0,1,0
48,481065,3,3,0,0,0,3,3,407,0,2,6,2011,5,21,6,0,4,8,"FM 3278                       ","CEDAR VALLEY RD               ",15,30.60619444,-95.05389444,0,12,6,0,3,3,1,0,2,1,0,1,0,"0000000",99,99,99,99,99,99,0,0,0,1,1
48,481066,1,1,0,0,0,1,1,439,2850,2,6,2011,5,2,34,1,12,7,"SR-121                        ","                              ",99,32.90928889,-97.10031667,0,1,0,0,1,1,4,1,3,1,0,1,0,"0000000",88,88,88,88,88,88,0,0,0,1,0
48,481067,1,1,0,0,0,1,1,439,6485,2,6,2011,5,20,45,0,16,5,"KINGSWOOD DR                  ","LAKEVIEW DR                   ",0,32.95461944,-97.18066111,0,38,0,0,3,3,4,0,2,1,0,1,0,"0000000",20,49,21,13,21,32,0,0,0,1,0
48,481068,3,2,1,0,0,2,2,467,2100,2,6,2011,5,13,0,0,3,2,"US-80                         ","FM 1504                       ",109,32.69602778,-95.89008333,0,12,1,0,3,4,1,0,1,1,0,1,0,"0000000",88,88,88,88,88,88,0,0,0,1,0
48,481069,2,2,0,0,0,2,2,21,0,3,6,2011,6,5,30,1,2,3,"SR-21                         ","FM 20                         ",117,30.11081111,-97.37300833,0,12,6,0,2,3,1,0,2,10,0,10,0,"0000000",99,99,99,99,99,99,0,0,0,1,1
48,481070,3,3,0,0,0,8,8,113,2800,3,6,2011,6,23,34,1,11,1,"I-30                          ","                              ",4,32.75966667,-97.02804722,0,12,1,1,18,1,1,1,3,1,0,1,0,"0000000",99,99,99,99,99,99,0,0,0,1,1
48,481071,1,1,0,0,0,1,1,141,2190,3,6,2011,6,1,10,1,11,1,"I-10RAMP                      ","                              ",238,31.77729444,-106.42994444,0,21,0,1,5,1,10,0,3,1,0,1,0,"0000000",88,88,88,88,88,88,0,0,0,1,1
48,481072,2,2,0,0,0,2,2,199,0,3,6,2011,6,0,45,1,12,2,"US-69                         ","                              ",20,30.19141389,-94.18924444,0,12,2,0,1,1,1,0,2,1,0,1,0,"0000000",0,45,0,54,1,47,0,0,0,1,1
48,481583,1,1,0,0,0,1,1,201,3280,4,8,2011,5,7,35,1,12,2,"US-59                         ","                              ",80,29.72598611,-95.47821667,0,1,0,0,1,1,1,0,1,1,0,1,0,"0000000",88,88,88,88,88,88,0,0,0,1,0
48,481584,1,1,0,1,1,1,1,29,390,5,8,2011,6,22,25,1,11,1,"I-10                          ","                              ",192,29.49225278,-98.54695,0,8,0,0,1,1,1,0,3,1,0,1,0,"0000000",88,88,88,88,88,88,19,0,0,1,0
48,481585,2,2,0,0,0,4,4,121,0,6,8,2011,7,11,59,0,3,2,"US-377                        ","                              ",1,33.23474722,-97.01482778,0,12,6,0,1,1,1,0,1,1,0,1,0,"0000000",12,0,12,18,12,36,0,0,0,1,0
48,481586,1,1,0,1,1,1,1,167,2570,6,8,2011,7,22,6,1,13,3,"SR-87                         ","39TH ST                       ",51,29.29518889,-94.81033333,0,8,0,0,2,2,1,0,3,1,0,1,0,"0000000",88,88,88,88,88,88,0,0,0,1,0
48,481588,1,1,0,1,1,3,3,183,4080,7,8,2011,1,5,50,0,16,5,"MAGNOLIA LN                   ","                              ",0,32.53204444,-94.74660278,0,8,0,0,1,1,1,0,4,1,0,1,0,"0000000",5,50,5,56,6,12,0,0,0,1,0
48,481589,1,1,0,0,0,2,2,159,0,8,8,2011,2,0,45,1,1,1,"I-30                          ","                              ",82,33.16243889,-95.16941111,0,1,0,0,1,1,10,0,2,1,0,1,0,"0000000",99,99,99,99,99,99,0,0,0,1,1
48,481590,2,2,0,0,0,1,1,203,0,8,8,2011,2,2,20,1,1,1,"I-20                          ","                              ",33,32.46299167,-94.64670833,0,12,11,0,1,1,1,0,2,1,0,1,0,"0000000",88,88,88,88,88,88,19,0,0,1,0
48,481591,1,1,0,0,0,1,1,73,0,9,8,2011,3,22,50,0,6,4,"1301                          ","                              ",0,31.81775833,-95.12103056,0,35,0,0,1,1,4,0,2,1,0,1,0,"0000000",88,88,88,88,88,88,0,0,0,1,1
48,481592,2,2,0,0,0,3,3,381,0,10,8,2011,4,21,30,1,13,8,"SL335                         ","TRADEWIND ST                  ",83,35.12025833,-101.83071389,0,12,6,0,2,2,1,0,2,1,0,1,0,"0000000",99,99,99,99,99,99,0,0,0,1,0
48,481593,1,1,0,0,0,1,1,439,260,10,8,2011,4,22,30,0,16,5,"EDEN RD                       ","                              ",0,32.63365556,-97.18202222,0,1,0,0,1,1,4,0,3,1,0,1,0,"0000000",88,88,88,88,88,88,0,0,0,1,0
48,481594,2,2,0,0,0,2,2,169,0,11,8,2011,5,18,20,1,2,2,"US-84                         ","SS45                          ",0,33.35963056,-101.55630833,0,12,6,0,2,2,1,0,2,1,0,1,0,"0000000",18,22,18,43,19,8,0,0,0,1,0
48,481595,2,2,0,0,0,5,5,201,0,11,8,2011,5,10,10,0,6,4,"HUFSMITH KOHRVILLE            ","LACEY RD                      ",0,30.03689722,-95.58833889,0,12,6,0,2,2,1,0,1,1,0,1,0,"0000000",10,15,10,25,11,7,0,0,0,1,0
48,481596,1,1,0,0,0,1,1,353,0,11,8,2011,5,15,59,1,1,1,"I-20                          ","104                           ",87,32.437725,-100.51811944,0,24,0,1,18,1,3,0,1,1,0,1,0,"0000000",16,7,16,46,17,24,0,0,0,1,0
48,481597,2,2,0,0,0,3,3,439,260,11,8,2011,5,1,19,1,11,1,"I-30                          ","                              ",269,32.75966111,-97.10223333,0,12,1,0,1,1,1,0,3,1,0,1,0,"0000000",1,19,1,24,1,52,0,0,0,1,0
48,481598,1,1,0,0,0,1,1,245,490,12,8,2011,6,0,25,1,1,7,"I-10                          ","                              ",35,30.06984722,-94.13516111,0,33,0,0,1,1,4,0,2,1,0,1,0,"0000000",0,26,0,33,0,53,0,0,0,1,1
48,481599,2,2,0,0,0,6,6,363,0,12,8,2011,6,18,10,0,3,2,"US-281                        ","                              ",100,32.862575,-98.09323333,0,12,1,0,1,1,1,0,1,1,0,1,0,"0000000",18,23,19,0,19,28,0,0,0,2,0
48,481600,1,1,0,0,0,1,1,19,0,13,8,2011,7,15,6,1,2,3,"SR-16                         ","                              ",56,29.74459444,-99.00098889,0,53,0,0,1,1,4,0,1,1,0,1,0,"0000000",88,88,88,88,88,88,0,0,0,1,1
48,481601,1,1,0,0,0,1,1,201,0,13,8,2011,7,0,1,0,6,4,"CYPRESSWOOD DR                ","                              ",0,29.98156389,-95.565825,0,1,0,0,1,1,3,0,2,1,0,1,0,"0000000",99,99,99,99,99,99,0,0,0,1,1
48,481602,1,1,0,1,1,1,1,113,1730,14,8,2011,1,22,5,0,16,5,"JEFFERSON BLVD                ","MERRIFIELD RD                 ",0,32.74804167,-96.92347778,0,8,0,0,2,2,1,0,3,1,0,1,0,"0000000",22,9,22,17,22,31,0,0,0,1,0
48,481603,1,1,0,1,1,1,1,113,3420,14,8,2011,1,2,4,1,12,7,"SR-183                        ","                              ",88,32.83484722,-96.89993611,0,8,0,0,1,1,1,0,2,1,0,1,0,"0000000",2,5,2,11,2,37,0,0,0,1,0
48,481604,1,1,0,0,0,1,1,113,3420,14,8,2011,1,8,54,1,11,1,"I-635                         ","                              ",37,32.91474722,-96.9526,0,1,0,1,19,1,10,1,1,1,0,1,0,"0000000",8,54,9,0,9,12,0,0,0,1,1
48,481605,1,1,0,0,0,1,1,355,1550,14,8,2011,1,2,42,0,16,5,"KING TRL                      ","                              ",0,27.64851667,-97.40956111,0,53,0,0,1,1,4,0,3,10,0,10,0,"0000000",2,44,2,51,3,14,0,0,0,1,0
48,481606,2,2,0,0,0,3,3,439,260,14,8,2011,1,16,13,1,13,8,"FM 157                        ","                              ",127,32.75297778,-97.097275,0,12,6,0,8,1,1,0,1,1,0,1,0,"0000000",16,13,16,24,16,49,0,0,0,1,1
48,481607,2,2,0,0,0,2,2,373,0,15,8,2011,2,14,24,1,2,2,"US-59                         ","                              ",360,30.64844167,-94.94495556,0,12,6,0,8,1,1,0,1,1,0,1,0,"0000000",88,88,88,88,88,88,0,0,0,1,0
48,481608,1,1,0,0,0,1,1,497,1780,15,8,2011,2,12,12,0,15,2,"US-81                         ","                              ",23,33.21265278,-97.57980278,0,32,0,0,1,1,4,0,1,1,0,1,0,"0000000",88,88,88,88,88,88,0,0,0,1,0
48,481609,1,1,0,0,0,1,1,157,6660,16,8,2011,3,14,13,0,16,5,"DULLES                        ","                              ",0,29.59500278,-95.582075,0,42,0,0,1,1,3,0,1,1,0,1,0,"0000000",14,40,15,0,15,16,0,0,0,1,0
48,481610,2,2,0,0,0,5,5,201,0,16,8,2011,3,17,0,0,6,4,"LOUETTA RD                    ","                              ",0,30.03458056,-95.49911944,0,12,6,0,1,1,1,0,1,1,0,1,0,"0000000",17,1,17,16,17,53,0,0,0,2,0
48,481611,1,1,0,1,1,1,1,201,0,17,8,2011,4,4,45,1,11,1,"I-10RAMP                      ","                              ",432,29.78431111,-95.10921944,0,8,0,0,5,1,1,0,2,1,0,1,0,"0000000",88,88,88,88,88,88,0,0,0,1,0
48,481612,1,1,0,1,1,1,1,241,2258,17,8,2011,4,8,4,0,4,8,"FM 105                        ","                              ",16,30.33465278,-94.07364722,0,8,0,0,1,1,2,1,1,1,0,1,0,"0000000",88,88,88,88,88,88,0,0,0,1,0
48,481613,2,2,0,0,0,3,3,211,0,18,8,2011,5,14,10,0,3,2,"US-83                         ","SR-33                         ",221,35.806075,-100.39848611,0,12,6,1,2,2,1,0,1,1,0,1,0,"0000000",88,88,88,88,88,88,0,0,0,1,0
48,481614,1,1,0,0,0,2,2,439,2255,18,8,2011,5,22,4,1,13,8,"FM 157                        ","                              ",68,32.83863889,-97.09996667,0,33,0,0,1,1,3,0,3,1,0,1,0,"0000000",22,8,22,13,22,28,0,0,0,1,1
48,481615,2,2,0,0,0,4,4,29,6090,19,8,2011,6,23,16,1,11,1,"I-410                         ","                              ",179,29.51117778,-98.53660833,0,12,1,0,1,1,1,0,3,1,0,1,0,"0000000",23,15,23,24,23,43,0,0,0,1,0
48,481616,1,1,0,0,0,2,2,201,0,20,8,2011,7,21,32,0,16,8,"ANTOINE DR                    ","OLD WALTERS RD                ",0,29.96449722,-95.47137778,0,31,0,0,1,1,4,0,2,1,0,1,0,"0000000",21,34,21,41,22,15,0,0,0,1,0